AXTR000
HFDTE240421
HFFXA100
HFPLTPILOTINCHARGE:
HFCM2CREW2:
HFGTYGLIDERTYPE:
HFGIDGLIDERID:
HFDTM100GPSDATUM:WGS84
HFRFWFIRMWAREREVISION:XC_Tracer_Maxx_R06
HFRHWHARDWAREVERSION:1.0
HFFTYFRTYPE:XC_Tracer_Maxx
HFGPSRECV:u-Blox,ZOE-M8B,22,9999
HFPRSPRESSALTSENSOR:STMicroelectronics,LPS22H,9999
HFALG:GEO
HFALP:ISA
B1049274732243N01013083EA0131101414
B1049284732246N01013087EA0131001415
B1049294732248N01013090EA0131201416
B1049304732251N01013092EA0131501415
B1049314732253N01013093EA0131601414
B1049324732256N01013093EA0131601413
B1049334732258N01013094EA0131201408
B1049344732261N01013095EA0131001406
B1049354732265N01013098EA0130801405
B1049364732269N01013101EA0130701404
B1049374732273N01013106EA0130601405
B1049384732276N01013111EA0130601404
B1049394732279N01013114EA0130501403
B1049404732282N01013118EA0130401402
B1049414732285N01013123EA0130101399
B1049424732287N01013129EA0130101399
B1049434732289N01013136EA0130101400
B1049444732290N01013143EA0130201400
B1049454732292N01013149EA0130301401
B1049464732293N01013154EA0130401401
B1049474732292N01013159EA0130401401
B1049484732292N01013165EA0130501400
B1049494732292N01013170EA0130401400
B1049504732294N01013175EA0130301400
B1049514732295N01013180EA0130201400
B1049524732296N01013186EA0130101399
B1049534732297N01013193EA0130101400
B1049544732298N01013199EA0130101400
B1049554732299N01013205EA0130301402
B1049564732299N01013210EA0130601403
B1049574732300N01013214EA0130901404
B1049584732301N01013217EA0131101404
B1049594732302N01013219EA0131101404
B1050004732303N01013219EA0131201405
B1050014732305N01013221EA0131201405
B1050024732307N01013222EA0131401405
B1050034732308N01013223EA0131401405
B1050044732310N01013224EA0131501405
B1050054732311N01013225EA0131401404
B1050064732313N01013226EA0131301403
B1050074732317N01013227EA0131301405
B1050084732319N01013227EA0131501406
B1050094732322N01013226EA0131701407
B1050104732324N01013223EA0131901407
B1050114732326N01013219EA0132101408
B1050124732327N01013214EA0132301408
B1050134732328N01013211EA0132501409
B1050144732329N01013207EA0132701410
B1050154732330N01013204EA0133001411
B1050164732332N01013201EA0133301413
B1050174732332N01013198EA0133601415
B1050184732332N01013193EA0133901416
B1050194732332N01013188EA0134201418
B1050204732331N01013183EA0134501420
B1050214732329N01013176EA0134801422
B1050224732327N01013170EA0135201425
B1050234732324N01013164EA0135501427
B1050244732320N01013157EA0135801430
B1050254732316N01013152EA0136101432
B1050264732310N01013147EA0136301433
B1050274732304N01013144EA0136601435
B1050284732298N01013144EA0136901436
B1050294732292N01013147EA0137101439
B1050304732288N01013152EA0137301441
B1050314732285N01013158EA0137601444
B1050324732284N01013163EA0137801447
B1050334732284N01013167EA0138201451
B1050344732285N01013170EA0138601454
B1050354732286N01013171EA0138801458
B1050364732288N01013172EA0139101462
B1050374732289N01013172EA0139501465
B1050384732290N01013171EA0139801468
B1050394732292N01013170EA0140101472
B1050404732293N01013168EA0140501476
B1050414732295N01013164EA0140801479
B1050424732295N01013159EA0141201481
B1050434732294N01013153EA0141401483
B1050444732292N01013146EA0141701486
B1050454732288N01013140EA0142001489
B1050464732284N01013136EA0142401492
B1050474732278N01013135EA0142701494
B1050484732272N01013136EA0142901497
B1050494732266N01013138EA0143101500
B1050504732262N01013142EA0143201502
B1050514732259N01013147EA0143401505
B1050524732256N01013153EA0143701508
B1050534732255N01013159EA0144101511
B1050544732255N01013164EA0144401515
B1050554732257N01013167EA0144601517
B1050564732258N01013168EA0144801519
B1050574732261N01013167EA0145001523
B1050584732264N01013166EA0145201525
B1050594732267N01013166EA0145601528
B1051004732272N01013164EA0145801532
B1051014732276N01013162EA0146101536
B1051024732280N01013160EA0146501538
B1051034732283N01013156EA0147001542
B1051044732285N01013153EA0147101544
B1051054732286N01013149EA0147201546
B1051064732287N01013144EA0147101548
B1051074732288N01013139EA0147101549
B1051084732287N01013134EA0147001551
B1051094732285N01013129EA0147001553
B1051104732282N01013125EA0147001553
B1051114732278N01013125EA0146901554
B1051124732273N01013128EA0146801554
B1051134732270N01013134EA0146701556
B1051144732267N01013142EA0146801557
B1051154732265N01013151EA0147201561
B1051164732264N01013159EA0147801564
B1051174732263N01013166EA0147901565
B1051184732263N01013172EA0147801565
B1051194732263N01013179EA0147501565
B1051204732264N01013187EA0147201566
B1051214732265N01013196EA0147001565
B1051224732267N01013204EA0146801565
B1051234732270N01013211EA0146601566
B1051244732273N01013216EA0146501566
B1051254732276N01013220EA0146501567
B1051264732278N01013223EA0146301566
B1051274732282N01013224EA0146001566
B1051284732285N01013225EA0145601564
B1051294732289N01013225EA0145201562
B1051304732291N01013224EA0145001562
B1051314732294N01013222EA0144701562
B1051324732295N01013219EA0144301558
B1051334732297N01013214EA0143701557
B1051344732298N01013209EA0143301555
B1051354732298N01013202EA0142901554
B1051364732298N01013197EA0142701551
B1051374732297N01013192EA0142601548
B1051384732297N01013188EA0142301546
B1051394732298N01013184EA0141901543
B1051404732300N01013180EA0141401541
B1051414732302N01013175EA0140901538
B1051424732304N01013170EA0140501535
B1051434732306N01013165EA0140101532
B1051444732309N01013161EA0139701529
B1051454732312N01013158EA0139401527
B1051464732316N01013156EA0139101525
B1051474732319N01013153EA0138901524
B1051484732322N01013151EA0138701522
B1051494732324N01013150EA0138301520
B1051504732328N01013150EA0138001518
B1051514732331N01013151EA0137801514
B1051524732335N01013152EA0137501513
B1051534732339N01013154EA0137301511
B1051544732342N01013155EA0137101509
B1051554732345N01013157EA0137001507
B1051564732348N01013159EA0136801504
B1051574732352N01013161EA0136401501
B1051584732355N01013164EA0136101498
B1051594732359N01013167EA0135601496
B1052004732363N01013170EA0135301492
B1052014732368N01013173EA0135001490
B1052024732372N01013176EA0134801488
B1052034732376N01013179EA0134601486
B1052044732381N01013182EA0134501483
B1052054732384N01013184EA0134401481
B1052064732387N01013186EA0134301479
B1052074732390N01013186EA0134301476
B1052084732393N01013185EA0134301474
B1052094732396N01013184EA0134301472
B1052104732399N01013183EA0134101470
B1052114732402N01013182EA0134101467
B1052124732404N01013181EA0134001466
B1052134732407N01013182EA0133801464
B1052144732410N01013183EA0133501462
B1052154732414N01013185EA0133301460
B1052164732418N01013187EA0133101458
B1052174732422N01013189EA0133201456
B1052184732425N01013191EA0133301456
B1052194732427N01013192EA0133501456
B1052204732430N01013192EA0133601454
B1052214732433N01013191EA0133701453
B1052224732435N01013190EA0133801452
B1052234732438N01013188EA0133901451
B1052244732441N01013186EA0134001450
B1052254732444N01013184EA0134101449
B1052264732447N01013181EA0134101448
B1052274732449N01013178EA0134101448
B1052284732452N01013176EA0134301447
B1052294732455N01013174EA0134301446
B1052304732457N01013173EA0134301445
B1052314732460N01013175EA0134201443
B1052324732463N01013177EA0134001443
B1052334732466N01013180EA0133901441
B1052344732469N01013182EA0134001441
B1052354732472N01013185EA0134201441
B1052364732473N01013188EA0134401442
B1052374732473N01013193EA0134601441
B1052384732473N01013197EA0134601441
B1052394732472N01013203EA0134501442
B1052404732468N01013209EA0134501442
B1052414732464N01013214EA0134701443
B1052424732459N01013218EA0135001445
B1052434732454N01013219EA0135301445
B1052444732448N01013219EA0135501447
B1052454732443N01013216EA0135801447
B1052464732439N01013212EA0136001447
B1052474732435N01013207EA0136101447
B1052484732433N01013200EA0136101447
B1052494732431N01013194EA0136101448
B1052504732430N01013188EA0136201447
B1052514732431N01013183EA0136201447
B1052524732433N01013180EA0136101447
B1052534732436N01013177EA0136001445
B1052544732439N01013176EA0135901445
B1052554732443N01013177EA0135801445
B1052564732447N01013178EA0135701446
B1052574732450N01013180EA0135801446
B1052584732452N01013184EA0135801446
B1052594732452N01013190EA0135801446
B1053004732452N01013196EA0135701446
B1053014732451N01013203EA0135601446
B1053024732450N01013210EA0135501446
B1053034732447N01013216EA0135401446
B1053044732443N01013222EA0135301445
B1053054732438N01013228EA0135201446
B1053064732433N01013233EA0135201446
B1053074732428N01013236EA0135301447
B1053084732421N01013238EA0135401447
B1053094732415N01013238EA0135601448
B1053104732409N01013236EA0135701449
B1053114732403N01013232EA0135901450
B1053124732399N01013227EA0136101450
B1053134732396N01013221EA0136201451
B1053144732393N01013214EA0136201452
B1053154732392N01013207EA0136301454
B1053164732392N01013200EA0136401454
B1053174732393N01013196EA0136401456
B1053184732395N01013191EA0136401456
B1053194732397N01013188EA0136601457
B1053204732399N01013187EA0136701457
B1053214732402N01013190EA0136601457
B1053224732404N01013195EA0136301457
B1053234732405N01013202EA0136101456
B1053244732405N01013209EA0136001455
B1053254732405N01013216EA0136001456
B1053264732403N01013223EA0136001456
B1053274732401N01013230EA0136001456
B1053284732397N01013235EA0136001456
B1053294732393N01013241EA0135901457
B1053304732388N01013246EA0135901456
B1053314732382N01013249EA0135901456
B1053324732374N01013251EA0135901456
B1053334732367N01013250EA0136001456
B1053344732360N01013247EA0136101456
B1053354732354N01013242EA0136301456
B1053364732349N01013236EA0136401457
B1053374732345N01013231EA0136501456
B1053384732341N01013226EA0136601457
B1053394732338N01013221EA0136701458
B1053404732336N01013217EA0136601458
B1053414732335N01013212EA0136601458
B1053424732336N01013208EA0136601458
B1053434732337N01013205EA0136601459
B1053444732338N01013203EA0136601459
B1053454732340N01013202EA0136701459
B1053464732342N01013201EA0136701460
B1053474732344N01013200EA0136801461
B1053484732346N01013199EA0136801461
B1053494732348N01013198EA0136701461
B1053504732350N01013198EA0136501459
B1053514732353N01013196EA0136301458
B1053524732355N01013194EA0136101457
B1053534732358N01013192EA0136001457
B1053544732361N01013190EA0135901456
B1053554732364N01013187EA0135901456
B1053564732367N01013185EA0136001456
B1053574732369N01013184EA0136101457
B1053584732371N01013182EA0136201457
B1053594732373N01013182EA0136301457
B1054004732375N01013181EA0136301458
B1054014732378N01013182EA0136201458
B1054024732380N01013183EA0136201458
B1054034732382N01013184EA0136101459
B1054044732385N01013185EA0136201459
B1054054732387N01013187EA0136301459
B1054064732388N01013191EA0136401459
B1054074732389N01013195EA0136601460
B1054084732390N01013200EA0136801461
B1054094732392N01013203EA0137101461
B1054104732392N01013208EA0137201462
B1054114732392N01013214EA0137401462
B1054124732392N01013220EA0137401463
B1054134732390N01013228EA0137701465
B1054144732387N01013235EA0137801465
B1054154732382N01013239EA0137701464
B1054164732376N01013239EA0137501463
B1054174732369N01013236EA0137501464
B1054184732363N01013232EA0137801467
B1054194732360N01013226EA0138101469
B1054204732358N01013220EA0138301473
B1054214732358N01013215EA0138601475
B1054224732358N01013210EA0138901476
B1054234732359N01013206EA0139201477
B1054244732361N01013204EA0139301478
B1054254732363N01013204EA0139301478
B1054264732367N01013206EA0139401479
B1054274732370N01013211EA0139601480
B1054284732371N01013219EA0139701481
B1054294732369N01013227EA0139701482
B1054304732365N01013234EA0139801483
B1054314732359N01013238EA0139801483
B1054324732352N01013239EA0140101484
B1054334732347N01013237EA0140301485
B1054344732344N01013233EA0140501486
B1054354732341N01013229EA0140601487
B1054364732340N01013223EA0140801488
B1054374732339N01013218EA0141101490
B1054384732341N01013214EA0141201491
B1054394732344N01013212EA0141201491
B1054404732348N01013213EA0141101493
B1054414732351N01013218EA0141301495
B1054424732353N01013224EA0141301496
B1054434732353N01013232EA0141301497
B1054444732351N01013240EA0141301497
B1054454732348N01013246EA0141301498
B1054464732343N01013251EA0141401499
B1054474732338N01013253EA0141301499
B1054484732332N01013252EA0141301499
B1054494732327N01013251EA0141301499
B1054504732323N01013247EA0141401500
B1054514732320N01013243EA0141601500
B1054524732317N01013238EA0141801503
B1054534732316N01013233EA0142001504
B1054544732315N01013229EA0142201505
B1054554732316N01013225EA0142401507
B1054564732318N01013223EA0142501508
B1054574732321N01013222EA0142501508
B1054584732324N01013222EA0142501508
B1054594732328N01013225EA0142501509
B1055004732331N01013229EA0142401509
B1055014732333N01013235EA0142201508
B1055024732334N01013243EA0142101508
B1055034732334N01013251EA0142101509
B1055044732332N01013259EA0142101509
B1055054732330N01013266EA0142101508
B1055064732326N01013272EA0142001508
B1055074732322N01013277EA0141801507
B1055084732316N01013279EA0141501505
B1055094732311N01013280EA0141301504
B1055104732305N01013277EA0141101504
B1055114732300N01013274EA0141001504
B1055124732295N01013269EA0140901503
B1055134732290N01013264EA0140901503
B1055144732286N01013258EA0140901503
B1055154732281N01013253EA0141001503
B1055164732278N01013248EA0141401505
B1055174732275N01013245EA0141601507
B1055184732273N01013241EA0141901508
B1055194732271N01013237EA0142101509
B1055204732270N01013234EA0142501511
B1055214732269N01013230EA0142501512
B1055224732269N01013228EA0142501512
B1055234732269N01013226EA0142301512
B1055244732271N01013225EA0142101511
B1055254732273N01013226EA0142001510
B1055264732276N01013228EA0141801510
B1055274732279N01013231EA0141801510
B1055284732281N01013234EA0141801510
B1055294732284N01013238EA0141701510
B1055304732286N01013242EA0141601510
B1055314732288N01013246EA0141401509
B1055324732290N01013252EA0141201508
B1055334732292N01013259EA0141101506
B1055344732291N01013267EA0140901505
B1055354732289N01013276EA0140801504
B1055364732285N01013283EA0140601501
B1055374732280N01013290EA0140301499
B1055384732274N01013295EA0140101499
B1055394732267N01013297EA0140001498
B1055404732260N01013297EA0140101497
B1055414732254N01013294EA0139901497
B1055424732249N01013291EA0139801496
B1055434732246N01013287EA0139801497
B1055444732244N01013283EA0139801497
B1055454732243N01013279EA0140001498
B1055464732241N01013276EA0140101497
B1055474732240N01013274EA0140101497
B1055484732239N01013272EA0140101496
B1055494732239N01013269EA0139801495
B1055504732239N01013265EA0139801495
B1055514732239N01013262EA0140001495
B1055524732240N01013260EA0139901495
B1055534732240N01013258EA0140001494
B1055544732240N01013257EA0139901493
B1055554732242N01013255EA0139701492
B1055564732244N01013254EA0139601492
B1055574732246N01013252EA0139401492
B1055584732249N01013250EA0139401492
B1055594732252N01013248EA0139301491
B1056004732255N01013247EA0139201490
B1056014732257N01013247EA0139201489
B1056024732260N01013247EA0139101489
B1056034732263N01013247EA0138901489
B1056044732267N01013249EA0138801488
B1056054732270N01013252EA0138801486
B1056064732273N01013256EA0138701485
B1056074732275N01013259EA0138701484
B1056084732277N01013263EA0138601483
B1056094732281N01013266EA0138601483
B1056104732283N01013269EA0138601483
B1056114732286N01013272EA0138601483
B1056124732288N01013275EA0138701484
B1056134732290N01013278EA0138601483
B1056144732292N01013281EA0138601481
B1056154732294N01013285EA0138601481
B1056164732296N01013288EA0138601480
B1056174732298N01013291EA0138701479
B1056184732300N01013294EA0138701480
B1056194732302N01013296EA0138701480
B1056204732303N01013299EA0138701480
B1056214732305N01013301EA0138701480
B1056224732307N01013304EA0138701481
B1056234732309N01013306EA0138601480
B1056244732311N01013309EA0138601479
B1056254732313N01013312EA0138501478
B1056264732315N01013315EA0138401477
B1056274732316N01013321EA0138401476
B1056284732318N01013329EA0138501478
B1056294732320N01013337EA0138801480
B1056304732321N01013344EA0139101480
B1056314732323N01013349EA0139301481
B1056324732325N01013352EA0139201482
B1056334732327N01013355EA0139101481
B1056344732329N01013357EA0138901480
B1056354732332N01013359EA0138701479
B1056364732334N01013361EA0138601478
B1056374732337N01013362EA0138401477
B1056384732339N01013362EA0138301476
B1056394732341N01013362EA0138201475
B1056404732344N01013362EA0138101475
B1056414732346N01013363EA0138101474
B1056424732349N01013363EA0138201474
B1056434732351N01013362EA0138201474
B1056444732353N01013360EA0138201474
B1056454732354N01013357EA0138001473
B1056464732355N01013353EA0137901473
B1056474732355N01013349EA0138001473
B1056484732354N01013344EA0137901473
B1056494732354N01013339EA0137901473
B1056504732353N01013333EA0137901472
B1056514732352N01013328EA0137901472
B1056524732351N01013322EA0137901472
B1056534732350N01013316EA0137901472
B1056544732349N01013310EA0137901471
B1056554732349N01013304EA0137901472
B1056564732349N01013299EA0138001471
B1056574732348N01013295EA0138001471
B1056584732348N01013291EA0138001471
B1056594732348N01013287EA0138101471
B1057004732347N01013283EA0138101471
B1057014732346N01013279EA0138001471
B1057024732345N01013274EA0137901470
B1057034732344N01013269EA0137701469
B1057044732343N01013263EA0137601468
B1057054732342N01013257EA0137501467
B1057064732341N01013251EA0137401466
B1057074732340N01013244EA0137301466
B1057084732340N01013239EA0137301465
B1057094732339N01013233EA0137201465
B1057104732339N01013228EA0137201464
B1057114732339N01013223EA0137001463
B1057124732339N01013217EA0136801462
B1057134732340N01013211EA0136601461
B1057144732341N01013205EA0136501461
B1057154732342N01013201EA0136501460
B1057164732343N01013196EA0136501459
B1057174732345N01013192EA0136301459
B1057184732346N01013188EA0136201458
B1057194732347N01013183EA0136201457
B1057204732348N01013178EA0136201457
B1057214732348N01013172EA0136301458
B1057224732347N01013166EA0136601458
B1057234732345N01013160EA0136901458
B1057244732342N01013154EA0137101458
B1057254732338N01013148EA0137401458
B1057264732334N01013142EA0137601458
B1057274732329N01013138EA0137801457
B1057284732323N01013135EA0137901458
B1057294732316N01013135EA0138101459
B1057304732310N01013137EA0138201461
B1057314732304N01013142EA0138301463
B1057324732299N01013147EA0138601463
B1057334732296N01013154EA0138601463
B1057344732297N01013160EA0138501463
B1057354732299N01013166EA0138801463
B1057364732301N01013168EA0138901466
B1057374732304N01013169EA0139301468
B1057384732306N01013168EA0139601470
B1057394732308N01013165EA0139801472
B1057404732309N01013161EA0140101474
B1057414732308N01013157EA0140301475
B1057424732306N01013152EA0140501475
B1057434732302N01013147EA0140401476
B1057444732297N01013143EA0140401478
B1057454732290N01013140EA0140501479
B1057464732283N01013141EA0140701479
B1057474732276N01013144EA0140801481
B1057484732270N01013150EA0140801481
B1057494732267N01013156EA0141001485
B1057504732264N01013164EA0141001485
B1057514732264N01013171EA0141201487
B1057524732264N01013176EA0141601489
B1057534732265N01013180EA0141801491
B1057544732267N01013182EA0141901493
B1057554732268N01013183EA0142201496
B1057564732269N01013182EA0142401499
B1057574732270N01013181EA0142501501
B1057584732271N01013178EA0142601502
B1057594732271N01013174EA0142801504
B1058004732270N01013170EA0142901505
B1058014732269N01013165EA0143001506
B1058024732266N01013161EA0143201508
B1058034732262N01013157EA0143201508
B1058044732258N01013153EA0143101508
B1058054732253N01013150EA0142901508
B1058064732246N01013148EA0142801508
B1058074732239N01013148EA0142401509
B1058084732232N01013152EA0142201509
B1058094732227N01013160EA0142101510
B1058104732225N01013168EA0142101510
B1058114732225N01013175EA0142101510
B1058124732227N01013181EA0142301513
B1058134732228N01013185EA0142601515
B1058144732230N01013189EA0142801516
B1058154732231N01013192EA0143001517
B1058164732231N01013195EA0143101518
B1058174732232N01013197EA0143201519
B1058184732234N01013199EA0143301520
B1058194732236N01013201EA0143301521
B1058204732238N01013202EA0143501521
B1058214732240N01013204EA0143701522
B1058224732241N01013204EA0143801523
B1058234732242N01013204EA0143801524
B1058244732243N01013203EA0143901524
B1058254732243N01013202EA0143901525
B1058264732243N01013200EA0143701525
B1058274732244N01013198EA0143601524
B1058284732244N01013195EA0143401524
B1058294732245N01013191EA0143201524
B1058304732245N01013185EA0143101524
B1058314732245N01013178EA0143301525
B1058324732243N01013172EA0143401527
B1058334732241N01013166EA0143701529
B1058344732239N01013161EA0144001530
B1058354732237N01013156EA0144001529
B1058364732236N01013152EA0143801529
B1058374732235N01013147EA0143701528
B1058384732234N01013142EA0143501528
B1058394732234N01013138EA0143301527
B1058404732233N01013134EA0143201527
B1058414732233N01013130EA0143101528
B1058424732233N01013126EA0143101528
B1058434732234N01013122EA0143001528
B1058444732234N01013119EA0143101529
B1058454732235N01013117EA0143001529
B1058464732236N01013115EA0143001530
B1058474732237N01013114EA0143101531
B1058484732238N01013114EA0143201531
B1058494732239N01013113EA0143301531
B1058504732240N01013113EA0143401532
B1058514732241N01013113EA0143601533
B1058524732242N01013114EA0143701533
B1058534732243N01013114EA0143901535
B1058544732244N01013114EA0144001536
B1058554732246N01013113EA0144001537
B1058564732246N01013111EA0144201537
B1058574732247N01013110EA0144401538
B1058584732248N01013110EA0144301539
B1058594732249N01013111EA0144301538
B1059004732250N01013112EA0144201539
B1059014732251N01013112EA0144101539
B1059024732253N01013113EA0144101539
B1059034732254N01013114EA0144001539
B1059044732257N01013116EA0143801539
B1059054732259N01013119EA0143701539
B1059064732261N01013121EA0143701540
B1059074732263N01013124EA0143701540
B1059084732265N01013125EA0143601539
B1059094732267N01013127EA0143501538
B1059104732270N01013128EA0143401539
B1059114732272N01013129EA0143201538
B1059124732275N01013129EA0143001538
B1059134732277N01013130EA0142801537
B1059144732280N01013130EA0142601537
B1059154732283N01013132EA0142401535
B1059164732286N01013133EA0142301534
B1059174732289N01013135EA0142201534
B1059184732291N01013136EA0142001533
B1059194732294N01013137EA0141801532
B1059204732296N01013137EA0141701530
B1059214732298N01013137EA0141401529
B1059224732300N01013137EA0141301528
B1059234732303N01013137EA0141201528
B1059244732305N01013138EA0141101527
B1059254732308N01013139EA0141101526
B1059264732311N01013140EA0141001525
B1059274732313N01013141EA0140901523
B1059284732316N01013142EA0140801523
B1059294732319N01013144EA0140801522
B1059304732321N01013145EA0140801521
B1059314732324N01013146EA0140701520
B1059324732326N01013147EA0140601520
B1059334732328N01013148EA0140501519
B1059344732331N01013148EA0140201517
B1059354732333N01013148EA0139901514
B1059364732336N01013148EA0139901513
B1059374732339N01013146EA0139901511
B1059384732342N01013143EA0139801512
B1059394732345N01013139EA0139901512
B1059404732348N01013136EA0140001512
B1059414732350N01013135EA0139901511
B1059424732352N01013133EA0140001509
B1059434732354N01013130EA0139901509
B1059444732356N01013128EA0139901508
B1059454732359N01013127EA0139801507
B1059464732361N01013126EA0139501505
B1059474732364N01013126EA0139301504
B1059484732368N01013126EA0139001503
B1059494732372N01013126EA0138901502
B1059504732376N01013126EA0138901501
B1059514732379N01013127EA0138901501
B1059524732380N01013128EA0138801499
B1059534732382N01013128EA0138601497
B1059544732384N01013129EA0138301495
B1059554732388N01013129EA0138001494
B1059564732391N01013130EA0138001492
B1059574732395N01013131EA0137901492
B1059584732399N01013131EA0137901490
B1059594732403N01013132EA0137901489
B1100004732406N01013133EA0137801485
B1100014732410N01013136EA0137801483
B1100024732413N01013141EA0137901483
B1100034732415N01013145EA0137901482
B1100044732417N01013149EA0138001480
B1100054732419N01013152EA0137801479
B1100064732422N01013156EA0137701477
B1100074732425N01013160EA0137701475
B1100084732429N01013164EA0137601474
B1100094732433N01013168EA0137701475
B1100104732436N01013172EA0137901476
B1100114732438N01013175EA0138101477
B1100124732440N01013179EA0138201477
B1100134732441N01013182EA0138401479
B1100144732444N01013185EA0138601479
B1100154732446N01013187EA0138701481
B1100164732449N01013188EA0139001481
B1100174732452N01013188EA0139101482
B1100184732455N01013187EA0139101483
B1100194732458N01013184EA0139201483
B1100204732461N01013181EA0139401484
B1100214732463N01013176EA0139701485
B1100224732463N01013172EA0139801485
B1100234732461N01013168EA0139801485
B1100244732457N01013164EA0139901486
B1100254732453N01013162EA0140001487
B1100264732447N01013161EA0140001487
B1100274732441N01013164EA0140001487
B1100284732437N01013169EA0140301487
B1100294732434N01013176EA0140301487
B1100304732434N01013183EA0140501487
B1100314732436N01013190EA0140401487
B1100324732439N01013196EA0140501487
B1100334732444N01013199EA0140701490
B1100344732448N01013200EA0140901492
B1100354732451N01013199EA0141001494
B1100364732454N01013196EA0141101494
B1100374732455N01013192EA0141001494
B1100384732456N01013188EA0141001495
B1100394732455N01013183EA0140901495
B1100404732453N01013179EA0140901496
B1100414732449N01013175EA0141101496
B1100424732445N01013173EA0141201497
B1100434732441N01013172EA0141301498
B1100444732436N01013174EA0141301499
B1100454732431N01013177EA0141401500
B1100464732426N01013181EA0141601500
B1100474732423N01013187EA0141601500
B1100484732421N01013194EA0141501500
B1100494732419N01013202EA0141501500
B1100504732420N01013210EA0141401500
B1100514732422N01013218EA0141301499
B1100524732425N01013225EA0141401500
B1100534732429N01013229EA0141501500
B1100544732434N01013230EA0141301500
B1100554732438N01013229EA0141401501
B1100564732440N01013226EA0141601503
B1100574732442N01013224EA0141701504
B1100584732444N01013222EA0141601502
B1100594732445N01013220EA0141401501
B1101004732448N01013218EA0141301499
B1101014732450N01013214EA0140901497
B1101024732451N01013209EA0140501496
B1101034732450N01013202EA0140301494
B1101044732449N01013196EA0140101494
B1101054732448N01013191EA0140001493
B1101064732447N01013186EA0139901492
B1101074732446N01013181EA0139801491
B1101084732444N01013176EA0139601490
B1101094732442N01013171EA0139601489
B1101104732439N01013166EA0139301488
B1101114732435N01013163EA0139101487
B1101124732430N01013160EA0138901486
B1101134732425N01013158EA0138901486
B1101144732420N01013158EA0138801485
B1101154732414N01013157EA0138801484
B1101164732409N01013156EA0138701483
B1101174732403N01013155EA0138601483
B1101184732397N01013154EA0138501482
B1101194732391N01013153EA0138301482
B1101204732385N01013152EA0138201481
B1101214732379N01013151EA0138201480
B1101224732373N01013151EA0138101480
B1101234732367N01013150EA0138001480
B1101244732361N01013149EA0138001478
B1101254732354N01013149EA0137801477
B1101264732348N01013149EA0137601476
B1101274732341N01013148EA0137501476
B1101284732335N01013148EA0137301474
B1101294732328N01013148EA0137201473
B1101304732321N01013148EA0137201472
B1101314732315N01013147EA0137101471
B1101324732308N01013145EA0137001471
B1101334732301N01013143EA0137001470
B1101344732295N01013141EA0136901470
B1101354732288N01013138EA0136901468
B1101364732282N01013135EA0136901469
B1101374732277N01013132EA0137001466
B1101384732272N01013127EA0136901465
B1101394732268N01013122EA0136801464
B1101404732263N01013116EA0136601463
B1101414732260N01013110EA0136701463
B1101424732257N01013104EA0136901463
B1101434732255N01013098EA0137201467
B1101444732252N01013093EA0137401467
B1101454732249N01013089EA0137501469
B1101464732248N01013085EA0137601469
B1101474732248N01013082EA0137601469
B1101484732249N01013080EA0137701471
B1101494732251N01013079EA0137701471
B1101504732252N01013080EA0137901471
B1101514732253N01013084EA0138001472
B1101524732254N01013090EA0138101472
B1101534732253N01013096EA0138501474
B1101544732250N01013103EA0138801476
B1101554732246N01013107EA0138801476
B1101564732239N01013110EA0138701476
B1101574732231N01013109EA0138701475
B1101584732223N01013104EA0138801476
B1101594732218N01013098EA0139101477
B1102004732215N01013091EA0139101478
B1102014732215N01013086EA0139401479
B1102024732215N01013083EA0139801481
B1102034732215N01013081EA0140001483
B1102044732215N01013081EA0140301483
B1102054732216N01013082EA0140401483
B1102064732218N01013082EA0140401485
B1102074732220N01013081EA0140601486
B1102084732223N01013081EA0141001487
B1102094732225N01013081EA0141101488
B1102104732226N01013081EA0141301488
B1102114732227N01013081EA0141201488
B1102124732227N01013081EA0141301489
B1102134732227N01013083EA0141101487
B1102144732227N01013086EA0140901487
B1102154732228N01013090EA0140601486
B1102164732229N01013095EA0140301486
B1102174732231N01013101EA0140301486
B1102184732233N01013106EA0140401487
B1102194732234N01013110EA0140601489
B1102204732235N01013113EA0140801489
B1102214732235N01013115EA0140601488
B1102224732236N01013118EA0140401487
B1102234732237N01013122EA0140201486
B1102244732238N01013127EA0140101486
B1102254732239N01013131EA0139901486
B1102264732239N01013136EA0139901485
B1102274732240N01013141EA0139901484
B1102284732240N01013145EA0139701484
B1102294732240N01013151EA0139601484
B1102304732240N01013157EA0139401482
B1102314732240N01013163EA0139201481
B1102324732241N01013170EA0139101481
B1102334732241N01013176EA0139101481
B1102344732242N01013182EA0138901480
B1102354732242N01013187EA0138901480
B1102364732242N01013194EA0138801480
B1102374732242N01013200EA0138801480
B1102384732243N01013205EA0138901481
B1102394732243N01013211EA0139001482
B1102404732243N01013216EA0139001481
B1102414732244N01013221EA0139001481
B1102424732244N01013225EA0139001480
B1102434732243N01013228EA0138901479
B1102444732243N01013232EA0138901479
B1102454732244N01013236EA0138901478
B1102464732244N01013240EA0138901479
B1102474732245N01013243EA0139101479
B1102484732246N01013245EA0139301480
B1102494732248N01013248EA0139501481
B1102504732248N01013249EA0139701482
B1102514732249N01013251EA0139801481
B1102524732250N01013252EA0139801481
B1102534732251N01013253EA0140001482
B1102544732253N01013253EA0140001482
B1102554732253N01013254EA0140101482
B1102564732253N01013256EA0140101483
B1102574732254N01013258EA0140001483
B1102584732255N01013262EA0139901482
B1102594732256N01013266EA0139701482
B1103004732259N01013270EA0139501482
B1103014732260N01013273EA0139401481
B1103024732262N01013275EA0139301483
B1103034732264N01013277EA0139301484
B1103044732265N01013279EA0139401484
B1103054732267N01013283EA0139401484
B1103064732268N01013286EA0139401484
B1103074732269N01013289EA0139401484
B1103084732270N01013290EA0139201483
B1103094732271N01013290EA0139201482
B1103104732272N01013288EA0139101482
B1103114732272N01013286EA0139001481
B1103124732273N01013283EA0138801480
B1103134732274N01013279EA0138401477
B1103144732274N01013275EA0138201476
B1103154732276N01013270EA0138101475
B1103164732276N01013266EA0137901476
B1103174732276N01013260EA0137801475
B1103184732276N01013255EA0137801474
B1103194732275N01013250EA0137901473
B1103204732275N01013246EA0138001472
B1103214732274N01013242EA0138001473
B1103224732274N01013238EA0137801473
B1103234732273N01013233EA0137801472
B1103244732272N01013227EA0137701471
B1103254732271N01013222EA0137501471
B1103264732270N01013217EA0137301470
B1103274732270N01013210EA0137201469
B1103284732270N01013204EA0137301469
B1103294732269N01013198EA0137201469
B1103304732269N01013193EA0137401468
B1103314732268N01013187EA0137301468
B1103324732267N01013182EA0137101467
B1103334732266N01013176EA0137001467
B1103344732265N01013171EA0136801465
B1103354732266N01013165EA0136501463
B1103364732266N01013160EA0136401463
B1103374732266N01013155EA0136301462
B1103384732265N01013151EA0136101461
B1103394732265N01013148EA0135701459
B1103404732266N01013144EA0135301457
B1103414732269N01013140EA0135001455
B1103424732271N01013137EA0134901454
B1103434732273N01013135EA0135001455
B1103444732276N01013133EA0135201455
B1103454732277N01013131EA0135301455
B1103464732278N01013129EA0135201454
B1103474732278N01013128EA0134901452
B1103484732280N01013127EA0134601451
B1103494732282N01013125EA0134201448
B1103504732285N01013125EA0134101447
B1103514732287N01013125EA0134001447
B1103524732288N01013125EA0134001446
B1103534732289N01013124EA0134201446
B1103544732290N01013125EA0134201444
B1103554732292N01013126EA0134001442
B1103564732294N01013128EA0133801440
B1103574732297N01013130EA0133701439
B1103584732301N01013131EA0133601439
B1103594732304N01013133EA0133901439
B1104004732307N01013134EA0134101440
B1104014732309N01013135EA0134301441
B1104024732310N01013136EA0134601442
B1104034732311N01013136EA0134701442
B1104044732312N01013137EA0134701441
B1104054732314N01013138EA0134701440
B1104064732316N01013139EA0134601440
B1104074732319N01013138EA0134501438
B1104084732322N01013138EA0134501438
B1104094732325N01013137EA0134601439
B1104104732328N01013137EA0134801439
B1104114732331N01013137EA0134801439
B1104124732335N01013136EA0134801439
B1104134732337N01013135EA0134901439
B1104144732340N01013134EA0135001441
B1104154732343N01013132EA0135201441
B1104164732345N01013132EA0135301442
B1104174732348N01013132EA0135501442
B1104184732349N01013135EA0135501442
B1104194732351N01013139EA0135501442
B1104204732350N01013145EA0135501443
B1104214732349N01013153EA0135601444
B1104224732347N01013160EA0135701445
B1104234732345N01013166EA0135801446
B1104244732342N01013172EA0135801446
B1104254732341N01013178EA0135801446
B1104264732340N01013184EA0135801445
B1104274732340N01013190EA0135801446
B1104284732341N01013194EA0136001446
B1104294732343N01013197EA0136001446
B1104304732344N01013198EA0136001447
B1104314732346N01013197EA0136001446
B1104324732348N01013195EA0136001447
B1104334732350N01013191EA0136001447
B1104344732351N01013187EA0136001448
B1104354732351N01013181EA0136101448
B1104364732352N01013176EA0136101449
B1104374732352N01013170EA0136101449
B1104384732353N01013164EA0136101450
B1104394732353N01013158EA0136101450
B1104404732353N01013153EA0136101451
B1104414732353N01013148EA0136101451
B1104424732354N01013142EA0136001451
B1104434732354N01013136EA0136101451
B1104444732355N01013131EA0136101452
B1104454732355N01013126EA0136001452
B1104464732356N01013121EA0136001452
B1104474732357N01013117EA0135901452
B1104484732358N01013113EA0135901453
B1104494732359N01013110EA0135801453
B1104504732360N01013110EA0135701452
B1104514732361N01013112EA0135601451
B1104524732362N01013115EA0135501451
B1104534732362N01013120EA0135401451
B1104544732360N01013125EA0135401449
B1104554732358N01013131EA0135201448
B1104564732354N01013138EA0135101447
B1104574732350N01013144EA0135001446
B1104584732346N01013151EA0134801445
B1104594732341N01013157EA0134701444
B1105004732338N01013165EA0134701444
B1105014732334N01013172EA0134601444
B1105024732330N01013179EA0134601444
B1105034732326N01013186EA0134601443
B1105044732322N01013193EA0134601444
B1105054732319N01013201EA0134601443
B1105064732316N01013209EA0134601443
B1105074732312N01013216EA0134701443
B1105084732310N01013224EA0134901444
B1105094732308N01013231EA0135101444
B1105104732307N01013237EA0135401445
B1105114732305N01013243EA0135701447
B1105124732303N01013248EA0136101449
B1105134732302N01013252EA0136201450
B1105144732302N01013257EA0136401451
B1105154732303N01013261EA0136801455
B1105164732304N01013265EA0137201458
B1105174732304N01013267EA0137501459
B1105184732304N01013269EA0137801460
B1105194732304N01013271EA0137901463
B1105204732305N01013273EA0138101464
B1105214732306N01013275EA0138301465
B1105224732307N01013276EA0138501467
B1105234732308N01013278EA0138601468
B1105244732308N01013280EA0138901470
B1105254732309N01013281EA0139101471
B1105264732310N01013284EA0139301473
B1105274732310N01013286EA0139401474
B1105284732311N01013288EA0139601475
B1105294732312N01013292EA0139701477
B1105304732313N01013295EA0139901478
B1105314732315N01013299EA0140101481
B1105324732316N01013305EA0140401484
B1105334732317N01013311EA0140501485
B1105344732317N01013317EA0140701487
B1105354732318N01013325EA0140801489
B1105364732318N01013332EA0141101491
B1105374732318N01013339EA0141301493
B1105384732317N01013345EA0141601495
B1105394732317N01013351EA0141601496
B1105404732317N01013357EA0141501496
B1105414732317N01013363EA0141501497
B1105424732319N01013369EA0141401498
B1105434732320N01013374EA0141401499
B1105444732321N01013379EA0141601500
B1105454732322N01013382EA0141701501
B1105464732323N01013383EA0141601501
B1105474732325N01013383EA0141601501
B1105484732326N01013381EA0141601502
B1105494732327N01013378EA0141701502
B1105504732326N01013374EA0141701503
B1105514732324N01013370EA0141601502
B1105524732322N01013364EA0141601503
B1105534732319N01013359EA0141501503
B1105544732316N01013353EA0141701503
B1105554732312N01013347EA0141701504
B1105564732309N01013343EA0141801505
B1105574732307N01013338EA0141901505
B1105584732304N01013333EA0142001506
B1105594732302N01013328EA0142101507
B1106004732299N01013323EA0142101508
B1106014732296N01013318EA0142201510
B1106024732293N01013312EA0142401511
B1106034732290N01013307EA0142501512
B1106044732287N01013302EA0142701513
B1106054732285N01013296EA0142901515
B1106064732282N01013291EA0143001516
B1106074732280N01013285EA0143101517
B1106084732280N01013280EA0143301519
B1106094732280N01013277EA0143401522
B1106104732281N01013275EA0143501523
B1106114732283N01013276EA0143601524
B1106124732285N01013279EA0143701525
B1106134732286N01013284EA0143801527
B1106144732286N01013290EA0143901529
B1106154732286N01013296EA0144001530
B1106164732285N01013301EA0144001531
B1106174732286N01013306EA0144001531
B1106184732286N01013310EA0143801531
B1106194732286N01013312EA0143601529
B1106204732287N01013312EA0143301525
B1106214732288N01013309EA0142901526
B1106224732287N01013304EA0142701526
B1106234732286N01013297EA0142701526
B1106244732284N01013291EA0142601526
B1106254732281N01013285EA0142801526
B1106264732279N01013280EA0142701526
B1106274732277N01013275EA0142601526
B1106284732274N01013269EA0142401526
B1106294732271N01013262EA0142401526
B1106304732268N01013254EA0142401527
B1106314732265N01013245EA0142801529
B1106324732262N01013237EA0143101533
B1106334732260N01013231EA0143501537
B1106344732258N01013226EA0143901539
B1106354732257N01013222EA0144201540
B1106364732255N01013218EA0144301542
B1106374732254N01013213EA0144501543
B1106384732253N01013210EA0144501544
B1106394732253N01013207EA0144501543
B1106404732253N01013205EA0144201542
B1106414732254N01013205EA0144101542
B1106424732255N01013207EA0144001542
B1106434732256N01013211EA0144101542
B1106444732256N01013214EA0144001542
B1106454732257N01013218EA0144201543
B1106464732257N01013222EA0144401545
B1106474732257N01013226EA0144801546
B1106484732256N01013229EA0145001548
B1106494732255N01013232EA0145201549
B1106504732255N01013236EA0145401551
B1106514732255N01013238EA0145501551
B1106524732256N01013241EA0145401551
B1106534732257N01013243EA0145301551
B1106544732257N01013244EA0145301549
B1106554732258N01013243EA0145301549
B1106564732258N01013241EA0145301548
B1106574732257N01013238EA0145201548
B1106584732257N01013234EA0145201548
B1106594732257N01013229EA0145101548
B1107004732257N01013223EA0145001546
B1107014732256N01013216EA0144901545
B1107024732255N01013210EA0144901545
B1107034732253N01013203EA0145001546
B1107044732252N01013195EA0145101546
B1107054732250N01013186EA0145301547
B1107064732248N01013176EA0145701549
B1107074732247N01013166EA0146201552
B1107084732245N01013157EA0146501555
B1107094732243N01013148EA0147001556
B1107104732241N01013138EA0147301558
B1107114732239N01013129EA0147501561
B1107124732238N01013119EA0148001563
B1107134732235N01013111EA0148201564
B1107144732230N01013103EA0148301565
B1107154732223N01013097EA0148501569
B1107164732217N01013092EA0149001572
B1107174732211N01013087EA0149601576
B1107184732206N01013082EA0150201581
B1107194732202N01013077EA0150701583
B1107204732197N01013072EA0151201587
B1107214732193N01013068EA0151801591
B1107224732190N01013063EA0152201596
B1107234732188N01013058EA0152601598
B1107244732186N01013053EA0152901602
B1107254732184N01013047EA0153301605
B1107264732183N01013041EA0153501610
B1107274732183N01013035EA0153901613
B1107284732184N01013030EA0154201617
B1107294732185N01013026EA0154401620
B1107304732187N01013021EA0154601622
B1107314732189N01013017EA0154701626
B1107324732192N01013013EA0155001629
B1107334732196N01013011EA0155301632
B1107344732201N01013010EA0155501636
B1107354732206N01013011EA0155901639
B1107364732210N01013014EA0156601642
B1107374732212N01013017EA0157001646
B1107384732214N01013021EA0157401649
B1107394732215N01013026EA0157701651
B1107404732216N01013031EA0158001654
B1107414732217N01013037EA0158401657
B1107424732216N01013042EA0158701660
B1107434732213N01013047EA0158801662
B1107444732208N01013050EA0159001664
B1107454732202N01013050EA0159101667
B1107464732199N01013047EA0159301670
B1107474732196N01013040EA0159501673
B1107484732196N01013033EA0159701675
B1107494732198N01013028EA0160201678
B1107504732201N01013026EA0160701683
B1107514732204N01013027EA0160901685
B1107524732206N01013032EA0161101687
B1107534732208N01013039EA0161401690
B1107544732208N01013045EA0161801692
B1107554732205N01013051EA0161901694
B1107564732200N01013057EA0162001696
B1107574732194N01013058EA0162101698
B1107584732188N01013056EA0162401701
B1107594732185N01013051EA0162701704
B1108004732184N01013046EA0163101707
B1108014732185N01013041EA0163601711
B1108024732187N01013038EA0164001715
B1108034732190N01013038EA0164301718
B1108044732193N01013040EA0164501720
B1108054732196N01013045EA0164701722
B1108064732197N01013053EA0164901725
B1108074732195N01013062EA0165101727
B1108084732191N01013070EA0165301731
B1108094732186N01013074EA0165601733
B1108104732180N01013075EA0165901734
B1108114732175N01013072EA0166101738
B1108124732173N01013066EA0166401742
B1108134732172N01013061EA0166801748
B1108144732175N01013056EA0167301755
B1108154732178N01013054EA0168001760
B1108164732181N01013055EA0168501765
B1108174732183N01013058EA0168901767
B1108184732184N01013063EA0169101770
B1108194732186N01013070EA0169201773
B1108204732186N01013079EA0169401775
B1108214732183N01013088EA0169601778
B1108224732179N01013095EA0169801780
B1108234732173N01013098EA0170101782
B1108244732167N01013098EA0170401785
B1108254732163N01013094EA0170801789
B1108264732162N01013089EA0171101794
B1108274732162N01013084EA0171501799
B1108284732164N01013081EA0171901803
B1108294732167N01013080EA0172301805
B1108304732171N01013082EA0172501809
B1108314732174N01013087EA0172701812
B1108324732177N01013094EA0173101814
B1108334732178N01013103EA0173301817
B1108344732175N01013112EA0173501820
B1108354732171N01013120EA0173701823
B1108364732166N01013125EA0173901826
B1108374732159N01013127EA0174101827
B1108384732153N01013126EA0174401830
B1108394732148N01013121EA0174501833
B1108404732146N01013114EA0174901837
B1108414732146N01013109EA0175301840
B1108424732149N01013106EA0175501844
B1108434732152N01013105EA0175801846
B1108444732156N01013107EA0176201850
B1108454732158N01013112EA0176501852
B1108464732160N01013120EA0176701855
B1108474732160N01013129EA0176901857
B1108484732157N01013137EA0177201860
B1108494732153N01013145EA0177501864
B1108504732147N01013151EA0177901866
B1108514732140N01013152EA0178301868
B1108524732135N01013149EA0178601872
B1108534732132N01013144EA0178801875
B1108544732132N01013139EA0179001877
B1108554732134N01013135EA0179201880
B1108564732137N01013133EA0179601884
B1108574732139N01013133EA0179901886
B1108584732141N01013133EA0180201889
B1108594732144N01013136EA0180501891
B1109004732147N01013141EA0180801895
B1109014732149N01013149EA0181101898
B1109024732148N01013158EA0181701901
B1109034732145N01013166EA0182001904
B1109044732140N01013173EA0182501908
B1109054732135N01013178EA0183001912
B1109064732129N01013178EA0183501916
B1109074732125N01013174EA0183901919
B1109084732124N01013169EA0184201923
B1109094732124N01013165EA0184501926
B1109104732126N01013162EA0184801930
B1109114732129N01013162EA0185301934
B1109124732132N01013162EA0185801938
B1109134732135N01013164EA0186401941
B1109144732137N01013169EA0186601946
B1109154732138N01013178EA0186901948
B1109164732138N01013188EA0187201952
B1109174732136N01013198EA0187701955
B1109184732132N01013207EA0188201960
B1109194732126N01013213EA0188801964
B1109204732120N01013214EA0189201970
B1109214732114N01013214EA0189701973
B1109224732110N01013210EA0190001976
B1109234732107N01013205EA0190401980
B1109244732104N01013202EA0190701984
B1109254732102N01013200EA0190901986
B1109264732099N01013197EA0191001988
B1109274732097N01013192EA0191201989
B1109284732092N01013186EA0191201992
B1109294732087N01013181EA0191301996
B1109304732082N01013178EA0191802002
B1109314732079N01013174EA0192202005
B1109324732077N01013170EA0192402008
B1109334732078N01013166EA0192602011
B1109344732080N01013163EA0192902014
B1109354732082N01013161EA0193202018
B1109364732084N01013161EA0193602021
B1109374732087N01013161EA0193802024
B1109384732089N01013162EA0194002026
B1109394732092N01013164EA0194102028
B1109404732096N01013166EA0194202030
B1109414732099N01013168EA0194302033
B1109424732103N01013171EA0194502036
B1109434732107N01013176EA0194802039
B1109444732111N01013182EA0195002042
B1109454732115N01013189EA0195202044
B1109464732119N01013196EA0195402047
B1109474732122N01013203EA0195602050
B1109484732126N01013211EA0195802053
B1109494732129N01013218EA0196102056
B1109504732132N01013225EA0196402058
B1109514732135N01013233EA0196702061
B1109524732138N01013241EA0197002065
B1109534732140N01013250EA0197402067
B1109544732142N01013258EA0197902070
B1109554732144N01013266EA0198302073
B1109564732144N01013275EA0198602076
B1109574732144N01013285EA0198802079
B1109584732142N01013296EA0199002081
B1109594732138N01013307EA0199202085
B1110004732134N01013317EA0199502088
B1110014732129N01013324EA0199902091
B1110024732124N01013330EA0200302094
B1110034732118N01013334EA0200602096
B1110044732114N01013335EA0200902100
B1110054732110N01013333EA0201402104
B1110064732110N01013329EA0201702107
B1110074732112N01013324EA0202102111
B1110084732115N01013320EA0202502115
B1110094732120N01013320EA0202902118
B1110104732125N01013325EA0203202120
B1110114732129N01013333EA0203402122
B1110124732132N01013342EA0203702125
B1110134732134N01013353EA0204102129
B1110144732135N01013365EA0204402132
B1110154732134N01013376EA0204602134
B1110164732131N01013387EA0204702137
B1110174732126N01013396EA0205002140
B1110184732121N01013402EA0205402143
B1110194732116N01013406EA0205702146
B1110204732112N01013408EA0206002149
B1110214732108N01013407EA0206302152
B1110224732105N01013405EA0206602155
B1110234732102N01013403EA0207002159
B1110244732101N01013400EA0207302162
B1110254732101N01013397EA0207702165
B1110264732103N01013394EA0208002169
B1110274732106N01013392EA0208502173
B1110284732109N01013393EA0209002180
B1110294732112N01013397EA0209302183
B1110304732116N01013402EA0209502185
B1110314732120N01013409EA0209602189
B1110324732124N01013416EA0209802192
B1110334732128N01013424EA0210102195
B1110344732131N01013434EA0210502198
B1110354732132N01013446EA0210802202
B1110364732134N01013456EA0211202206
B1110374732134N01013466EA0211602209
B1110384732134N01013476EA0211902212
B1110394732132N01013485EA0212102215
B1110404732131N01013495EA0212302217
B1110414732128N01013503EA0212502219
B1110424732124N01013511EA0212702223
B1110434732120N01013516EA0212902225
B1110444732116N01013519EA0213102228
B1110454732112N01013520EA0213502230
B1110464732109N01013519EA0213702232
B1110474732107N01013517EA0213802235
B1110484732107N01013515EA0214102237
B1110494732109N01013511EA0214502240
B1110504732111N01013509EA0214802244
B1110514732116N01013509EA0215202248
B1110524732120N01013513EA0215402250
B1110534732125N01013518EA0215702253
B1110544732129N01013526EA0216002257
B1110554732133N01013536EA0216302260
B1110564732135N01013547EA0216602262
B1110574732135N01013557EA0216802265
B1110584732134N01013567EA0217002267
B1110594732131N01013577EA0217202269
B1111004732128N01013585EA0217402271
B1111014732124N01013590EA0217602274
B1111024732119N01013593EA0217802276
B1111034732116N01013594EA0218002278
B1111044732113N01013594EA0218202280
B1111054732111N01013592EA0218502283
B1111064732110N01013590EA0218702284
B1111074732110N01013588EA0218902285
B1111084732112N01013586EA0219202288
B1111094732116N01013585EA0219502290
B1111104732120N01013586EA0219702292
B1111114732125N01013590EA0219902294
B1111124732130N01013595EA0220102297
B1111134732135N01013603EA0220302301
B1111144732139N01013614EA0220502303
B1111154732142N01013626EA0220702305
B1111164732143N01013638EA0220902307
B1111174732141N01013649EA0221002308
B1111184732138N01013658EA0221202309
B1111194732135N01013666EA0221302311
B1111204732131N01013671EA0221502313
B1111214732126N01013674EA0221702315
B1111224732124N01013674EA0221802317
B1111234732121N01013673EA0222002318
B1111244732120N01013670EA0222102320
B1111254732121N01013668EA0222402322
B1111264732123N01013666EA0222602324
B1111274732125N01013665EA0222702325
B1111284732129N01013666EA0222902327
B1111294732134N01013669EA0223002328
B1111304732140N01013674EA0223102330
B1111314732145N01013680EA0223302333
B1111324732150N01013688EA0223502335
B1111334732154N01013699EA0223602336
B1111344732156N01013711EA0223802338
B1111354732158N01013723EA0224002340
B1111364732158N01013734EA0224102341
B1111374732156N01013745EA0224202342
B1111384732154N01013754EA0224202342
B1111394732150N01013763EA0224202343
B1111404732146N01013769EA0224102344
B1111414732141N01013772EA0224202344
B1111424732137N01013773EA0224402345
B1111434732134N01013772EA0224402345
B1111444732133N01013770EA0224502346
B1111454732134N01013768EA0224602346
B1111464732135N01013766EA0224702347
B1111474732137N01013765EA0224802349
B1111484732141N01013765EA0224902349
B1111494732145N01013766EA0225002351
B1111504732151N01013769EA0225102352
B1111514732156N01013774EA0225102353
B1111524732162N01013782EA0225202354
B1111534732166N01013791EA0225402356
B1111544732169N01013801EA0225502357
B1111554732171N01013812EA0225702358
B1111564732171N01013823EA0225802359
B1111574732170N01013832EA0225902360
B1111584732167N01013841EA0226002361
B1111594732164N01013849EA0225902361
B1112004732160N01013854EA0225902361
B1112014732156N01013857EA0225802361
B1112024732152N01013858EA0225802361
B1112034732148N01013857EA0225802362
B1112044732145N01013855EA0225902362
B1112054732143N01013853EA0226002363
B1112064732141N01013852EA0226102364
B1112074732139N01013850EA0226102365
B1112084732137N01013848EA0226302365
B1112094732134N01013847EA0226302366
B1112104732131N01013846EA0226502367
B1112114732127N01013845EA0226802369
B1112124732122N01013847EA0227102371
B1112134732118N01013850EA0227302372
B1112144732113N01013854EA0227702375
B1112154732108N01013857EA0227902377
B1112164732103N01013860EA0228102379
B1112174732099N01013862EA0228102379
B1112184732094N01013863EA0228302379
B1112194732090N01013862EA0228402381
B1112204732087N01013862EA0228702383
B1112214732083N01013861EA0229002385
B1112224732080N01013861EA0229302387
B1112234732077N01013859EA0229502389
B1112244732075N01013858EA0229702390
B1112254732073N01013856EA0229902391
B1112264732072N01013855EA0229902392
B1112274732071N01013853EA0230102394
B1112284732071N01013851EA0230202397
B1112294732071N01013849EA0230402399
B1112304732072N01013846EA0230602400
B1112314732073N01013844EA0230802401
B1112324732076N01013842EA0230902403
B1112334732079N01013840EA0231102404
B1112344732082N01013839EA0231102405
B1112354732086N01013839EA0231202407
B1112364732091N01013840EA0231202407
B1112374732096N01013842EA0231302408
B1112384732101N01013845EA0231302409
B1112394732106N01013849EA0231302410
B1112404732112N01013853EA0231302410
B1112414732117N01013859EA0231302410
B1112424732122N01013866EA0231202411
B1112434732127N01013874EA0231002412
B1112444732132N01013882EA0231002412
B1112454732136N01013891EA0230902412
B1112464732140N01013902EA0231002413
B1112474732143N01013913EA0231002414
B1112484732146N01013925EA0231002415
B1112494732149N01013937EA0231002415
B1112504732150N01013949EA0230902415
B1112514732150N01013961EA0231002415
B1112524732148N01013971EA0231002414
B1112534732145N01013980EA0231002414
B1112544732142N01013987EA0230902413
B1112554732137N01013992EA0230602411
B1112564732132N01013994EA0230502410
B1112574732127N01013996EA0230402410
B1112584732123N01013995EA0230402412
B1112594732119N01013995EA0230602412
B1113004732117N01013994EA0230802413
B1113014732114N01013994EA0231002413
B1113024732111N01013994EA0231002414
B1113034732108N01013992EA0231102412
B1113044732105N01013991EA0231102412
B1113054732101N01013988EA0231102413
B1113064732098N01013986EA0231402414
B1113074732096N01013985EA0231502415
B1113084732093N01013984EA0231602415
B1113094732090N01013984EA0231602416
B1113104732087N01013984EA0231602416
B1113114732085N01013983EA0231602416
B1113124732082N01013982EA0231502414
B1113134732080N01013980EA0231402413
B1113144732078N01013979EA0231302413
B1113154732078N01013977EA0231102412
B1113164732077N01013975EA0230902411
B1113174732076N01013973EA0230802411
B1113184732075N01013970EA0230802411
B1113194732072N01013969EA0230702411
B1113204732070N01013968EA0230902411
B1113214732067N01013968EA0231102412
B1113224732065N01013969EA0231002412
B1113234732063N01013969EA0231002411
B1113244732061N01013968EA0230702409
B1113254732058N01013966EA0230602409
B1113264732056N01013965EA0230702409
B1113274732054N01013964EA0230902409
B1113284732053N01013965EA0230902409
B1113294732051N01013966EA0231002409
B1113304732050N01013967EA0230802408
B1113314732048N01013967EA0230802408
B1113324732046N01013967EA0231002408
B1113334732043N01013967EA0231202408
B1113344732040N01013967EA0231302409
B1113354732038N01013967EA0231402409
B1113364732037N01013968EA0231502410
B1113374732036N01013967EA0231602410
B1113384732035N01013967EA0231702411
B1113394732034N01013966EA0231602409
B1113404732033N01013964EA0231502409
B1113414732033N01013961EA0231502409
B1113424732034N01013959EA0231502409
B1113434732034N01013956EA0231702411
B1113444732034N01013953EA0231802412
B1113454732034N01013950EA0232102414
B1113464732035N01013947EA0232402416
B1113474732037N01013946EA0232502415
B1113484732039N01013944EA0232302415
B1113494732042N01013941EA0232302415
B1113504732045N01013940EA0232302417
B1113514732048N01013940EA0232502418
B1113524732052N01013941EA0232802420
B1113534732055N01013942EA0232802420
B1113544732058N01013942EA0232702420
B1113554732059N01013941EA0232802421
B1113564732060N01013938EA0232902423
B1113574732061N01013936EA0233102424
B1113584732063N01013933EA0233402426
B1113594732064N01013930EA0233702428
B1114004732064N01013928EA0234002431
B1114014732065N01013926EA0234202433
B1114024732064N01013925EA0234402434
B1114034732064N01013925EA0234502435
B1114044732061N01013925EA0234502435
B1114054732059N01013925EA0234602436
B1114064732055N01013926EA0234602437
B1114074732051N01013928EA0234802438
B1114084732046N01013932EA0235002440
B1114094732042N01013936EA0235102442
B1114104732038N01013942EA0235102443
B1114114732034N01013948EA0235202444
B1114124732030N01013957EA0235202444
B1114134732026N01013967EA0235302445
B1114144732024N01013977EA0235402446
B1114154732022N01013989EA0235502447
B1114164732021N01014000EA0235502448
B1114174732021N01014012EA0235502449
B1114184732023N01014024EA0235602449
B1114194732026N01014035EA0235602450
B1114204732029N01014045EA0235502450
B1114214732034N01014052EA0235502451
B1114224732039N01014057EA0235602452
B1114234732045N01014060EA0235602453
B1114244732051N01014061EA0235902456
B1114254732056N01014061EA0236202458
B1114264732060N01014061EA0236502460
B1114274732063N01014061EA0236702461
B1114284732066N01014060EA0236802461
B1114294732067N01014059EA0236802462
B1114304732067N01014057EA0236902462
B1114314732067N01014055EA0236902463
B1114324732065N01014054EA0237002463
B1114334732063N01014055EA0237002464
B1114344732061N01014056EA0237002464
B1114354732057N01014057EA0237002464
B1114364732052N01014059EA0237102465
B1114374732048N01014064EA0237202466
B1114384732044N01014071EA0237302467
B1114394732040N01014080EA0237402468
B1114404732038N01014090EA0237202469
B1114414732037N01014102EA0237302469
B1114424732036N01014114EA0237302470
B1114434732036N01014126EA0237302470
B1114444732037N01014138EA0237402471
B1114454732039N01014150EA0237302471
B1114464732042N01014162EA0237302472
B1114474732047N01014172EA0237402472
B1114484732052N01014182EA0237402472
B1114494732058N01014190EA0237602474
B1114504732063N01014197EA0237802475
B1114514732069N01014203EA0238002476
B1114524732075N01014208EA0238002477
B1114534732081N01014212EA0238102477
B1114544732088N01014216EA0238202477
B1114554732094N01014219EA0238202478
B1114564732099N01014221EA0238202478
B1114574732105N01014222EA0238102478
B1114584732112N01014223EA0238002478
B1114594732118N01014223EA0238202478
B1115004732123N01014224EA0238202479
B1115014732127N01014224EA0238202478
B1115024732131N01014225EA0238102477
B1115034732134N01014225EA0237902475
B1115044732139N01014223EA0237702474
B1115054732144N01014221EA0237602473
B1115064732148N01014219EA0237702474
B1115074732153N01014217EA0237802476
B1115084732156N01014215EA0238002477
B1115094732159N01014215EA0238102478
B1115104732162N01014213EA0238102478
B1115114732165N01014211EA0238002477
B1115124732167N01014209EA0237902477
B1115134732170N01014207EA0237802477
B1115144732171N01014205EA0237902478
B1115154732173N01014204EA0238002478
B1115164732174N01014204EA0238102478
B1115174732176N01014203EA0238102478
B1115184732177N01014201EA0237902477
B1115194732178N01014198EA0237802477
B1115204732179N01014197EA0237902477
B1115214732182N01014196EA0238102477
B1115224732185N01014196EA0238102477
B1115234732189N01014196EA0237802477
B1115244732192N01014195EA0237702477
B1115254732194N01014195EA0237802477
B1115264732198N01014195EA0237902477
B1115274732201N01014196EA0238002478
B1115284732206N01014197EA0237902477
B1115294732210N01014198EA0237902477
B1115304732214N01014199EA0237902477
B1115314732218N01014199EA0237702476
B1115324732221N01014198EA0237602474
B1115334732224N01014197EA0237502472
B1115344732227N01014196EA0237402470
B1115354732230N01014196EA0237102468
B1115364732233N01014194EA0237002466
B1115374732236N01014193EA0236802463
B1115384732239N01014191EA0236602462
B1115394732241N01014189EA0236502460
B1115404732244N01014187EA0236302459
B1115414732247N01014185EA0236302457
B1115424732249N01014185EA0236302456
B1115434732251N01014184EA0236202454
B1115444732254N01014183EA0236002453
B1115454732256N01014181EA0235802451
B1115464732257N01014179EA0235602449
B1115474732259N01014176EA0235402447
B1115484732261N01014173EA0235402447
B1115494732263N01014171EA0235402447
B1115504732266N01014169EA0235302446
B1115514732268N01014168EA0235202444
B1115524732270N01014165EA0235102444
B1115534732272N01014163EA0235002443
B1115544732274N01014160EA0234802442
B1115554732276N01014156EA0234802441
B1115564732278N01014153EA0234702441
B1115574732279N01014151EA0234602440
B1115584732282N01014149EA0234602438
B1115594732284N01014147EA0234402438
B1116004732286N01014144EA0234202436
B1116014732288N01014141EA0234102434
B1116024732289N01014139EA0233902433
B1116034732291N01014136EA0233702431
B1116044732293N01014132EA0233502430
B1116054732296N01014129EA0233302427
B1116064732297N01014125EA0233202425
B1116074732298N01014122EA0232902423
B1116084732299N01014119EA0232802421
B1116094732299N01014117EA0232602419
B1116104732299N01014114EA0232302416
B1116114732299N01014111EA0232102414
B1116124732300N01014107EA0231802412
B1116134732300N01014104EA0231802410
B1116144732300N01014100EA0231602409
B1116154732301N01014097EA0231602409
B1116164732302N01014094EA0231302407
B1116174732303N01014091EA0231102405
B1116184732303N01014088EA0230702403
B1116194732303N01014083EA0230602401
B1116204732303N01014078EA0230502400
B1116214732303N01014074EA0230402399
B1116224732303N01014071EA0230402399
B1116234732303N01014067EA0230402398
B1116244732304N01014065EA0230502397
B1116254732304N01014062EA0230402397
B1116264732305N01014060EA0230302395
B1116274732305N01014057EA0230102393
B1116284732306N01014052EA0229702390
B1116294732306N01014047EA0229602390
B1116304732306N01014041EA0229502390
B1116314732307N01014036EA0229602391
B1116324732307N01014032EA0229802391
B1116334732308N01014029EA0229802392
B1116344732308N01014026EA0229802392
B1116354732308N01014023EA0229802391
B1116364732308N01014020EA0229702391
B1116374732309N01014016EA0229702389
B1116384732310N01014011EA0229502389
B1116394732311N01014007EA0229402388
B1116404732311N01014002EA0229302387
B1116414732311N01013997EA0229102385
B1116424732312N01013991EA0228902384
B1116434732313N01013985EA0228802382
B1116444732314N01013979EA0228902381
B1116454732314N01013974EA0228802380
B1116464732313N01013969EA0228702380
B1116474732314N01013963EA0228602380
B1116484732314N01013958EA0228602379
B1116494732315N01013954EA0228502378
B1116504732314N01013949EA0228302376
B1116514732313N01013944EA0228202374
B1116524732313N01013939EA0228202373
B1116534732314N01013935EA0228202372
B1116544732315N01013931EA0228202372
B1116554732315N01013928EA0227902371
B1116564732315N01013924EA0227802369
B1116574732315N01013919EA0227602368
B1116584732315N01013915EA0227502366
B1116594732316N01013911EA0227302365
B1117004732317N01013907EA0227302364
B1117014732318N01013903EA0227202362
B1117024732318N01013899EA0227002361
B1117034732318N01013894EA0226802361
B1117044732318N01013889EA0226902360
B1117054732318N01013885EA0227002361
B1117064732318N01013882EA0227002360
B1117074732319N01013880EA0226902358
B1117084732320N01013878EA0226602356
B1117094732321N01013875EA0226302354
B1117104732322N01013869EA0225902351
B1117114732323N01013862EA0225702351
B1117124732323N01013854EA0225802351
B1117134732324N01013849EA0225902352
B1117144732324N01013844EA0225902352
B1117154732324N01013839EA0225802351
B1117164732323N01013835EA0225702351
B1117174732323N01013831EA0225502350
B1117184732322N01013826EA0225402349
B1117194732321N01013822EA0225202347
B1117204732320N01013819EA0225002345
B1117214732319N01013814EA0224802343
B1117224732318N01013809EA0224702342
B1117234732317N01013804EA0224602342
B1117244732316N01013801EA0224702343
B1117254732315N01013798EA0224702343
B1117264732314N01013795EA0224702343
B1117274732313N01013791EA0224702342
B1117284732312N01013788EA0224602342
B1117294732311N01013784EA0224502341
B1117304732310N01013780EA0224402341
B1117314732309N01013775EA0224402341
B1117324732308N01013771EA0224302341
B1117334732307N01013767EA0224402342
B1117344732306N01013763EA0224402341
B1117354732305N01013760EA0224402340
B1117364732305N01013755EA0224302339
B1117374732305N01013751EA0224202339
B1117384732305N01013746EA0224302338
B1117394732305N01013741EA0224302339
B1117404732306N01013738EA0224402338
B1117414732306N01013734EA0224402338
B1117424732306N01013730EA0224502337
B1117434732306N01013727EA0224402337
B1117444732306N01013723EA0224402336
B1117454732306N01013719EA0224202336
B1117464732306N01013715EA0224102334
B1117474732306N01013710EA0224102334
B1117484732306N01013705EA0224002333
B1117494732305N01013700EA0224102333
B1117504732305N01013696EA0224102333
B1117514732304N01013692EA0224102333
B1117524732303N01013689EA0224002332
B1117534732301N01013685EA0224102332
B1117544732298N01013681EA0224202334
B1117554732295N01013677EA0224502337
B1117564732293N01013674EA0224702338
B1117574732292N01013671EA0225002340
B1117584732291N01013668EA0225002342
B1117594732288N01013665EA0225002342
B1118004732286N01013662EA0225002342
B1118014732283N01013659EA0225002341
B1118024732280N01013656EA0225002342
B1118034732278N01013653EA0225202343
B1118044732277N01013649EA0225202343
B1118054732275N01013647EA0225202343
B1118064732273N01013644EA0225102342
B1118074732271N01013641EA0225102342
B1118084732269N01013638EA0225002341
B1118094732267N01013636EA0224902340
B1118104732266N01013635EA0224702338
B1118114732264N01013631EA0224302335
B1118124732262N01013626EA0224102333
B1118134732259N01013622EA0223702330
B1118144732256N01013619EA0223502328
B1118154732254N01013615EA0223202324
B1118164732251N01013610EA0222902321
B1118174732248N01013605EA0222502318
B1118184732245N01013599EA0222302317
B1118194732241N01013595EA0222302316
B1118204732238N01013592EA0222402317
B1118214732237N01013589EA0222502317
B1118224732236N01013586EA0222302315
B1118234732235N01013583EA0222202313
B1118244732234N01013578EA0221902311
B1118254732232N01013573EA0221802310
B1118264732231N01013568EA0221602309
B1118274732231N01013562EA0221602307
B1118284732230N01013558EA0221602306
B1118294732229N01013554EA0221502306
B1118304732228N01013549EA0221502306
B1118314732227N01013545EA0221402304
B1118324732227N01013541EA0221102303
B1118334732226N01013538EA0220902301
B1118344732225N01013534EA0220702299
B1118354732224N01013528EA0220502298
B1118364732222N01013523EA0220502299
B1118374732221N01013518EA0220602301
B1118384732220N01013515EA0220902302
B1118394732220N01013513EA0221002302
B1118404732221N01013511EA0221002302
B1118414732222N01013508EA0220902301
B1118424732222N01013505EA0220902301
B1118434732223N01013500EA0220902301
B1118444732223N01013496EA0221002302
B1118454732223N01013492EA0221202303
B1118464732223N01013490EA0221302304
B1118474732223N01013487EA0221302306
B1118484732223N01013484EA0221302305
B1118494732222N01013481EA0221302303
B1118504732221N01013477EA0221302304
B1118514732221N01013472EA0221402306
B1118524732220N01013468EA0221502308
B1118534732220N01013465EA0221602310
B1118544732219N01013461EA0221702311
B1118554732218N01013458EA0221802312
B1118564732217N01013455EA0221802312
B1118574732216N01013451EA0221802313
B1118584732215N01013447EA0221902313
B1118594732215N01013442EA0221902314
B1119004732215N01013437EA0222002315
B1119014732215N01013433EA0222102317
B1119024732214N01013430EA0222202318
B1119034732213N01013427EA0222302318
B1119044732213N01013423EA0222402319
B1119054732213N01013420EA0222502320
B1119064732212N01013417EA0222602321
B1119074732211N01013413EA0222702321
B1119084732210N01013410EA0222702321
B1119094732210N01013406EA0222802322
B1119104732210N01013402EA0222902323
B1119114732209N01013397EA0223002324
B1119124732209N01013393EA0223102325
B1119134732209N01013389EA0223102326
B1119144732209N01013384EA0223102325
B1119154732209N01013379EA0223002325
B1119164732209N01013373EA0223002325
B1119174732209N01013368EA0223002325
B1119184732209N01013363EA0223102325
B1119194732209N01013358EA0223102325
B1119204732209N01013353EA0223102325
B1119214732209N01013349EA0223102326
B1119224732209N01013344EA0223102325
B1119234732208N01013340EA0223102325
B1119244732208N01013335EA0223102324
B1119254732208N01013331EA0223102324
B1119264732207N01013327EA0223102324
B1119274732207N01013323EA0223002324
B1119284732206N01013319EA0223002323
B1119294732205N01013314EA0222902322
B1119304732204N01013310EA0222902322
B1119314732204N01013305EA0222902322
B1119324732202N01013300EA0223002323
B1119334732202N01013297EA0223002322
B1119344732201N01013293EA0223102322
B1119354732201N01013290EA0223202322
B1119364732200N01013286EA0223202323
B1119374732199N01013282EA0223302324
B1119384732199N01013280EA0223402325
B1119394732198N01013276EA0223602327
B1119404732198N01013273EA0223602327
B1119414732197N01013269EA0223802328
B1119424732197N01013265EA0223802329
B1119434732196N01013260EA0224102331
B1119444732195N01013256EA0224302334
B1119454732195N01013253EA0224502336
B1119464732194N01013250EA0224702337
B1119474732194N01013247EA0224702339
B1119484732194N01013245EA0224702338
B1119494732194N01013242EA0224702338
B1119504732194N01013238EA0224602337
B1119514732194N01013234EA0224702337
B1119524732193N01013230EA0224702338
B1119534732192N01013227EA0224702338
B1119544732191N01013223EA0224702338
B1119554732189N01013219EA0224902338
B1119564732187N01013216EA0224902339
B1119574732186N01013213EA0224902339
B1119584732185N01013210EA0224802338
B1119594732184N01013207EA0224802338
B1120004732183N01013203EA0224802338
B1120014732182N01013200EA0224702338
B1120024732181N01013196EA0224802338
B1120034732179N01013192EA0224902338
B1120044732178N01013188EA0224802339
B1120054732177N01013183EA0224802340
B1120064732176N01013179EA0224802340
B1120074732175N01013175EA0224902340
B1120084732175N01013171EA0225002341
B1120094732174N01013166EA0225002341
B1120104732174N01013162EA0225002340
B1120114732173N01013157EA0225002340
B1120124732172N01013151EA0225102342
B1120134732172N01013147EA0225202343
B1120144732171N01013142EA0225402344
B1120154732171N01013138EA0225602346
B1120164732171N01013133EA0225802348
B1120174732171N01013128EA0225902349
B1120184732172N01013124EA0226102352
B1120194732172N01013119EA0226202354
B1120204732173N01013116EA0226502355
B1120214732173N01013112EA0226702357
B1120224732173N01013109EA0226802358
B1120234732174N01013106EA0226802360
B1120244732175N01013102EA0226902361
B1120254732176N01013097EA0227002362
B1120264732176N01013094EA0227102363
B1120274732178N01013090EA0227302364
B1120284732179N01013087EA0227402364
B1120294732181N01013085EA0227402364
B1120304732181N01013082EA0227502364
B1120314732182N01013079EA0227502366
B1120324732183N01013075EA0227602366
B1120334732183N01013072EA0227802368
B1120344732184N01013069EA0227802369
B1120354732184N01013067EA0227802370
B1120364732185N01013064EA0227802370
B1120374732185N01013060EA0227802369
B1120384732185N01013057EA0227902369
B1120394732185N01013053EA0227902370
B1120404732184N01013050EA0228002370
B1120414732184N01013048EA0228202373
B1120424732185N01013047EA0228402375
B1120434732185N01013046EA0228602377
B1120444732185N01013045EA0228602378
B1120454732186N01013043EA0228802381
B1120464732186N01013042EA0228902381
B1120474732186N01013040EA0229202384
B1120484732186N01013039EA0229402386
B1120494732185N01013038EA0229502388
B1120504732185N01013037EA0229702390
B1120514732184N01013035EA0230002393
B1120524732184N01013033EA0230302395
B1120534732185N01013031EA0230702398
B1120544732185N01013028EA0230802398
B1120554732185N01013026EA0230902399
B1120564732183N01013024EA0230902399
B1120574732183N01013021EA0230902400
B1120584732182N01013018EA0230802400
B1120594732181N01013014EA0230902400
B1121004732181N01013010EA0230802401
B1121014732183N01013006EA0230702401
B1121024732185N01013003EA0230502400
B1121034732189N01013001EA0230402397
B1121044732195N01013001EA0230002395
B1121054732201N01013005EA0229702392
B1121064732208N01013013EA0229302389
B1121074732213N01013024EA0229102387
B1121084732217N01013037EA0229002385
B1121094732220N01013049EA0228802383
B1121104732220N01013061EA0228702380
B1121114732219N01013072EA0228502378
B1121124732216N01013082EA0228302376
B1121134732212N01013088EA0228202375
B1121144732208N01013091EA0228002374
B1121154732205N01013091EA0227902373
B1121164732202N01013090EA0227902373
B1121174732201N01013089EA0227902373
B1121184732200N01013089EA0227902372
B1121194732199N01013088EA0227802371
B1121204732199N01013088EA0227602369
B1121214732199N01013086EA0227302366
B1121224732198N01013084EA0227002364
B1121234732197N01013081EA0226702362
B1121244732197N01013079EA0226602361
B1121254732196N01013076EA0226402359
B1121264732195N01013074EA0226202358
B1121274732195N01013072EA0226002356
B1121284732195N01013069EA0225802355
B1121294732196N01013066EA0225602353
B1121304732196N01013063EA0225302349
B1121314732196N01013060EA0225102346
B1121324732196N01013056EA0224902344
B1121334732195N01013052EA0224702342
B1121344732196N01013049EA0224602341
B1121354732196N01013046EA0224402340
B1121364732195N01013043EA0224202338
B1121374732195N01013039EA0224002335
B1121384732194N01013035EA0223802332
B1121394732194N01013030EA0223702332
B1121404732193N01013026EA0223602330
B1121414732193N01013022EA0223402329
B1121424732192N01013019EA0223302327
B1121434732192N01013016EA0223102324
B1121444732192N01013012EA0222702321
B1121454732192N01013007EA0222402318
B1121464732192N01013002EA0222202316
B1121474732192N01012997EA0222102314
B1121484732193N01012992EA0221902313
B1121494732193N01012988EA0221802312
B1121504732193N01012984EA0221502311
B1121514732193N01012980EA0221202308
B1121524732193N01012975EA0220902306
B1121534732192N01012971EA0220802304
B1121544732191N01012967EA0220602302
B1121554732190N01012963EA0220602300
B1121564732189N01012960EA0220402298
B1121574732188N01012957EA0220102295
B1121584732187N01012953EA0219802292
B1121594732186N01012949EA0219502289
B1122004732185N01012945EA0219302286
B1122014732183N01012941EA0219002285
B1122024732182N01012937EA0218902283
B1122034732180N01012935EA0218802280
B1122044732179N01012931EA0218502277
B1122054732177N01012928EA0218202275
B1122064732176N01012924EA0218102272
B1122074732174N01012920EA0218002271
B1122084732174N01012917EA0217802269
B1122094732173N01012914EA0217802268
B1122104732172N01012911EA0217602266
B1122114732170N01012908EA0217302263
B1122124732168N01012904EA0217002259
B1122134732167N01012900EA0216702257
B1122144732165N01012895EA0216502255
B1122154732164N01012891EA0216302254
B1122164732163N01012887EA0216002252
B1122174732162N01012883EA0215702249
B1122184732161N01012879EA0215302245
B1122194732159N01012875EA0214902241
B1122204732159N01012870EA0214502236
B1122214732157N01012865EA0214202235
B1122224732156N01012860EA0214002233
B1122234732154N01012856EA0213702230
B1122244732153N01012853EA0213402228
B1122254732152N01012849EA0213102224
B1122264732150N01012845EA0212902222
B1122274732149N01012841EA0212602220
B1122284732148N01012837EA0212502217
B1122294732146N01012833EA0212302215
B1122304732144N01012829EA0212002213
B1122314732143N01012824EA0211702211
B1122324732141N01012820EA0211702210
B1122334732139N01012817EA0211602208
B1122344732137N01012814EA0211402207
B1122354732136N01012811EA0211202205
B1122364732135N01012807EA0211002202
B1122374732134N01012803EA0210802200
B1122384732133N01012798EA0210602198
B1122394732132N01012793EA0210402197
B1122404732131N01012788EA0210302196
B1122414732130N01012784EA0210302196
B1122424732130N01012779EA0210302195
B1122434732129N01012776EA0210202194
B1122444732127N01012772EA0210202194
B1122454732126N01012769EA0210102194
B1122464732125N01012766EA0210202195
B1122474732124N01012763EA0210302196
B1122484732124N01012761EA0210302196
B1122494732123N01012759EA0210402197
B1122504732122N01012757EA0210502197
B1122514732121N01012755EA0210502197
B1122524732120N01012753EA0210602199
B1122534732119N01012751EA0210702200
B1122544732118N01012749EA0210802201
B1122554732118N01012747EA0210802202
B1122564732117N01012745EA0210902202
B1122574732116N01012742EA0211002202
B1122584732115N01012739EA0211002204
B1122594732114N01012735EA0211102205
B1123004732114N01012732EA0211302206
B1123014732114N01012728EA0211402208
B1123024732114N01012725EA0211502207
B1123034732115N01012721EA0211402207
B1123044732116N01012717EA0211102206
B1123054732117N01012712EA0210902204
B1123064732116N01012707EA0210702203
B1123074732116N01012702EA0210502202
B1123084732115N01012697EA0210502203
B1123094732115N01012692EA0210502203
B1123104732114N01012689EA0210502202
B1123114732114N01012685EA0210502201
B1123124732113N01012681EA0210402201
B1123134732112N01012677EA0210602201
B1123144732111N01012674EA0210702201
B1123154732110N01012672EA0210802202
B1123164732108N01012671EA0210902203
B1123174732106N01012669EA0211102204
B1123184732105N01012668EA0211202206
B1123194732103N01012668EA0211402207
B1123204732102N01012669EA0211502207
B1123214732101N01012670EA0211502208
B1123224732100N01012671EA0211502208
B1123234732099N01012670EA0211602208
B1123244732098N01012669EA0211802209
B1123254732097N01012669EA0211902210
B1123264732096N01012668EA0212002211
B1123274732094N01012668EA0212302213
B1123284732093N01012667EA0212402214
B1123294732092N01012667EA0212502215
B1123304732091N01012667EA0212602217
B1123314732090N01012667EA0212702219
B1123324732089N01012665EA0212802220
B1123334732089N01012664EA0213102223
B1123344732089N01012664EA0213202224
B1123354732090N01012663EA0213102224
B1123364732090N01012663EA0213002223
B1123374732090N01012661EA0212802222
B1123384732089N01012659EA0212702220
B1123394732089N01012656EA0212502219
B1123404732087N01012653EA0212402218
B1123414732085N01012650EA0212202217
B1123424732084N01012647EA0212402217
B1123434732083N01012645EA0212402218
B1123444732082N01012643EA0212502219
B1123454732081N01012642EA0212702220
B1123464732082N01012640EA0212802221
B1123474732083N01012638EA0213002222
B1123484732083N01012636EA0213002223
B1123494732084N01012635EA0212902222
B1123504732084N01012634EA0212502218
B1123514732084N01012631EA0212002213
B1123524732083N01012626EA0211402208
B1123534732082N01012621EA0211102205
B1123544732081N01012616EA0210802202
B1123554732079N01012612EA0210502199
B1123564732079N01012607EA0210302197
B1123574732079N01012603EA0210002194
B1123584732080N01012599EA0209702190
B1123594732079N01012595EA0209402187
B1124004732078N01012590EA0209202185
B1124014732077N01012585EA0209102184
B1124024732075N01012581EA0209002183
B1124034732074N01012577EA0208802182
B1124044732073N01012572EA0208502180
B1124054732072N01012567EA0208402178
B1124064732070N01012561EA0207902174
B1124074732070N01012555EA0207702170
B1124084732067N01012549EA0207302168
B1124094732065N01012544EA0207402169
B1124104732063N01012539EA0207402169
B1124114732061N01012535EA0207602169
B1124124732061N01012531EA0207702171
B1124134732061N01012527EA0207702171
B1124144732061N01012522EA0207702172
B1124154732061N01012517EA0207602170
B1124164732061N01012512EA0207502169
B1124174732059N01012506EA0207602170
B1124184732056N01012503EA0207802171
B1124194732054N01012500EA0207902172
B1124204732052N01012498EA0207902172
B1124214732050N01012495EA0207702171
B1124224732048N01012492EA0207502169
B1124234732045N01012488EA0207402167
B1124244732042N01012484EA0207302166
B1124254732039N01012480EA0207402166
B1124264732035N01012477EA0207502166
B1124274732033N01012474EA0207502166
B1124284732031N01012470EA0207502167
B1124294732030N01012467EA0207702168
B1124304732029N01012464EA0207802169
B1124314732029N01012462EA0207902170
B1124324732029N01012460EA0208002170
B1124334732028N01012458EA0208002169
B1124344732026N01012456EA0207902168
B1124354732024N01012453EA0207802168
B1124364732022N01012450EA0207802169
B1124374732019N01012447EA0208102171
B1124384732016N01012444EA0208502174
B1124394732014N01012442EA0208702177
B1124404732012N01012441EA0208802178
B1124414732010N01012439EA0209002180
B1124424732008N01012436EA0209202184
B1124434732005N01012435EA0209502187
B1124444732003N01012434EA0210002191
B1124454732002N01012434EA0210302194
B1124464732001N01012433EA0210502196
B1124474732000N01012431EA0210702198
B1124484732000N01012427EA0211002203
B1124494731999N01012422EA0211502208
B1124504732000N01012419EA0212002212
B1124514732000N01012416EA0212402217
B1124524732000N01012412EA0212802221
B1124534732001N01012408EA0213302226
B1124544732004N01012404EA0213702231
B1124554732008N01012401EA0214202235
B1124564732015N01012401EA0214602240
B1124574732022N01012404EA0215102245
B1124584732028N01012408EA0215602250
B1124594732034N01012414EA0216002255
B1125004732039N01012422EA0216502260
B1125014732043N01012432EA0216902263
B1125024732044N01012443EA0217102265
B1125034732043N01012454EA0217302267
B1125044732039N01012461EA0217502269
B1125054732034N01012463EA0217802272
B1125064732032N01012462EA0218302276
B1125074732031N01012458EA0218802280
B1125084732034N01012454EA0219102283
B1125094732038N01012451EA0219502287
B1125104732045N01012451EA0219902291
B1125114732052N01012454EA0220402294
B1125124732059N01012460EA0220702298
B1125134732064N01012470EA0221002301
B1125144732067N01012483EA0221402304
B1125154732065N01012494EA0221502307
B1125164732062N01012502EA0221602308
B1125174732058N01012504EA0221802311
B1125184732055N01012501EA0222102314
B1125194732056N01012497EA0222502319
B1125204732060N01012494EA0222902322
B1125214732066N01012495EA0223402326
B1125224732073N01012501EA0223702328
B1125234732078N01012511EA0223902331
B1125244732080N01012522EA0224102334
B1125254732081N01012534EA0224302337
B1125264732080N01012543EA0224402338
B1125274732078N01012549EA0224502338
B1125284732075N01012552EA0224502340
B1125294732072N01012551EA0224402339
B1125304732069N01012548EA0224502341
B1125314732068N01012543EA0224802343
B1125324732067N01012539EA0225202347
B1125334732067N01012536EA0225702350
B1125344732067N01012534EA0226102353
B1125354732069N01012531EA0226402355
B1125364732071N01012529EA0226602357
B1125374732076N01012525EA0226802358
B1125384732082N01012524EA0227102361
B1125394732089N01012525EA0227302365
B1125404732097N01012531EA0227502369
B1125414732101N01012540EA0227802370
B1125424732104N01012552EA0228202372
B1125434732103N01012563EA0228302376
B1125444732100N01012571EA0228402378
B1125454732095N01012575EA0228802381
B1125464732091N01012577EA0229102383
B1125474732087N01012578EA0229502387
B1125484732085N01012577EA0229902389
B1125494732084N01012576EA0230102389
B1125504732083N01012573EA0230302390
B1125514732084N01012570EA0230502391
B1125524732086N01012567EA0230602395
B1125534732089N01012564EA0230702392
B1125544732095N01012562EA0230702392
B1125554732103N01012564EA0230802395
B1125564732110N01012571EA0230902396
B1125574732116N01012581EA0231102400
B1125584732118N01012593EA0231702404
B1125594732117N01012602EA0231902404
B1126004732116N01012610EA0232102410
B1126014732113N01012615EA0232302411
B1126024732109N01012618EA0232402412
B1126034732106N01012620EA0232602415
B1126044732104N01012620EA0232902417
B1126054732102N01012618EA0233202420
B1126064732102N01012615EA0233402421
B1126074732104N01012611EA0233502423
B1126084732107N01012609EA0233702425
B1126094732110N01012605EA0233802423
B1126104732116N01012604EA0233802423
B1126114732123N01012606EA0233902423
B1126124732129N01012612EA0233802423
B1126134732135N01012621EA0233802422
B1126144732138N01012633EA0233802422
B1126154732139N01012644EA0234002423
B1126164732138N01012653EA0234102424
B1126174732135N01012660EA0234102425
B1126184732132N01012665EA0234202427
B1126194732129N01012669EA0234202430
B1126204732124N01012671EA0234402428
B1126214732121N01012673EA0234502431
B1126224732118N01012673EA0234702431
B1126234732115N01012673EA0234702432
B1126244732113N01012673EA0235002435
B1126254732110N01012671EA0235202437
B1126264732107N01012670EA0235402438
B1126274732105N01012668EA0235702442
B1126284732103N01012666EA0236002447
B1126294732103N01012661EA0236102443
B1126304732105N01012658EA0236302445
B1126314732108N01012655EA0236502446
B1126324732111N01012652EA0236602446
B1126334732116N01012651EA0236702447
B1126344732123N01012653EA0237002450
B1126354732130N01012659EA0237102452
B1126364732135N01012669EA0237302455
B1126374732137N01012681EA0237502456
B1126384732136N01012692EA0237702458
B1126394732134N01012700EA0237902461
B1126404732129N01012706EA0238102463
B1126414732126N01012709EA0238502464
B1126424732122N01012709EA0238602464
B1126434732120N01012707EA0238702466
B1126444732119N01012703EA0238902465
B1126454732120N01012700EA0239002467
B1126464732123N01012697EA0239202470
B1126474732128N01012697EA0239102470
B1126484732135N01012699EA0239202470
B1126494732141N01012705EA0239302470
B1126504732145N01012713EA0239502471
B1126514732147N01012724EA0239602471
B1126524732147N01012736EA0239702473
B1126534732144N01012745EA0239802473
B1126544732140N01012753EA0240102474
B1126554732137N01012759EA0240202476
B1126564732133N01012762EA0240402477
B1126574732129N01012763EA0240502479
B1126584732127N01012762EA0240502480
B1126594732124N01012759EA0240802480
B1127004732124N01012756EA0240702482
B1127014732125N01012752EA0240802483
B1127024732129N01012748EA0241102483
B1127034732134N01012748EA0241202485
B1127044732140N01012752EA0241202490
B1127054732145N01012758EA0241302490
B1127064732150N01012765EA0241402490
B1127074732154N01012775EA0241502490
B1127084732155N01012787EA0241302491
B1127094732154N01012799EA0241102489
B1127104732151N01012809EA0241302491
B1127114732147N01012815EA0241302493
B1127124732143N01012817EA0241202495
B1127134732139N01012815EA0241202496
B1127144732135N01012813EA0241202496
B1127154732132N01012810EA0241202496
B1127164732130N01012807EA0241302497
B1127174732129N01012803EA0241302499
B1127184732128N01012798EA0241402499
B1127194732129N01012793EA0241502501
B1127204732129N01012787EA0241702502
B1127214732129N01012782EA0242002505
B1127224732131N01012778EA0242402509
B1127234732134N01012774EA0242602514
B1127244732137N01012771EA0242902517
B1127254732141N01012769EA0243202517
B1127264732146N01012770EA0243502519
B1127274732152N01012775EA0243802522
B1127284732156N01012783EA0244002525
B1127294732160N01012793EA0244302527
B1127304732162N01012804EA0244602528
B1127314732161N01012815EA0244702530
B1127324732157N01012823EA0244802530
B1127334732152N01012827EA0244902532
B1127344732148N01012826EA0245002534
B1127354732145N01012822EA0245302535
B1127364732144N01012817EA0245502538
B1127374732144N01012812EA0245802541
B1127384732145N01012808EA0246202544
B1127394732148N01012804EA0246402546
B1127404732152N01012802EA0246702548
B1127414732157N01012804EA0246902551
B1127424732163N01012808EA0247202553
B1127434732167N01012817EA0247302555
B1127444732169N01012828EA0247502556
B1127454732168N01012840EA0247802559
B1127464732165N01012849EA0248202562
B1127474732160N01012854EA0248402564
B1127484732156N01012854EA0248602563
B1127494732152N01012852EA0248802565
B1127504732151N01012848EA0249002570
B1127514732151N01012844EA0249202572
B1127524732153N01012840EA0249402575
B1127534732158N01012837EA0249502577
B1127544732163N01012836EA0249802580
B1127554732169N01012839EA0250102583
B1127564732174N01012846EA0250402583
B1127574732176N01012856EA0250402583
B1127584732176N01012869EA0250302585
B1127594732173N01012880EA0250602589
B1128004732168N01012886EA0250702594
B1128014732164N01012888EA0251002599
B1128024732162N01012885EA0251302602
B1128034732160N01012882EA0251302603
B1128044732160N01012878EA0251302606
B1128054732159N01012873EA0251202606
B1128064732159N01012868EA0251202607
B1128074732158N01012862EA0251202607
B1128084732156N01012855EA0251202608
B1128094732156N01012849EA0251402612
B1128104732156N01012843EA0251502612
B1128114732155N01012837EA0251802611
B1128124732154N01012832EA0251902611
B1128134732153N01012827EA0252002612
B1128144732151N01012822EA0252002611
B1128154732150N01012817EA0252102613
B1128164732148N01012812EA0252302615
B1128174732147N01012807EA0252402616
B1128184732146N01012802EA0252402615
B1128194732144N01012796EA0252302615
B1128204732143N01012790EA0252302615
B1128214732142N01012783EA0252302617
B1128224732142N01012777EA0252402619
B1128234732140N01012771EA0252602619
B1128244732141N01012763EA0252702617
B1128254732141N01012758EA0252802617
B1128264732142N01012752EA0252802617
B1128274732143N01012745EA0252702617
B1128284732143N01012738EA0252802618
B1128294732143N01012731EA0252902619
B1128304732143N01012725EA0253102619
B1128314732143N01012719EA0253202620
B1128324732143N01012714EA0253402620
B1128334732143N01012708EA0253502621
B1128344732142N01012701EA0253602624
B1128354732142N01012695EA0253802626
B1128364732142N01012689EA0254002626
B1128374732141N01012683EA0254202626
B1128384732140N01012677EA0254302626
B1128394732140N01012671EA0254402631
B1128404732140N01012664EA0254502633
B1128414732140N01012657EA0254702631
B1128424732140N01012650EA0254802633
B1128434732139N01012643EA0255102635
B1128444732138N01012636EA0255602638
B1128454732136N01012631EA0256102644
B1128464732134N01012625EA0256502648
B1128474732132N01012623EA0257102657
B1128484732130N01012621EA0257602662
B1128494732129N01012618EA0258002666
B1128504732129N01012613EA0258102667
B1128514732131N01012605EA0258102664
B1128524732135N01012600EA0258102666
B1128534732140N01012594EA0258002668
B1128544732145N01012589EA0258102668
B1128554732150N01012586EA0258302668
B1128564732156N01012585EA0258402668
B1128574732160N01012584EA0258402663
B1128584732166N01012588EA0258402663
B1128594732171N01012595EA0258302668
B1129004732175N01012604EA0258602669
B1129014732176N01012612EA0258602670
B1129024732175N01012619EA0258802672
B1129034732173N01012623EA0259102672
B1129044732170N01012627EA0259202675
B1129054732167N01012629EA0259402677
B1129064732164N01012630EA0259402678
B1129074732162N01012631EA0259602679
B1129084732160N01012630EA0259502679
B1129094732159N01012629EA0259302679
B1129104732156N01012627EA0259102676
B1129114732154N01012625EA0258902673
B1129124732153N01012623EA0258502672
B1129134732152N01012621EA0258402671
B1129144732150N01012619EA0258302670
B1129154732147N01012619EA0258102668
B1129164732143N01012619EA0258102668
B1129174732139N01012620EA0258102668
B1129184732136N01012622EA0258202667
B1129194732133N01012622EA0258102667
B1129204732129N01012624EA0258202666
B1129214732126N01012625EA0258302664
B1129224732124N01012626EA0258302665
B1129234732121N01012625EA0258102664
B1129244732118N01012622EA0257902662
B1129254732116N01012621EA0257902666
B1129264732112N01012619EA0257902664
B1129274732107N01012619EA0258002665
B1129284732103N01012620EA0258102663
B1129294732100N01012620EA0257802663
B1129304732097N01012620EA0257502663
B1129314732091N01012618EA0257402660
B1129324732085N01012617EA0257702660
B1129334732081N01012616EA0257602660
B1129344732078N01012613EA0257702657
B1129354732076N01012611EA0257702656
B1129364732074N01012607EA0257702655
B1129374732072N01012602EA0257702653
B1129384732070N01012595EA0257802654
B1129394732069N01012588EA0257702655
B1129404732068N01012581EA0257802656
B1129414732066N01012575EA0258002655
B1129424732065N01012571EA0258002657
B1129434732064N01012566EA0258002657
B1129444732062N01012561EA0257902655
B1129454732061N01012554EA0257902654
B1129464732061N01012546EA0257802655
B1129474732061N01012537EA0257902657
B1129484732062N01012528EA0258202661
B1129494732062N01012520EA0258402663
B1129504732062N01012513EA0258702665
B1129514732061N01012507EA0258902667
B1129524732061N01012500EA0258902668
B1129534732061N01012492EA0259002671
B1129544732061N01012484EA0259002671
B1129554732059N01012476EA0259202672
B1129564732059N01012468EA0259402674
B1129574732059N01012461EA0259502679
B1129584732058N01012455EA0260002681
B1129594732058N01012450EA0260402686
B1130004732057N01012445EA0260702689
B1130014732058N01012442EA0260902692
B1130024732059N01012438EA0260602691
B1130034732062N01012436EA0260202687
B1130044732067N01012435EA0260002683
B1130054732071N01012433EA0259902683
B1130064732074N01012430EA0259702682
B1130074732074N01012426EA0259402681
B1130084732074N01012422EA0259202682
B1130094732073N01012419EA0259202681
B1130104732072N01012417EA0259102682
B1130114732071N01012415EA0258902679
B1130124732070N01012413EA0258602679
B1130134732069N01012409EA0258502678
B1130144732068N01012407EA0258602680
B1130154732065N01012405EA0258602676
B1130164732062N01012404EA0258402677
B1130174732060N01012403EA0258302677
B1130184732058N01012401EA0258102675
B1130194732054N01012398EA0257902673
B1130204732051N01012394EA0257802670
B1130214732047N01012391EA0257902669
B1130224732043N01012387EA0257702669
B1130234732040N01012384EA0257802668
B1130244732038N01012381EA0257702669
B1130254732035N01012378EA0257502667
B1130264732034N01012375EA0257202666
B1130274732031N01012372EA0257102665
B1130284732029N01012368EA0256802663
B1130294732027N01012364EA0256702665
B1130304732024N01012362EA0256602664
B1130314732022N01012360EA0256802666
B1130324732018N01012357EA0256602666
B1130334732015N01012355EA0256602664
B1130344732012N01012353EA0256402664
B1130354732008N01012350EA0256802661
B1130364732005N01012348EA0256802659
B1130374732000N01012345EA0256702658
B1130384731997N01012343EA0256702657
B1130394731994N01012340EA0256702659
B1130404731990N01012339EA0256802658
B1130414731988N01012336EA0256702658
B1130424731986N01012333EA0256702657
B1130434731986N01012329EA0256502657
B1130444731984N01012325EA0256502656
B1130454731982N01012321EA0256502655
B1130464731980N01012316EA0256402654
B1130474731980N01012312EA0256502656
B1130484731980N01012308EA0256502656
B1130494731979N01012303EA0256502655
B1130504731977N01012297EA0256402652
B1130514731977N01012293EA0256302651
B1130524731976N01012288EA0256202651
B1130534731975N01012284EA0256002651
B1130544731975N01012279EA0255902651
B1130554731976N01012274EA0255802654
B1130564731975N01012270EA0255702653
B1130574731975N01012264EA0255502650
B1130584731975N01012259EA0255502649
B1130594731975N01012252EA0255302645
B1131004731976N01012246EA0255202644
B1131014731977N01012240EA0255202645
B1131024731977N01012234EA0255302646
B1131034731977N01012228EA0255302648
B1131044731977N01012222EA0255302648
B1131054731977N01012217EA0255302646
B1131064731977N01012213EA0255202647
B1131074731977N01012207EA0255102645
B1131084731977N01012202EA0255002645
B1131094731978N01012198EA0255002644
B1131104731980N01012194EA0254902643
B1131114731980N01012189EA0254802642
B1131124731981N01012185EA0254602640
B1131134731982N01012180EA0254402637
B1131144731983N01012176EA0254302637
B1131154731985N01012171EA0254202636
B1131164731987N01012166EA0254102636
B1131174731987N01012162EA0254002634
B1131184731988N01012158EA0253802632
B1131194731989N01012153EA0253702631
B1131204731990N01012148EA0253502627
B1131214731991N01012144EA0253402625
B1131224731992N01012139EA0253302623
B1131234731991N01012134EA0253202621
B1131244731991N01012129EA0253102619
B1131254731991N01012123EA0252902618
B1131264731991N01012117EA0252702615
B1131274731992N01012112EA0252702614
B1131284731993N01012108EA0252702615
B1131294731993N01012105EA0252602614
B1131304731993N01012101EA0252502614
B1131314731993N01012098EA0252302614
B1131324731993N01012094EA0252102614
B1131334731992N01012089EA0251902611
B1131344731992N01012084EA0251802609
B1131354731991N01012079EA0251702608
B1131364731991N01012075EA0251702609
B1131374731991N01012070EA0251602608
B1131384731991N01012067EA0251502607
B1131394731992N01012063EA0251402608
B1131404731994N01012060EA0251202608
B1131414731996N01012057EA0251102607
B1131424731998N01012053EA0250902604
B1131434732001N01012050EA0250702604
B1131444732004N01012047EA0250502602
B1131454732007N01012045EA0250302601
B1131464732011N01012043EA0250102598
B1131474732014N01012041EA0249902595
B1131484732017N01012038EA0249402590
B1131494732020N01012036EA0249202587
B1131504732023N01012033EA0248902585
B1131514732026N01012030EA0248602583
B1131524732027N01012027EA0248402577
B1131534732027N01012025EA0248102574
B1131544732028N01012022EA0247802571
B1131554732029N01012020EA0247502567
B1131564732030N01012017EA0247102565
B1131574732030N01012014EA0246802562
B1131584732030N01012009EA0246602559
B1131594732029N01012003EA0246402557
B1132004732027N01011998EA0246502556
B1132014732025N01011992EA0246502554
B1132024732023N01011990EA0246602555
B1132034732021N01011987EA0246502555
B1132044732018N01011983EA0246402552
B1132054732017N01011980EA0246402553
B1132064732015N01011974EA0246202551
B1132074732012N01011969EA0246302550
B1132084732010N01011964EA0246302548
B1132094732008N01011960EA0246402550
B1132104732006N01011956EA0246502551
B1132114732004N01011953EA0246502550
B1132124732002N01011949EA0246502550
B1132134732001N01011946EA0246402548
B1132144731999N01011941EA0246302548
B1132154731997N01011936EA0246302547
B1132164731994N01011931EA0246302545
B1132174731990N01011927EA0246402546
B1132184731987N01011923EA0246602549
B1132194731985N01011919EA0246602550
B1132204731983N01011916EA0246602550
B1132214731981N01011913EA0246602549
B1132224731980N01011909EA0246702550
B1132234731978N01011905EA0246702549
B1132244731977N01011901EA0246602550
B1132254731975N01011896EA0246702552
B1132264731973N01011891EA0246702553
B1132274731972N01011886EA0246902556
B1132284731970N01011881EA0247102557
B1132294731968N01011876EA0247302559
B1132304731968N01011871EA0247502559
B1132314731967N01011867EA0247502558
B1132324731968N01011862EA0247502558
B1132334731968N01011857EA0247402557
B1132344731968N01011851EA0247302556
B1132354731968N01011845EA0247302557
B1132364731968N01011838EA0247402559
B1132374731967N01011833EA0247602560
B1132384731967N01011828EA0247702560
B1132394731967N01011824EA0247802561
B1132404731967N01011820EA0247702561
B1132414731967N01011814EA0247602560
B1132424731967N01011809EA0247502560
B1132434731967N01011804EA0247602561
B1132444731967N01011800EA0247702563
B1132454731967N01011796EA0247702563
B1132464731967N01011793EA0247702563
B1132474731966N01011789EA0247702565
B1132484731965N01011786EA0247602564
B1132494731965N01011782EA0247702567
B1132504731964N01011778EA0247602566
B1132514731963N01011774EA0247602565
B1132524731963N01011770EA0247602565
B1132534731961N01011765EA0247502564
B1132544731960N01011762EA0247502565
B1132554731959N01011758EA0247502563
B1132564731957N01011753EA0247502560
B1132574731953N01011749EA0247402556
B1132584731950N01011744EA0247302550
B1132594731947N01011740EA0247402548
B1133004731945N01011737EA0247302548
B1133014731943N01011733EA0247102549
B1133024731940N01011730EA0247202550
B1133034731938N01011727EA0247102550
B1133044731935N01011725EA0247002550
B1133054731933N01011722EA0246802548
B1133064731930N01011718EA0246602547
B1133074731927N01011714EA0246402545
B1133084731925N01011709EA0246202544
B1133094731922N01011705EA0246102543
B1133104731920N01011701EA0246102544
B1133114731918N01011699EA0245902544
B1133124731916N01011696EA0245702543
B1133134731914N01011692EA0245502539
B1133144731912N01011689EA0245302539
B1133154731909N01011685EA0245002535
B1133164731906N01011681EA0244702531
B1133174731903N01011677EA0244502530
B1133184731900N01011671EA0244402528
B1133194731897N01011666EA0244402526
B1133204731894N01011662EA0244302527
B1133214731892N01011657EA0244302527
B1133224731889N01011654EA0244302528
B1133234731887N01011652EA0244302529
B1133244731885N01011651EA0244202529
B1133254731883N01011649EA0244102528
B1133264731881N01011646EA0243802529
B1133274731879N01011643EA0243502526
B1133284731876N01011639EA0243302525
B1133294731873N01011636EA0243202525
B1133304731871N01011633EA0243002523
B1133314731869N01011629EA0242902522
B1133324731867N01011625EA0242702520
B1133334731865N01011621EA0242402518
B1133344731863N01011617EA0242102516
B1133354731861N01011613EA0241902514
B1133364731858N01011609EA0241702514
B1133374731857N01011605EA0241502513
B1133384731856N01011601EA0241402511
B1133394731855N01011597EA0241302509
B1133404731854N01011594EA0241202508
B1133414731854N01011591EA0241102506
B1133424731853N01011589EA0240802504
B1133434731851N01011586EA0240502500
B1133444731851N01011583EA0240302497
B1133454731851N01011580EA0240002496
B1133464731850N01011577EA0239902495
B1133474731848N01011575EA0239802494
B1133484731847N01011574EA0239502493
B1133494731846N01011571EA0239102488
B1133504731846N01011568EA0238802486
B1133514731846N01011565EA0238602486
B1133524731846N01011563EA0238502485
B1133534731846N01011561EA0238402483
B1133544731847N01011560EA0238202481
B1133554731847N01011558EA0237802479
B1133564731847N01011556EA0237602477
B1133574731848N01011553EA0237502476
B1133584731848N01011549EA0237402474
B1133594731848N01011545EA0237302472
B1134004731848N01011542EA0237302471
B1134014731849N01011539EA0237202468
B1134024731850N01011537EA0237002467
B1134034731850N01011534EA0237002466
B1134044731850N01011530EA0236902464
B1134054731851N01011527EA0236702463
B1134064731852N01011523EA0236702461
B1134074731852N01011520EA0236502461
B1134084731852N01011517EA0236502462
B1134094731853N01011514EA0236302461
B1134104731853N01011511EA0236202461
B1134114731852N01011507EA0235902457
B1134124731850N01011504EA0235602455
B1134134731848N01011501EA0235302452
B1134144731847N01011500EA0235202451
B1134154731845N01011498EA0234902449
B1134164731843N01011496EA0234802448
B1134174731841N01011495EA0234502446
B1134184731839N01011493EA0234302444
B1134194731836N01011490EA0234102439
B1134204731834N01011489EA0233902438
B1134214731832N01011487EA0233702437
B1134224731829N01011486EA0233502436
B1134234731827N01011484EA0233302435
B1134244731826N01011483EA0233102434
B1134254731824N01011482EA0232802431
B1134264731821N01011481EA0232602430
B1134274731819N01011479EA0232302427
B1134284731816N01011478EA0232002423
B1134294731813N01011477EA0231702420
B1134304731811N01011476EA0231402419
B1134314731808N01011474EA0231102417
B1134324731805N01011473EA0230902417
B1134334731802N01011473EA0230902413
B1134344731799N01011472EA0230702411
B1134354731797N01011471EA0230502409
B1134364731794N01011470EA0230202406
B1134374731791N01011468EA0229902402
B1134384731787N01011465EA0229502399
B1134394731784N01011463EA0229302394
B1134404731780N01011461EA0229002392
B1134414731778N01011458EA0228802389
B1134424731775N01011455EA0228602386
B1134434731773N01011453EA0228402386
B1134444731771N01011450EA0228202384
B1134454731768N01011447EA0227902380
B1134464731766N01011445EA0227802378
B1134474731762N01011443EA0227502375
B1134484731759N01011440EA0227202371
B1134494731757N01011438EA0227102370
B1134504731754N01011436EA0226902368
B1134514731751N01011434EA0226702366
B1134524731748N01011432EA0226602365
B1134534731746N01011430EA0226402364
B1134544731744N01011428EA0226102362
B1134554731741N01011426EA0225802358
B1134564731739N01011424EA0225502356
B1134574731736N01011421EA0225302352
B1134584731734N01011418EA0225102351
B1134594731732N01011416EA0224902348
B1135004731730N01011414EA0224702344
B1135014731728N01011411EA0224402341
B1135024731726N01011409EA0224002337
B1135034731724N01011407EA0223802334
B1135044731721N01011404EA0223502331
B1135054731718N01011401EA0223302327
B1135064731715N01011398EA0223002323
B1135074731713N01011395EA0222802321
B1135084731712N01011392EA0222502320
B1135094731710N01011388EA0222202318
B1135104731708N01011384EA0222002315
B1135114731706N01011379EA0222102314
B1135124731704N01011376EA0222002312
B1135134731702N01011374EA0221802314
B1135144731700N01011371EA0221602311
B1135154731698N01011367EA0221502307
B1135164731697N01011363EA0221202305
B1135174731695N01011360EA0221002303
B1135184731692N01011357EA0220902301
B1135194731690N01011354EA0220702298
B1135204731688N01011352EA0220602299
B1135214731686N01011349EA0220302297
B1135224731684N01011346EA0220002295
B1135234731682N01011344EA0219802293
B1135244731679N01011340EA0219602290
B1135254731677N01011337EA0219302286
B1135264731674N01011333EA0219102285
B1135274731671N01011330EA0219002284
B1135284731669N01011327EA0218802283
B1135294731666N01011324EA0218702282
B1135304731663N01011321EA0218502279
B1135314731660N01011319EA0218202275
B1135324731658N01011317EA0218002273
B1135334731655N01011315EA0217702271
B1135344731652N01011312EA0217402268
B1135354731650N01011309EA0217202265
B1135364731647N01011306EA0217102265
B1135374731644N01011304EA0216802263
B1135384731641N01011301EA0216702260
B1135394731639N01011298EA0216502259
B1135404731636N01011295EA0216202256
B1135414731633N01011291EA0215902252
B1135424731630N01011287EA0215702252
B1135434731627N01011283EA0215502251
B1135444731626N01011280EA0215602249
B1135454731624N01011276EA0215502247
B1135464731622N01011273EA0215202244
B1135474731620N01011271EA0214802239
B1135484731617N01011268EA0214402236
B1135494731614N01011263EA0214102233
B1135504731612N01011259EA0214002232
B1135514731610N01011257EA0213802233
B1135524731608N01011254EA0213802232
B1135534731607N01011251EA0213702230
B1135544731606N01011248EA0213302227
B1135554731604N01011245EA0213002224
B1135564731602N01011241EA0212602221
B1135574731600N01011236EA0212402219
B1135584731598N01011232EA0212502217
B1135594731597N01011228EA0212302216
B1136004731595N01011224EA0212002214
B1136014731594N01011221EA0211902212
B1136024731592N01011216EA0211502207
B1136034731590N01011212EA0211302204
B1136044731589N01011208EA0211002205
B1136054731587N01011203EA0210702202
B1136064731586N01011197EA0210402200
B1136074731586N01011192EA0210302198
B1136084731586N01011187EA0210002197
B1136094731585N01011182EA0209802198
B1136104731585N01011178EA0209602196
B1136114731584N01011173EA0209302192
B1136124731583N01011168EA0209002189
B1136134731582N01011163EA0208802189
B1136144731580N01011157EA0208902187
B1136154731580N01011153EA0208802187
B1136164731580N01011149EA0208702187
B1136174731579N01011147EA0208602185
B1136184731579N01011143EA0208302182
B1136194731577N01011138EA0208002178
B1136204731576N01011134EA0207702179
B1136214731574N01011129EA0207602180
B1136224731572N01011126EA0207402178
B1136234731570N01011122EA0207302177
B1136244731568N01011120EA0207202177
B1136254731566N01011117EA0207102175
B1136264731563N01011114EA0206802173
B1136274731560N01011110EA0206502169
B1136284731558N01011106EA0206202166
B1136294731556N01011102EA0206102164
B1136304731555N01011097EA0206002162
B1136314731553N01011093EA0205802160
B1136324731552N01011089EA0205602159
B1136334731551N01011085EA0205502157
B1136344731549N01011080EA0205302156
B1136354731547N01011074EA0205102155
B1136364731544N01011069EA0205102152
B1136374731542N01011064EA0204902151
B1136384731540N01011059EA0204802150
B1136394731538N01011054EA0204602149
B1136404731536N01011049EA0204402149
B1136414731535N01011044EA0204402150
B1136424731534N01011039EA0204402148
B1136434731532N01011035EA0204302148
B1136444731530N01011031EA0204102147
B1136454731528N01011026EA0204002143
B1136464731526N01011020EA0203802142
B1136474731525N01011015EA0203802141
B1136484731522N01011009EA0203902137
B1136494731520N01011005EA0204002137
B1136504731518N01011002EA0204002137
B1136514731517N01010998EA0204002137
B1136524731516N01010993EA0203902134
B1136534731514N01010989EA0203702134
B1136544731513N01010984EA0203502131
B1136554731511N01010978EA0203302129
B1136564731509N01010972EA0203402128
B1136574731507N01010966EA0203402126
B1136584731505N01010960EA0203402126
B1136594731504N01010954EA0203502127
B1137004731503N01010948EA0203602129
B1137014731503N01010943EA0203802132
B1137024731503N01010939EA0203802133
B1137034731502N01010934EA0204002135
B1137044731500N01010928EA0204002136
B1137054731498N01010924EA0204202138
B1137064731496N01010919EA0204502140
B1137074731494N01010915EA0204702143
B1137084731493N01010911EA0204802144
B1137094731492N01010906EA0204902145
B1137104731490N01010901EA0204902145
B1137114731488N01010896EA0204702145
B1137124731486N01010892EA0204502146
B1137134731485N01010888EA0204402145
B1137144731483N01010884EA0204202143
B1137154731481N01010880EA0203902141
B1137164731479N01010876EA0203502139
B1137174731476N01010870EA0203202139
B1137184731474N01010864EA0203102137
B1137194731472N01010858EA0203202137
B1137204731470N01010855EA0203202137
B1137214731469N01010852EA0203302137
B1137224731468N01010849EA0203302137
B1137234731467N01010844EA0203202136
B1137244731465N01010839EA0203302136
B1137254731463N01010833EA0203302134
B1137264731463N01010828EA0203602134
B1137274731462N01010823EA0203702135
B1137284731462N01010819EA0203802135
B1137294731462N01010815EA0203902136
B1137304731462N01010811EA0203902135
B1137314731462N01010807EA0203702135
B1137324731461N01010803EA0203602134
B1137334731460N01010798EA0203402131
B1137344731458N01010793EA0203202129
B1137354731456N01010787EA0203102127
B1137364731455N01010782EA0203102125
B1137374731453N01010777EA0203002123
B1137384731451N01010773EA0202802122
B1137394731449N01010768EA0202702120
B1137404731447N01010762EA0202602118
B1137414731444N01010757EA0202702117
B1137424731441N01010750EA0202702115
B1137434731440N01010747EA0202802117
B1137444731438N01010745EA0202802116
B1137454731436N01010743EA0202702116
B1137464731434N01010739EA0202502116
B1137474731431N01010735EA0202502115
B1137484731429N01010731EA0202502115
B1137494731427N01010727EA0202502116
B1137504731425N01010722EA0202502114
B1137514731424N01010719EA0202502114
B1137524731422N01010714EA0202502114
B1137534731420N01010710EA0202502114
B1137544731418N01010706EA0202402113
B1137554731416N01010703EA0202202113
B1137564731414N01010699EA0202202112
B1137574731412N01010694EA0202202113
B1137584731410N01010690EA0202202113
B1137594731408N01010685EA0202202112
B1138004731406N01010681EA0202202111
B1138014731404N01010678EA0202102110
B1138024731402N01010674EA0202002106
B1138034731399N01010670EA0201802103
B1138044731397N01010666EA0201702102
B1138054731395N01010661EA0201702101
B1138064731392N01010657EA0201602100
B1138074731390N01010653EA0201402100
B1138084731387N01010649EA0201202098
B1138094731385N01010645EA0201002098
B1138104731382N01010641EA0200802097
B1138114731379N01010637EA0200602098
B1138124731376N01010633EA0200602098
B1138134731373N01010628EA0200602097
B1138144731371N01010624EA0200302096
B1138154731369N01010619EA0200302094
B1138164731366N01010615EA0200102091
B1138174731364N01010611EA0200002088
B1138184731362N01010607EA0199802087
B1138194731360N01010603EA0199602087
B1138204731357N01010599EA0199402086
B1138214731354N01010594EA0199302087
B1138224731352N01010589EA0199302087
B1138234731349N01010584EA0199202086
B1138244731347N01010579EA0199102086
B1138254731345N01010574EA0199002086
B1138264731343N01010569EA0198902084
B1138274731341N01010564EA0198702084
B1138284731339N01010560EA0198502083
B1138294731338N01010555EA0198302083
B1138304731336N01010550EA0198202081
B1138314731335N01010544EA0198002076
B1138324731334N01010539EA0197902075
B1138334731332N01010534EA0197702071
B1138344731330N01010529EA0197602071
B1138354731329N01010524EA0197402069
B1138364731327N01010520EA0197202067
B1138374731325N01010515EA0197002065
B1138384731323N01010511EA0196802064
B1138394731320N01010507EA0196602061
B1138404731318N01010503EA0196402058
B1138414731315N01010500EA0196202056
B1138424731312N01010496EA0196002053
B1138434731309N01010493EA0195802051
B1138444731306N01010490EA0195502049
B1138454731303N01010487EA0195302047
B1138464731299N01010484EA0195102043
B1138474731297N01010481EA0194802041
B1138484731294N01010477EA0194602040
B1138494731292N01010473EA0194302038
B1138504731289N01010469EA0194202036
B1138514731287N01010465EA0193902034
B1138524731285N01010461EA0193802032
B1138534731283N01010457EA0193502030
B1138544731281N01010453EA0193402028
B1138554731280N01010449EA0193302027
B1138564731279N01010445EA0193102026
B1138574731278N01010441EA0193002025
B1138584731277N01010437EA0192902022
B1138594731276N01010434EA0192802019
B1139004731275N01010430EA0192602016
B1139014731274N01010427EA0192502014
B1139024731273N01010423EA0192402013
B1139034731272N01010418EA0192402012
B1139044731271N01010413EA0192402012
B1139054731270N01010410EA0192402010
B1139064731270N01010406EA0192302009
B1139074731270N01010401EA0192102007
B1139084731270N01010396EA0192002007
B1139094731269N01010391EA0192002005
B1139104731269N01010386EA0191802007
B1139114731268N01010382EA0191702007
B1139124731268N01010378EA0191402006
B1139134731268N01010373EA0191302003
B1139144731268N01010368EA0191002000
B1139154731268N01010363EA0190701999
B1139164731266N01010358EA0190501994
B1139174731265N01010353EA0190301993
B1139184731264N01010350EA0190201993
B1139194731262N01010345EA0190001990
B1139204731261N01010342EA0189901988
B1139214731259N01010338EA0189701985
B1139224731257N01010334EA0189401984
B1139234731256N01010331EA0189101982
B1139244731253N01010327EA0189001980
B1139254731251N01010322EA0189001979
B1139264731248N01010317EA0188801976
B1139274731244N01010312EA0188801975
B1139284731241N01010307EA0188801975
B1139294731239N01010303EA0188801976
B1139304731236N01010298EA0188701975
B1139314731233N01010293EA0188701975
B1139324731230N01010287EA0188601973
B1139334731227N01010282EA0188601974
B1139344731224N01010277EA0188701974
B1139354731222N01010273EA0188701976
B1139364731219N01010269EA0188801978
B1139374731218N01010265EA0188801978
B1139384731215N01010261EA0188701977
B1139394731213N01010257EA0188601976
B1139404731210N01010251EA0188501975
B1139414731208N01010247EA0188601977
B1139424731204N01010243EA0188601978
B1139434731202N01010239EA0188601978
B1139444731200N01010237EA0188501978
B1139454731197N01010233EA0188301975
B1139464731196N01010228EA0188001973
B1139474731194N01010224EA0187701972
B1139484731192N01010219EA0187701968
B1139494731190N01010216EA0187501967
B1139504731188N01010213EA0187401964
B1139514731187N01010210EA0187101961
B1139524731186N01010207EA0186701957
B1139534731183N01010203EA0186501955
B1139544731181N01010199EA0186301952
B1139554731179N01010196EA0186001952
B1139564731176N01010192EA0185901951
B1139574731174N01010189EA0185601950
B1139584731172N01010185EA0185601949
B1139594731170N01010181EA0185301947
B1140004731166N01010178EA0185101943
B1140014731164N01010174EA0185001942
B1140024731162N01010170EA0184801941
B1140034731160N01010165EA0184601939
B1140044731158N01010160EA0184501938
B1140054731156N01010155EA0184301936
B1140064731154N01010151EA0184201933
B1140074731153N01010147EA0184001931
B1140084731152N01010143EA0183701930
B1140094731151N01010138EA0183401926
B1140104731149N01010134EA0183101924
B1140114731147N01010128EA0182701919
B1140124731146N01010124EA0182401916
B1140134731145N01010119EA0182101914
B1140144731144N01010113EA0181701909
B1140154731144N01010107EA0181401908
B1140164731143N01010101EA0181201905
B1140174731142N01010096EA0181001903
B1140184731140N01010091EA0180901900
B1140194731140N01010086EA0180701898
B1140204731139N01010081EA0180501897
B1140214731137N01010076EA0180201894
B1140224731135N01010071EA0180001891
B1140234731133N01010066EA0179701886
B1140244731131N01010061EA0179501886
B1140254731129N01010057EA0179201883
B1140264731127N01010053EA0179001882
B1140274731124N01010048EA0178901877
B1140284731122N01010044EA0178701875
B1140294731121N01010041EA0178501875
B1140304731119N01010039EA0178301873
B1140314731117N01010035EA0178101869
B1140324731115N01010032EA0177801868
B1140334731113N01010028EA0177601866
B1140344731112N01010025EA0177401863
B1140354731110N01010021EA0177201862
B1140364731109N01010017EA0177001860
B1140374731108N01010014EA0176801856
B1140384731105N01010011EA0176601852
B1140394731102N01010009EA0176301849
B1140404731099N01010006EA0176101848
B1140414731097N01010005EA0175901846
B1140424731093N01010002EA0175701844
B1140434731090N01010000EA0175601841
B1140444731087N01009997EA0175401838
B1140454731084N01009994EA0175201835
B1140464731082N01009991EA0174901833
B1140474731080N01009988EA0174701830
B1140484731078N01009986EA0174501831
B1140494731076N01009983EA0174301831
B1140504731075N01009981EA0174001832
B1140514731074N01009978EA0173801831
B1140524731072N01009974EA0173601829
B1140534731070N01009969EA0173301827
B1140544731068N01009965EA0173101826
B1140554731066N01009961EA0172901824
B1140564731063N01009957EA0172701821
B1140574731061N01009953EA0172301820
B1140584731059N01009948EA0172201816
B1140594731058N01009943EA0172001814
B1141004731056N01009939EA0171801815
B1141014731054N01009935EA0171601812
B1141024731052N01009930EA0171401807
B1141034731049N01009924EA0171201803
B1141044731047N01009920EA0171101799
B1141054731044N01009918EA0170901796
B1141064731040N01009918EA0170601794
B1141074731035N01009920EA0170301790
B1141084731031N01009926EA0170001789
B1141094731025N01009931EA0169801783
B1141104731021N01009939EA0169701782
B1141114731019N01009946EA0169501780
B1141124731017N01009954EA0169201776
B1141134731014N01009962EA0168901773
B1141144731012N01009972EA0168501772
B1141154731011N01009982EA0168201770
B1141164731008N01009992EA0167901766
B1141174731006N01010001EA0167601764
B1141184731005N01010010EA0167301761
B1141194731003N01010019EA0167001758
B1141204731002N01010030EA0166601753
B1141214731000N01010040EA0166501749
B1141224730999N01010051EA0166301748
B1141234730999N01010063EA0166301752
B1141244731000N01010072EA0166601754
B1141254730999N01010081EA0166701754
B1141264730999N01010090EA0166701755
B1141274730997N01010099EA0166601754
B1141284730996N01010108EA0166501754
B1141294730994N01010119EA0166401754
B1141304730993N01010129EA0166301753
B1141314730993N01010139EA0166401753
B1141324730994N01010149EA0166301754
B1141334730995N01010158EA0166301754
B1141344730997N01010167EA0166201754
B1141354730998N01010176EA0166201753
B1141364731000N01010186EA0166101754
B1141374731002N01010196EA0166501756
B1141384731004N01010206EA0166801759
B1141394731005N01010214EA0167201761
B1141404731006N01010220EA0167101761
B1141414731006N01010227EA0166801761
B1141424731006N01010235EA0166501759
B1141434731005N01010244EA0166101755
B1141444731006N01010255EA0166001755
B1141454731008N01010263EA0166301756
B1141464731010N01010270EA0166401757
B1141474731012N01010274EA0166501757
B1141484731013N01010280EA0166401756
B1141494731016N01010286EA0166201755
B1141504731018N01010293EA0166001753
B1141514731022N01010302EA0166001753
B1141524731026N01010310EA0165901751
B1141534731028N01010319EA0165801750
B1141544731029N01010329EA0165801747
B1141554731027N01010338EA0165501744
B1141564731024N01010345EA0165401744
B1141574731019N01010350EA0165501743
B1141584731016N01010355EA0165701748
B1141594731013N01010359EA0166001747
B1142004731010N01010363EA0165601747
B1142014731007N01010368EA0165401745
B1142024731004N01010376EA0164901739
B1142034730999N01010384EA0164401732
B1142044730993N01010392EA0164001730
B1142054730988N01010399EA0163801729
B1142064730984N01010407EA0163701727
B1142074730980N01010416EA0163401723
B1142084730977N01010426EA0163101719
B1142094730973N01010435EA0162801716
B1142104730969N01010445EA0162701714
B1142114730964N01010454EA0162501713
B1142124730960N01010464EA0162501712
B1142134730957N01010474EA0162401713
B1142144730954N01010485EA0162401713
B1142154730950N01010495EA0162301713
B1142164730947N01010505EA0162401713
B1142174730944N01010514EA0162301711
B1142184730941N01010523EA0162101710
B1142194730938N01010532EA0162001709
B1142204730935N01010541EA0161801707
B1142214730932N01010550EA0161401704
B1142224730930N01010560EA0161201701
B1142234730927N01010570EA0160801697
B1142244730924N01010579EA0160201692
B1142254730921N01010589EA0159701687
B1142264730917N01010598EA0159301683
B1142274730914N01010608EA0158901679
B1142284730912N01010619EA0158701676
B1142294730909N01010629EA0158301673
B1142304730906N01010639EA0158101671
B1142314730904N01010649EA0157801668
B1142324730901N01010659EA0157401664
B1142334730898N01010670EA0157001660
B1142344730896N01010681EA0156501655
B1142354730893N01010693EA0156201652
B1142364730890N01010705EA0155901651
B1142374730886N01010716EA0155901650
B1142384730883N01010725EA0155801648
B1142394730880N01010733EA0155701646
B1142404730878N01010742EA0155501644
B1142414730876N01010751EA0155101641
B1142424730873N01010760EA0154801637
B1142434730871N01010769EA0154501634
B1142444730867N01010779EA0154201631
B1142454730864N01010788EA0153901628
B1142464730861N01010798EA0153701625
B1142474730859N01010808EA0153401622
B1142484730856N01010818EA0153201620
B1142494730853N01010827EA0153001618
B1142504730849N01010836EA0152901617
B1142514730845N01010845EA0152701615
B1142524730841N01010855EA0152601615
B1142534730837N01010864EA0152601614
B1142544730834N01010873EA0152401613
B1142554730829N01010881EA0152301611
B1142564730825N01010889EA0152301611
B1142574730820N01010898EA0152201610
B1142584730817N01010906EA0152201610
B1142594730813N01010914EA0152101609
B1143004730809N01010922EA0151901607
B1143014730806N01010930EA0151701604
B1143024730803N01010939EA0151401601
B1143034730799N01010948EA0151001597
B1143044730796N01010957EA0150801595
B1143054730793N01010965EA0150601594
B1143064730790N01010973EA0150501592
B1143074730788N01010982EA0150201590
B1143084730787N01010991EA0149901586
B1143094730784N01010999EA0149401582
B1143104730782N01011007EA0149101578
B1143114730779N01011015EA0148501572
B1143124730777N01011025EA0147901566
B1143134730774N01011037EA0147401560
B1143144730771N01011048EA0146901556
B1143154730768N01011059EA0146601553
B1143164730765N01011069EA0146301550
B1143174730761N01011078EA0145901546
B1143184730758N01011088EA0145501541
B1143194730754N01011098EA0144901537
B1143204730750N01011110EA0144601533
B1143214730746N01011121EA0144201529
B1143224730742N01011131EA0143901526
B1143234730738N01011141EA0143701523
B1143244730734N01011151EA0143401520
B1143254730730N01011161EA0143001517
B1143264730726N01011171EA0142701514
B1143274730722N01011182EA0142401511
B1143284730718N01011191EA0142201509
B1143294730714N01011200EA0142101506
B1143304730710N01011210EA0141801504
B1143314730706N01011219EA0141401501
B1143324730702N01011230EA0141201498
B1143334730698N01011240EA0141001497
B1143344730694N01011249EA0140901496
B1143354730690N01011258EA0140701494
B1143364730687N01011268EA0140501491
B1143374730683N01011277EA0140201488
B1143384730679N01011287EA0139801485
B1143394730675N01011297EA0139501481
B1143404730671N01011308EA0139201478
B1143414730667N01011319EA0139001476
B1143424730664N01011328EA0138901474
B1143434730661N01011337EA0138701473
B1143444730658N01011346EA0138401471
B1143454730655N01011355EA0138101468
B1143464730653N01011364EA0137801464
B1143474730650N01011374EA0137501461
B1143484730647N01011384EA0137301459
B1143494730644N01011393EA0137201458
B1143504730642N01011403EA0137001456
B1143514730639N01011411EA0136901455
B1143524730637N01011420EA0136801453
B1143534730635N01011429EA0136501450
B1143544730632N01011439EA0136401448
B1143554730629N01011450EA0136201447
B1143564730626N01011460EA0136101446
B1143574730623N01011470EA0135901445
B1143584730619N01011480EA0136001445
B1143594730617N01011491EA0135901445
B1144004730615N01011502EA0135901445
B1144014730613N01011512EA0135701444
B1144024730611N01011522EA0135601442
B1144034730608N01011533EA0135401440
B1144044730605N01011544EA0135301439
B1144054730603N01011555EA0135201438
B1144064730601N01011566EA0135401439
B1144074730599N01011576EA0135401439
B1144084730597N01011585EA0135301438
B1144094730595N01011594EA0135201437
B1144104730593N01011603EA0135201436
B1144114730591N01011612EA0135101436
B1144124730589N01011621EA0135201437
B1144134730587N01011629EA0135201437
B1144144730584N01011636EA0135301438
B1144154730580N01011641EA0135301437
B1144164730576N01011645EA0135301437
B1144174730572N01011648EA0135301438
B1144184730570N01011649EA0135401438
B1144194730568N01011648EA0135301438
B1144204730569N01011646EA0135101437
B1144214730570N01011645EA0134901435
B1144224730573N01011643EA0135001436
B1144234730576N01011644EA0135101436
B1144244730579N01011647EA0135001436
B1144254730584N01011651EA0134801434
B1144264730590N01011657EA0134601432
B1144274730594N01011664EA0134601432
B1144284730598N01011674EA0134601432
B1144294730599N01011684EA0134501431
B1144304730598N01011695EA0134501429
B1144314730597N01011705EA0134401429
B1144324730596N01011714EA0134401429
B1144334730595N01011722EA0134301428
B1144344730594N01011731EA0134201427
B1144354730592N01011740EA0134001426
B1144364730590N01011749EA0134001425
B1144374730588N01011758EA0133901425
B1144384730585N01011764EA0134001425
B1144394730582N01011769EA0133901425
B1144404730579N01011772EA0133801424
B1144414730576N01011773EA0133901424
B1144424730571N01011776EA0134001425
B1144434730568N01011779EA0134201427
B1144444730564N01011784EA0134301428
B1144454730561N01011789EA0134401429
B1144464730558N01011797EA0134501430
B1144474730556N01011807EA0134601431
B1144484730555N01011819EA0134701432
B1144494730556N01011830EA0134901434
B1144504730558N01011841EA0135001435
B1144514730562N01011851EA0135001436
B1144524730567N01011859EA0135001436
B1144534730572N01011865EA0135101437
B1144544730577N01011868EA0135101437
B1144554730582N01011868EA0135101437
B1144564730585N01011866EA0135201437
B1144574730585N01011862EA0135201438
B1144584730583N01011860EA0135301439
B1144594730580N01011860EA0135401439
B1145004730575N01011863EA0135501441
B1145014730571N01011868EA0135701443
B1145024730569N01011876EA0135801444
B1145034730567N01011885EA0135901446
B1145044730566N01011894EA0136101447
B1145054730566N01011904EA0136101447
B1145064730568N01011913EA0136101447
B1145074730571N01011922EA0136001446
B1145084730577N01011931EA0136001446
B1145094730583N01011937EA0135901446
B1145104730589N01011940EA0136001447
B1145114730594N01011940EA0136101447
B1145124730597N01011939EA0136101447
B1145134730599N01011936EA0136201448
B1145144730599N01011934EA0136301449
B1145154730596N01011933EA0136301449
B1145164730593N01011934EA0136301449
B1145174730589N01011937EA0136301449
B1145184730585N01011942EA0136401451
B1145194730581N01011948EA0136601452
B1145204730580N01011956EA0136601453
B1145214730579N01011965EA0136601453
B1145224730579N01011975EA0136701453
B1145234730581N01011986EA0136701453
B1145244730585N01011996EA0136601452
B1145254730590N01012004EA0136501451
B1145264730596N01012009EA0136501451
B1145274730602N01012012EA0136401450
B1145284730608N01012013EA0136401450
B1145294730612N01012011EA0136401451
B1145304730614N01012009EA0136501451
B1145314730615N01012007EA0136601452
B1145324730615N01012005EA0136601453
B1145334730613N01012004EA0136601453
B1145344730611N01012004EA0136601453
B1145354730607N01012004EA0136701453
B1145364730604N01012005EA0136701454
B1145374730601N01012007EA0136801454
B1145384730597N01012012EA0136801455
B1145394730593N01012018EA0136901455
B1145404730590N01012027EA0136901455
B1145414730589N01012037EA0137001456
B1145424730588N01012048EA0137101457
B1145434730589N01012059EA0137101457
B1145444730592N01012069EA0137101457
B1145454730596N01012079EA0137201458
B1145464730602N01012086EA0137301459
B1145474730608N01012091EA0137301459
B1145484730614N01012094EA0137301460
B1145494730619N01012096EA0137301460
B1145504730623N01012095EA0137301459
B1145514730626N01012093EA0137201459
B1145524730628N01012090EA0137201459
B1145534730628N01012086EA0137301460
B1145544730628N01012084EA0137501462
B1145554730626N01012083EA0137601463
B1145564730623N01012084EA0137601463
B1145574730619N01012087EA0137601463
B1145584730615N01012092EA0137701464
B1145594730611N01012099EA0138001466
B1146004730609N01012108EA0138201469
B1146014730608N01012117EA0138301470
B1146024730609N01012128EA0138501471
B1146034730610N01012139EA0138501472
B1146044730612N01012151EA0138601472
B1146054730615N01012162EA0138701473
B1146064730621N01012171EA0138801474
B1146074730627N01012177EA0138901474
B1146084730633N01012179EA0139001476
B1146094730638N01012179EA0139101477
B1146104730641N01012177EA0139101477
B1146114730643N01012174EA0139201478
B1146124730644N01012171EA0139201479
B1146134730643N01012170EA0139301480
B1146144730642N01012169EA0139301480
B1146154730639N01012169EA0139401480
B1146164730634N01012172EA0139401480
B1146174730630N01012177EA0139601483
B1146184730627N01012184EA0139801485
B1146194730625N01012193EA0140001487
B1146204730625N01012204EA0140101488
B1146214730626N01012216EA0140201489
B1146224730629N01012228EA0140301490
B1146234730634N01012239EA0140501491
B1146244730639N01012248EA0140601492
B1146254730645N01012254EA0140701493
B1146264730651N01012256EA0140801494
B1146274730656N01012257EA0140901496
B1146284730661N01012256EA0141001497
B1146294730663N01012255EA0141101498
B1146304730663N01012253EA0141101498
B1146314730662N01012251EA0141101498
B1146324730659N01012251EA0141301500
B1146334730656N01012253EA0141401502
B1146344730653N01012257EA0141501503
B1146354730650N01012263EA0141701504
B1146364730647N01012269EA0141801506
B1146374730645N01012277EA0142001507
B1146384730644N01012287EA0142001507
B1146394730645N01012298EA0141901507
B1146404730648N01012309EA0141901507
B1146414730651N01012320EA0141901507
B1146424730655N01012329EA0142001508
B1146434730661N01012337EA0142001507
B1146444730668N01012342EA0142001507
B1146454730675N01012345EA0142101507
B1146464730681N01012346EA0142301509
B1146474730685N01012345EA0142401511
B1146484730688N01012344EA0142501512
B1146494730689N01012343EA0142501513
B1146504730689N01012342EA0142601513
B1146514730688N01012341EA0142701514
B1146524730686N01012341EA0142801515
B1146534730683N01012343EA0142901516
B1146544730680N01012347EA0143001517
B1146554730677N01012353EA0143001518
B1146564730674N01012359EA0143201519
B1146574730672N01012367EA0143201520
B1146584730672N01012376EA0143201520
B1146594730672N01012387EA0143101519
B1147004730674N01012398EA0143201519
B1147014730676N01012409EA0143201520
B1147024730680N01012420EA0143301520
B1147034730685N01012428EA0143201520
B1147044730691N01012435EA0143201520
B1147054730697N01012440EA0143201520
B1147064730703N01012442EA0143301520
B1147074730708N01012442EA0143301521
B1147084730712N01012441EA0143401522
B1147094730714N01012440EA0143501523
B1147104730715N01012438EA0143501523
B1147114730714N01012438EA0143601523
B1147124730712N01012438EA0143601524
B1147134730710N01012439EA0143601523
B1147144730707N01012442EA0143601524
B1147154730704N01012446EA0143601524
B1147164730702N01012454EA0143701524
B1147174730700N01012463EA0143701524
B1147184730700N01012474EA0143701524
B1147194730701N01012484EA0143801524
B1147204730703N01012495EA0143801524
B1147214730707N01012505EA0143801524
B1147224730712N01012513EA0143801523
B1147234730717N01012520EA0143801524
B1147244730723N01012525EA0143701522
B1147254730729N01012528EA0143601523
B1147264730734N01012528EA0143601524
B1147274730739N01012528EA0143701524
B1147284730742N01012526EA0143801524
B1147294730744N01012525EA0143801525
B1147304730745N01012524EA0143901525
B1147314730745N01012524EA0143901526
B1147324730745N01012524EA0143801524
B1147334730745N01012526EA0143701524
B1147344730742N01012528EA0143401522
B1147354730739N01012532EA0143301520
B1147364730734N01012537EA0143301520
B1147374730731N01012545EA0143201522
B1147384730727N01012553EA0143201521
B1147394730723N01012561EA0143301521
B1147404730720N01012569EA0143201521
B1147414730717N01012577EA0143301521
B1147424730713N01012585EA0143401523
B1147434730709N01012592EA0143401524
B1147444730706N01012600EA0143501524
B1147454730703N01012607EA0143501524
B1147464730699N01012614EA0143501524
B1147474730696N01012622EA0143401524
B1147484730693N01012629EA0143401524
B1147494730690N01012638EA0143501524
B1147504730687N01012646EA0143601524
B1147514730684N01012655EA0143801526
B1147524730681N01012663EA0143901527
B1147534730679N01012669EA0144001528
B1147544730676N01012674EA0143901529
B1147554730672N01012676EA0144001528
B1147564730670N01012676EA0143901528
B1147574730668N01012674EA0143801526
B1147584730667N01012672EA0143801526
B1147594730669N01012669EA0143901528
B1148004730671N01012667EA0143901529
B1148014730677N01012667EA0143801529
B1148024730683N01012670EA0143801528
B1148034730689N01012675EA0144001530
B1148044730694N01012683EA0144101531
B1148054730698N01012692EA0144001530
B1148064730700N01012703EA0144001530
B1148074730700N01012714EA0144101530
B1148084730699N01012725EA0144001531
B1148094730696N01012733EA0144101532
B1148104730693N01012738EA0144201533
B1148114730689N01012741EA0144201533
B1148124730687N01012741EA0144201533
B1148134730686N01012739EA0144401533
B1148144730686N01012737EA0144501534
B1148154730688N01012736EA0144601536
B1148164730691N01012735EA0144801537
B1148174730696N01012736EA0144801537
B1148184730701N01012739EA0144801537
B1148194730707N01012746EA0144901537
B1148204730711N01012756EA0144901538
B1148214730713N01012766EA0144801538
B1148224730714N01012777EA0145001538
B1148234730713N01012787EA0145001538
B1148244730710N01012796EA0145101538
B1148254730707N01012801EA0145201538
B1148264730704N01012805EA0145301539
B1148274730701N01012808EA0145301540
B1148284730699N01012809EA0145301540
B1148294730697N01012807EA0145401541
B1148304730697N01012805EA0145601544
B1148314730699N01012803EA0145601545
B1148324730703N01012803EA0145701546
B1148334730709N01012807EA0145801547
B1148344730715N01012814EA0146001547
B1148354730719N01012824EA0146001547
B1148364730722N01012835EA0146101547
B1148374730723N01012847EA0146201547
B1148384730721N01012857EA0146101547
B1148394730719N01012866EA0146201546
B1148404730716N01012873EA0146301546
B1148414730713N01012877EA0146301547
B1148424730711N01012877EA0146301546
B1148434730710N01012875EA0146401547
B1148444730712N01012873EA0146501549
B1148454730715N01012872EA0146601551
B1148464730721N01012874EA0146701551
B1148474730726N01012880EA0146801552
B1148484730731N01012889EA0146801553
B1148494730734N01012901EA0146901553
B1148504730734N01012913EA0147001553
B1148514730733N01012923EA0147101555
B1148524730731N01012931EA0147401556
B1148534730727N01012935EA0147401556
B1148544730724N01012937EA0147501557
B1148554730721N01012938EA0147601560
B1148564730720N01012937EA0147801561
B1148574730721N01012936EA0147901562
B1148584730724N01012935EA0148001564
B1148594730729N01012936EA0147901564
B1149004730735N01012940EA0148001565
B1149014730740N01012947EA0148001566
B1149024730745N01012957EA0148101567
B1149034730748N01012969EA0148201568
B1149044730747N01012980EA0148401570
B1149054730745N01012989EA0148501572
B1149064730742N01012996EA0148701573
B1149074730739N01012999EA0148801574
B1149084730736N01013003EA0149001577
B1149094730732N01013005EA0149101579
B1149104730729N01013007EA0149201580
B1149114730727N01013007EA0149301581
B1149124730727N01013006EA0149301581
B1149134730727N01013003EA0149401582
B1149144730729N01012999EA0149501584
B1149154730733N01012998EA0149701584
B1149164730738N01012999EA0149801586
B1149174730744N01013005EA0150001586
B1149184730749N01013013EA0150101586
B1149194730752N01013024EA0150101587
B1149204730754N01013035EA0150201588
B1149214730754N01013047EA0150301588
B1149224730752N01013057EA0150301589
B1149234730748N01013065EA0150301590
B1149244730744N01013069EA0150301589
B1149254730739N01013070EA0150301590
B1149264730737N01013067EA0150401590
B1149274730736N01013063EA0150501592
B1149284730739N01013060EA0150601595
B1149294730742N01013059EA0150801596
B1149304730747N01013061EA0151001597
B1149314730753N01013064EA0151101598
B1149324730758N01013070EA0151201599
B1149334730763N01013078EA0151301598
B1149344730766N01013088EA0151301597
B1149354730767N01013100EA0151301598
B1149364730766N01013111EA0151301598
B1149374730763N01013120EA0151401598
B1149384730759N01013126EA0151401597
B1149394730755N01013128EA0151401599
B1149404730751N01013127EA0151401599
B1149414730750N01013124EA0151501599
B1149424730749N01013121EA0151601602
B1149434730751N01013118EA0151801604
B1149444730754N01013116EA0152001607
B1149454730758N01013117EA0152201610
B1149464730763N01013121EA0152401611
B1149474730767N01013126EA0152601613
B1149484730772N01013134EA0152601612
B1149494730776N01013143EA0152701613
B1149504730777N01013155EA0152801614
B1149514730776N01013166EA0152801613
B1149524730772N01013175EA0152601612
B1149534730767N01013180EA0152701613
B1149544730762N01013180EA0152701612
B1149554730759N01013179EA0152901613
B1149564730757N01013177EA0153001615
B1149574730755N01013174EA0153301617
B1149584730755N01013173EA0153601621
B1149594730755N01013172EA0153801624
B1150004730758N01013173EA0153901625
B1150014730763N01013175EA0153901626
B1150024730768N01013179EA0154201627
B1150034730773N01013185EA0154401629
B1150044730777N01013195EA0154501630
B1150054730779N01013207EA0154601631
B1150064730778N01013219EA0154601632
B1150074730775N01013229EA0155001634
B1150084730772N01013236EA0155001635
B1150094730767N01013238EA0154901636
B1150104730762N01013238EA0155001637
B1150114730759N01013239EA0155301641
B1150124730756N01013239EA0155501644
B1150134730754N01013240EA0155701647
B1150144730755N01013240EA0155701647
B1150154730756N01013239EA0155701648
B1150164730758N01013239EA0155801649
B1150174730763N01013240EA0155901651
B1150184730769N01013243EA0156001652
B1150194730774N01013251EA0156201654
B1150204730777N01013263EA0156101654
B1150214730777N01013277EA0156101654
B1150224730775N01013289EA0156301656
B1150234730771N01013298EA0156601657
B1150244730767N01013303EA0156601658
B1150254730764N01013306EA0156601658
B1150264730761N01013305EA0156601658
B1150274730760N01013303EA0156701659
B1150284730761N01013301EA0157001662
B1150294730763N01013301EA0157201663
B1150304730767N01013304EA0157301665
B1150314730773N01013309EA0157401666
B1150324730779N01013317EA0157601668
B1150334730783N01013328EA0157701669
B1150344730785N01013340EA0157701669
B1150354730786N01013352EA0157801669
B1150364730785N01013364EA0157901670
B1150374730782N01013375EA0158001670
B1150384730778N01013383EA0158101669
B1150394730775N01013388EA0158101669
B1150404730771N01013390EA0158001670
B1150414730768N01013389EA0158001671
B1150424730767N01013387EA0158101670
B1150434730767N01013385EA0158201672
B1150444730769N01013384EA0158301672
B1150454730772N01013383EA0158501672
B1150464730776N01013384EA0158701674
B1150474730781N01013388EA0158901675
B1150484730786N01013393EA0158901676
B1150494730791N01013402EA0159001675
B1150504730795N01013412EA0158801673
B1150514730797N01013425EA0158701671
B1150524730798N01013438EA0158501671
B1150534730797N01013450EA0158501670
B1150544730793N01013460EA0158401669
B1150554730789N01013466EA0158401669
B1150564730785N01013468EA0158401669
B1150574730782N01013469EA0158501671
B1150584730780N01013469EA0158801672
B1150594730778N01013470EA0159001673
B1151004730777N01013471EA0159101673
B1151014730776N01013472EA0159301674
B1151024730775N01013472EA0159301674
B1151034730773N01013471EA0159301675
B1151044730770N01013471EA0159401677
B1151054730769N01013471EA0159601680
B1151064730767N01013471EA0159801683
B1151074730766N01013471EA0160001684
B1151084730765N01013471EA0160201686
B1151094730764N01013471EA0160401689
B1151104730764N01013470EA0160701691
B1151114730763N01013470EA0161001694
B1151124730762N01013470EA0161201695
B1151134730761N01013470EA0161301697
B1151144730760N01013469EA0161301698
B1151154730759N01013469EA0161401698
B1151164730758N01013468EA0161401699
B1151174730757N01013467EA0161501700
B1151184730757N01013465EA0161701701
B1151194730757N01013464EA0161901703
B1151204730757N01013463EA0162001702
B1151214730756N01013462EA0162201704
B1151224730756N01013461EA0162301703
B1151234730755N01013460EA0162301705
B1151244730754N01013458EA0162501707
B1151254730754N01013457EA0162601709
B1151264730753N01013456EA0162701710
B1151274730752N01013456EA0162801711
B1151284730752N01013455EA0162901712
B1151294730751N01013454EA0163001713
B1151304730750N01013453EA0163001714
B1151314730750N01013452EA0163001716
B1151324730749N01013450EA0163201716
B1151334730748N01013449EA0163301719
B1151344730747N01013447EA0163401721
B1151354730746N01013445EA0163601723
B1151364730746N01013444EA0163701723
B1151374730745N01013442EA0163701724
B1151384730744N01013439EA0163701724
B1151394730743N01013437EA0163801726
B1151404730742N01013435EA0164001729
B1151414730742N01013434EA0164101732
B1151424730741N01013432EA0164301733
B1151434730740N01013431EA0164301733
B1151444730739N01013430EA0164401732
B1151454730739N01013429EA0164501734
B1151464730738N01013427EA0164501736
B1151474730738N01013424EA0164601737
B1151484730738N01013422EA0164701739
B1151494730737N01013420EA0164901741
B1151504730737N01013419EA0165001741
B1151514730737N01013418EA0165101741
B1151524730736N01013417EA0165101742
B1151534730735N01013414EA0165101742
B1151544730734N01013412EA0165101742
B1151554730733N01013410EA0165201743
B1151564730732N01013408EA0165301743
B1151574730731N01013407EA0165401742
B1151584730730N01013405EA0165401744
B1151594730729N01013404EA0165501744
B1152004730728N01013403EA0165401744
B1152014730727N01013401EA0165401744
B1152024730727N01013400EA0165401744
B1152034730726N01013398EA0165401744
B1152044730725N01013397EA0165401743
B1152054730724N01013395EA0165401744
B1152064730723N01013393EA0165501744
B1152074730722N01013391EA0165501745
B1152084730720N01013389EA0165401744
B1152094730719N01013387EA0165501743
B1152104730717N01013385EA0165501743
B1152114730716N01013383EA0165501744
B1152124730714N01013381EA0165601745
B1152134730713N01013378EA0165601746
B1152144730711N01013376EA0165701745
B1152154730710N01013374EA0165801744
B1152164730708N01013371EA0165801745
B1152174730707N01013369EA0165901746
B1152184730705N01013367EA0165901745
B1152194730704N01013364EA0165901745
B1152204730702N01013362EA0166001747
B1152214730700N01013359EA0166101750
B1152224730699N01013357EA0166201749
B1152234730698N01013354EA0166301751
B1152244730697N01013353EA0166301752
B1152254730695N01013350EA0166301754
B1152264730694N01013348EA0166401754
B1152274730692N01013345EA0166401755
B1152284730690N01013343EA0166401756
B1152294730689N01013340EA0166401757
B1152304730687N01013337EA0166301757
B1152314730684N01013335EA0166201756
B1152324730681N01013333EA0166101756
B1152334730678N01013330EA0166101755
B1152344730675N01013327EA0166101756
B1152354730673N01013324EA0166301758
B1152364730670N01013322EA0166301758
B1152374730667N01013320EA0166301758
B1152384730664N01013318EA0166301756
B1152394730661N01013316EA0166301756
B1152404730657N01013315EA0166301754
B1152414730653N01013313EA0166201753
B1152424730649N01013310EA0166001753
B1152434730646N01013308EA0165801750
B1152444730643N01013304EA0165601748
B1152454730642N01013302EA0165401745
B1152464730641N01013299EA0165201745
B1152474730642N01013296EA0164901744
B1152484730644N01013295EA0164601741
B1152494730647N01013293EA0164401740
B1152504730651N01013293EA0164301737
B1152514730655N01013293EA0164101734
B1152524730659N01013294EA0164001732
B1152534730663N01013298EA0163801730
B1152544730668N01013302EA0163701728
B1152554730672N01013306EA0163501726
B1152564730677N01013311EA0163401724
B1152574730682N01013316EA0163401722
B1152584730687N01013321EA0163201720
B1152594730691N01013327EA0163001718
B1153004730696N01013334EA0162801718
B1153014730700N01013342EA0162601716
B1153024730704N01013351EA0162401714
B1153034730707N01013362EA0162401713
B1153044730710N01013372EA0162401713
B1153054730714N01013382EA0162501714
B1153064730717N01013391EA0162501715
B1153074730720N01013399EA0162501715
B1153084730724N01013408EA0162501714
B1153094730727N01013418EA0162601715
B1153104730730N01013430EA0162801718
B1153114730730N01013441EA0162801718
B1153124730728N01013451EA0162901719
B1153134730725N01013460EA0162901717
B1153144730720N01013466EA0162901716
B1153154730715N01013470EA0163001718
B1153164730711N01013470EA0163101719
B1153174730708N01013468EA0163201719
B1153184730707N01013465EA0163301720
B1153194730707N01013462EA0163401720
B1153204730709N01013460EA0163501723
B1153214730712N01013459EA0163601724
B1153224730717N01013460EA0163701726
B1153234730721N01013462EA0163801726
B1153244730726N01013467EA0163801727
B1153254730731N01013475EA0163901727
B1153264730734N01013485EA0164101727
B1153274730735N01013495EA0164101728
B1153284730734N01013506EA0164001728
B1153294730731N01013516EA0164101728
B1153304730728N01013523EA0164201730
B1153314730723N01013528EA0164301731
B1153324730718N01013529EA0164301730
B1153334730715N01013528EA0164401730
B1153344730712N01013526EA0164601732
B1153354730711N01013524EA0164701733
B1153364730711N01013520EA0164801736
B1153374730714N01013518EA0164801737
B1153384730717N01013517EA0164901737
B1153394730721N01013519EA0165001737
B1153404730726N01013524EA0164901738
B1153414730730N01013531EA0165001738
B1153424730734N01013540EA0165101739
B1153434730736N01013550EA0165301740
B1153444730736N01013560EA0165301740
B1153454730734N01013571EA0165301739
B1153464730730N01013579EA0165301739
B1153474730725N01013586EA0165401741
B1153484730720N01013590EA0165501742
B1153494730716N01013590EA0165601743
B1153504730714N01013589EA0165601743
B1153514730713N01013586EA0165801744
B1153524730713N01013583EA0165901746
B1153534730715N01013580EA0166001747
B1153544730719N01013580EA0166001747
B1153554730723N01013582EA0166001748
B1153564730728N01013585EA0166201748
B1153574730732N01013591EA0166301750
B1153584730736N01013600EA0166301751
B1153594730737N01013611EA0166301751
B1154004730736N01013622EA0166301750
B1154014730734N01013632EA0166401752
B1154024730730N01013641EA0166501752
B1154034730725N01013647EA0166601753
B1154044730720N01013651EA0166701754
B1154054730716N01013652EA0166801755
B1154064730712N01013651EA0166801756
B1154074730711N01013649EA0166901756
B1154084730712N01013646EA0166901757
B1154094730714N01013645EA0166901758
B1154104730717N01013644EA0167001758
B1154114730722N01013647EA0167001758
B1154124730726N01013652EA0167101760
B1154134730730N01013660EA0167301762
B1154144730732N01013670EA0167401762
B1154154730733N01013681EA0167501763
B1154164730732N01013693EA0167501764
B1154174730730N01013704EA0167601765
B1154184730727N01013714EA0167601765
B1154194730722N01013722EA0167701767
B1154204730716N01013727EA0167701767
B1154214730711N01013730EA0167801767
B1154224730707N01013730EA0167801767
B1154234730705N01013728EA0167901769
B1154244730705N01013726EA0168001769
B1154254730706N01013725EA0168101771
B1154264730708N01013726EA0168101772
B1154274730712N01013728EA0168301775
B1154284730716N01013733EA0168401776
B1154294730720N01013741EA0168401776
B1154304730722N01013752EA0168601777
B1154314730723N01013764EA0168701778
B1154324730721N01013776EA0168801779
B1154334730718N01013788EA0169001780
B1154344730714N01013798EA0169201781
B1154354730710N01013806EA0169401784
B1154364730705N01013811EA0169601785
B1154374730699N01013815EA0169601786
B1154384730694N01013819EA0169801787
B1154394730689N01013822EA0170101789
B1154404730685N01013822EA0170201790
B1154414730682N01013821EA0170301792
B1154424730682N01013820EA0170301794
B1154434730683N01013821EA0170401795
B1154444730686N01013823EA0170501796
B1154454730690N01013827EA0170601796
B1154464730694N01013833EA0170901798
B1154474730696N01013843EA0171301803
B1154484730697N01013853EA0171601806
B1154494730696N01013865EA0171801808
B1154504730694N01013876EA0172101811
B1154514730691N01013888EA0172401813
B1154524730688N01013899EA0172701816
B1154534730684N01013908EA0172801817
B1154544730678N01013914EA0172901818
B1154554730673N01013917EA0173001819
B1154564730668N01013919EA0173201820
B1154574730665N01013920EA0173201822
B1154584730664N01013919EA0173301821
B1154594730664N01013918EA0173301821
B1155004730666N01013918EA0173401823
B1155014730668N01013920EA0173501824
B1155024730672N01013924EA0173601825
B1155034730676N01013931EA0173701826
B1155044730680N01013940EA0174001828
B1155054730682N01013951EA0174201829
B1155064730683N01013964EA0174401831
B1155074730682N01013977EA0174601832
B1155084730680N01013988EA0174801834
B1155094730676N01013999EA0174901836
B1155104730671N01014006EA0175101838
B1155114730666N01014010EA0175101838
B1155124730663N01014011EA0175201840
B1155134730661N01014010EA0175301842
B1155144730661N01014009EA0175401845
B1155154730663N01014009EA0175501846
B1155164730667N01014011EA0175601847
B1155174730671N01014014EA0175701848
B1155184730677N01014020EA0175801850
B1155194730681N01014030EA0176101851
B1155204730684N01014041EA0176301854
B1155214730684N01014054EA0176401854
B1155224730684N01014067EA0176501855
B1155234730682N01014079EA0176601856
B1155244730680N01014090EA0176701857
B1155254730677N01014100EA0176701857
B1155264730673N01014108EA0176601856
B1155274730668N01014112EA0176601857
B1155284730664N01014113EA0176701858
B1155294730662N01014112EA0176801858
B1155304730662N01014111EA0176901859
B1155314730662N01014110EA0177001861
B1155324730663N01014109EA0177101861
B1155334730664N01014109EA0177101862
B1155344730666N01014108EA0177101862
B1155354730668N01014109EA0177101862
B1155364730672N01014112EA0177101861
B1155374730675N01014119EA0177001859
B1155384730677N01014129EA0176801857
B1155394730679N01014140EA0176601854
B1155404730681N01014151EA0176501854
B1155414730682N01014160EA0176501854
B1155424730683N01014169EA0176501854
B1155434730683N01014179EA0176501855
B1155444730682N01014190EA0176601855
B1155454730680N01014201EA0176601856
B1155464730677N01014211EA0176801858
B1155474730672N01014219EA0176901858
B1155484730667N01014224EA0176901859
B1155494730661N01014227EA0177001859
B1155504730657N01014227EA0177201860
B1155514730654N01014227EA0177301863
B1155524730653N01014226EA0177301862
B1155534730654N01014225EA0177301861
B1155544730657N01014224EA0177201860
B1155554730660N01014225EA0177101860
B1155564730665N01014227EA0177101859
B1155574730670N01014230EA0177201861
B1155584730674N01014234EA0177501865
B1155594730677N01014239EA0177801868
B1156004730680N01014244EA0177901869
B1156014730682N01014250EA0178101871
B1156024730683N01014257EA0178301870
B1156034730683N01014265EA0178301871
B1156044730682N01014274EA0178501871
B1156054730678N01014283EA0178501872
B1156064730674N01014291EA0178601874
B1156074730668N01014296EA0178601875
B1156084730662N01014298EA0178901877
B1156094730659N01014297EA0178901877
B1156104730658N01014294EA0179001877
B1156114730659N01014290EA0179101876
B1156124730661N01014287EA0179101878
B1156134730663N01014285EA0179201880
B1156144730666N01014283EA0179401881
B1156154730669N01014285EA0179601883
B1156164730672N01014288EA0179801886
B1156174730674N01014294EA0180001888
B1156184730675N01014300EA0180101889
B1156194730676N01014308EA0180301891
B1156204730675N01014317EA0180401893
B1156214730671N01014326EA0180501893
B1156224730667N01014333EA0180501894
B1156234730661N01014339EA0180701896
B1156244730656N01014343EA0181001898
B1156254730651N01014345EA0181201901
B1156264730647N01014345EA0181401902
B1156274730644N01014343EA0181501903
B1156284730641N01014342EA0181501904
B1156294730638N01014339EA0181601905
B1156304730636N01014335EA0181701907
B1156314730635N01014330EA0182001910
B1156324730636N01014327EA0182201910
B1156334730637N01014326EA0182301912
B1156344730640N01014327EA0182401914
B1156354730643N01014331EA0182501914
B1156364730644N01014337EA0182601916
B1156374730645N01014346EA0182801917
B1156384730643N01014354EA0183001917
B1156394730640N01014363EA0183301919
B1156404730635N01014370EA0183401922
B1156414730628N01014374EA0183501922
B1156424730622N01014376EA0183701923
B1156434730615N01014377EA0183901925
B1156444730610N01014376EA0184201927
B1156454730606N01014373EA0184301928
B1156464730603N01014369EA0184401930
B1156474730602N01014366EA0184601931
B1156484730602N01014363EA0184701934
B1156494730603N01014362EA0184801934
B1156504730604N01014364EA0184801935
B1156514730606N01014368EA0184901937
B1156524730608N01014375EA0185001938
B1156534730609N01014383EA0185201941
B1156544730609N01014393EA0185401943
B1156554730606N01014402EA0185501944
B1156564730602N01014410EA0185601945
B1156574730597N01014417EA0185701947
B1156584730590N01014423EA0185801949
B1156594730584N01014427EA0185901950
B1157004730577N01014428EA0186101950
B1157014730572N01014426EA0186101950
B1157024730568N01014423EA0186201951
B1157034730565N01014420EA0186401952
B1157044730563N01014418EA0186401954
B1157054730563N01014417EA0186501955
B1157064730564N01014417EA0186501955
B1157074730566N01014419EA0186501955
B1157084730568N01014424EA0186401955
B1157094730570N01014432EA0186401953
B1157104730571N01014442EA0186501955
B1157114730569N01014452EA0186701956
B1157124730566N01014462EA0186701957
B1157134730562N01014470EA0186801958
B1157144730557N01014477EA0186901960
B1157154730550N01014482EA0187001960
B1157164730544N01014485EA0187101959
B1157174730538N01014486EA0187101960
B1157184730532N01014486EA0187101960
B1157194730528N01014483EA0187101960
B1157204730525N01014481EA0187101961
B1157214730523N01014478EA0187101960
B1157224730522N01014476EA0187101960
B1157234730522N01014476EA0187001960
B1157244730523N01014476EA0186801958
B1157254730525N01014477EA0186601955
B1157264730527N01014478EA0186501954
B1157274730529N01014480EA0186501955
B1157284730531N01014484EA0186701956
B1157294730533N01014490EA0186801958
B1157304730533N01014498EA0186901958
B1157314730532N01014507EA0186901959
B1157324730530N01014517EA0186901958
B1157334730526N01014526EA0187001959
B1157344730520N01014534EA0187001959
B1157354730513N01014540EA0187101959
B1157364730506N01014545EA0187101960
B1157374730499N01014546EA0187001960
B1157384730492N01014545EA0186901959
B1157394730486N01014541EA0186801958
B1157404730483N01014537EA0186801956
B1157414730481N01014533EA0186801957
B1157424730481N01014530EA0186801957
B1157434730481N01014530EA0186901959
B1157444730483N01014531EA0186901960
B1157454730485N01014535EA0187001961
B1157464730486N01014542EA0187001961
B1157474730486N01014551EA0187101960
B1157484730484N01014561EA0187101961
B1157494730481N01014571EA0187201961
B1157504730477N01014581EA0187101961
B1157514730471N01014590EA0187001960
B1157524730464N01014597EA0187001960
B1157534730456N01014602EA0187001958
B1157544730448N01014605EA0186901957
B1157554730440N01014605EA0186801957
B1157564730434N01014603EA0186801956
B1157574730428N01014600EA0186701956
B1157584730425N01014597EA0186701955
B1157594730423N01014593EA0186801955
B1158004730422N01014591EA0186901955
B1158014730423N01014590EA0187001956
B1158024730424N01014592EA0187101957
B1158034730426N01014597EA0187101958
B1158044730428N01014604EA0187201959
B1158054730428N01014613EA0187301960
B1158064730426N01014623EA0187301960
B1158074730423N01014634EA0187201960
B1158084730417N01014645EA0187201959
B1158094730410N01014654EA0187201959
B1158104730402N01014660EA0187101960
B1158114730394N01014663EA0187101961
B1158124730387N01014664EA0187101961
B1158134730380N01014663EA0187201962
B1158144730375N01014661EA0187301963
B1158154730372N01014659EA0187301963
B1158164730370N01014656EA0187401964
B1158174730369N01014655EA0187401965
B1158184730371N01014656EA0187501967
B1158194730372N01014660EA0187601969
B1158204730373N01014666EA0187701968
B1158214730374N01014675EA0187701969
B1158224730373N01014685EA0187801969
B1158234730372N01014696EA0187801969
B1158244730369N01014707EA0187801970
B1158254730364N01014718EA0187801971
B1158264730358N01014727EA0187801971
B1158274730351N01014735EA0187901971
B1158284730344N01014742EA0187901972
B1158294730336N01014747EA0188001974
B1158304730329N01014749EA0187901974
B1158314730323N01014750EA0188001973
B1158324730317N01014749EA0188101973
B1158334730313N01014748EA0188201973
B1158344730311N01014746EA0188201974
B1158354730311N01014743EA0188201974
B1158364730312N01014742EA0188301976
B1158374730313N01014743EA0188401978
B1158384730315N01014746EA0188601979
B1158394730317N01014752EA0188601981
B1158404730318N01014760EA0188701981
B1158414730318N01014770EA0188801981
B1158424730317N01014781EA0188901982
B1158434730315N01014792EA0189001983
B1158444730311N01014803EA0189101983
B1158454730306N01014814EA0189101984
B1158464730300N01014823EA0189101985
B1158474730293N01014831EA0189101985
B1158484730287N01014836EA0189101985
B1158494730280N01014839EA0189301985
B1158504730274N01014839EA0189401985
B1158514730270N01014837EA0189301985
B1158524730267N01014833EA0189401985
B1158534730266N01014828EA0189401986
B1158544730268N01014823EA0189401986
B1158554730270N01014820EA0189501987
B1158564730273N01014820EA0189701989
B1158574730277N01014823EA0189901991
B1158584730281N01014829EA0190001993
B1158594730283N01014838EA0190201996
B1159004730283N01014848EA0190301996
B1159014730283N01014859EA0190301996
B1159024730281N01014870EA0190301995
B1159034730278N01014881EA0190301995
B1159044730274N01014892EA0190301994
B1159054730269N01014901EA0190401994
B1159064730263N01014908EA0190401994
B1159074730256N01014913EA0190301993
B1159084730250N01014917EA0190201993
B1159094730243N01014920EA0190301993
B1159104730236N01014920EA0190201994
B1159114730230N01014917EA0190101993
B1159124730225N01014911EA0190301994
B1159134730222N01014905EA0190401996
B1159144730222N01014898EA0190701999
B1159154730224N01014894EA0191202004
B1159164730226N01014893EA0191602007
B1159174730228N01014895EA0191502007
B1159184730230N01014899EA0191602008
B1159194730233N01014904EA0191702009
B1159204730236N01014908EA0191902013
B1159214730237N01014913EA0192202015
B1159224730237N01014919EA0192402017
B1159234730237N01014927EA0192502018
B1159244730237N01014935EA0192502019
B1159254730238N01014944EA0192702021
B1159264730236N01014954EA0192902023
B1159274730233N01014964EA0193002024
B1159284730229N01014973EA0193302026
B1159294730224N01014979EA0193502028
B1159304730219N01014984EA0193702029
B1159314730213N01014985EA0193702030
B1159324730207N01014984EA0194002031
B1159334730202N01014981EA0194102033
B1159344730197N01014978EA0194502035
B1159354730195N01014973EA0194802037
B1159364730193N01014969EA0195002039
B1159374730193N01014965EA0195202042
B1159384730193N01014962EA0195502045
B1159394730195N01014961EA0195702047
B1159404730197N01014962EA0195902049
B1159414730200N01014964EA0196002050
B1159424730203N01014968EA0196102051
B1159434730205N01014973EA0196302053
B1159444730206N01014980EA0196402056
B1159454730207N01014988EA0196402057
B1159464730208N01014998EA0196402058
B1159474730208N01015008EA0196502058
B1159484730206N01015018EA0196702059
B1159494730204N01015028EA0196702058
B1159504730199N01015036EA0196702058
B1159514730193N01015043EA0196802058
B1159524730186N01015047EA0196902060
B1159534730180N01015048EA0197102061
B1159544730174N01015046EA0197302063
B1159554730170N01015043EA0197502063
B1159564730167N01015039EA0197702064
B1159574730165N01015034EA0197902066
B1159584730163N01015030EA0198102068
B1159594730164N01015027EA0198302071
B1200004730165N01015025EA0198402073
B1200014730169N01015024EA0198602074
B1200024730172N01015025EA0198702075
B1200034730175N01015029EA0198902077
B1200044730178N01015034EA0199002078
B1200054730181N01015042EA0199102079
B1200064730182N01015051EA0199302081
B1200074730182N01015061EA0199402083
B1200084730179N01015071EA0199602084
B1200094730175N01015080EA0199502085
B1200104730169N01015087EA0199702085
B1200114730163N01015093EA0199602086
B1200124730156N01015097EA0199802088
B1200134730150N01015100EA0199902088
B1200144730144N01015101EA0200002088
B1200154730139N01015100EA0200002088
B1200164730134N01015097EA0200002086
B1200174730130N01015092EA0200002087
B1200184730127N01015088EA0200202089
B1200194730126N01015083EA0200302090
B1200204730127N01015080EA0200402090
B1200214730129N01015078EA0200402091
B1200224730132N01015078EA0200502092
B1200234730135N01015081EA0200602093
B1200244730138N01015086EA0200702094
B1200254730140N01015094EA0200802095
B1200264730140N01015103EA0200802096
B1200274730138N01015112EA0201002098
B1200284730134N01015121EA0201302101
B1200294730130N01015128EA0201502103
B1200304730125N01015134EA0201702104
B1200314730120N01015138EA0201702105
B1200324730114N01015140EA0201802105
B1200334730108N01015142EA0201802106
B1200344730102N01015140EA0201802105
B1200354730097N01015136EA0201802105
B1200364730093N01015131EA0201802106
B1200374730091N01015126EA0201902106
B1200384730091N01015121EA0202002106
B1200394730092N01015117EA0202002107
B1200404730093N01015116EA0202002107
B1200414730096N01015117EA0202002107
B1200424730099N01015119EA0202002107
B1200434730102N01015124EA0202102109
B1200444730103N01015130EA0202202111
B1200454730104N01015138EA0202302111
B1200464730103N01015146EA0202302112
B1200474730100N01015154EA0202502113
B1200484730097N01015162EA0202602115
B1200494730093N01015169EA0202702117
B1200504730089N01015173EA0202902118
B1200514730083N01015176EA0202902120
B1200524730076N01015178EA0202902121
B1200534730069N01015176EA0203002122
B1200544730064N01015173EA0203102122
B1200554730060N01015168EA0203102124
B1200564730057N01015162EA0203202124
B1200574730056N01015158EA0203202124
B1200584730055N01015154EA0203202125
B1200594730055N01015151EA0203202124
B1201004730056N01015148EA0203102125
B1201014730059N01015146EA0203202124
B1201024730062N01015146EA0203202123
B1201034730065N01015149EA0203202123
B1201044730068N01015153EA0203202122
B1201054730070N01015159EA0203202124
B1201064730070N01015166EA0203402124
B1201074730069N01015173EA0203402125
B1201084730066N01015180EA0203402125
B1201094730063N01015187EA0203402124
B1201104730058N01015194EA0203402125
B1201114730053N01015200EA0203402125
B1201124730047N01015206EA0203402126
B1201134730040N01015209EA0203502128
B1201144730033N01015210EA0203602127
B1201154730027N01015209EA0203602128
B1201164730021N01015207EA0203702129
B1201174730017N01015204EA0203702127
B1201184730013N01015199EA0203702127
B1201194730010N01015194EA0203702129
B1201204730009N01015188EA0203702126
B1201214730009N01015182EA0203802125
B1201224730010N01015177EA0203802125
B1201234730012N01015174EA0203802125
B1201244730015N01015171EA0203802126
B1201254730017N01015169EA0203802126
B1201264730020N01015169EA0203902127
B1201274730023N01015172EA0203902128
B1201284730026N01015176EA0204002128
B1201294730028N01015181EA0204002128
B1201304730029N01015187EA0204002129
B1201314730029N01015193EA0204102128
B1201324730028N01015200EA0204102129
B1201334730026N01015208EA0204102129
B1201344730023N01015214EA0204102129
B1201354730020N01015221EA0204002128
B1201364730016N01015228EA0203902127
B1201374730010N01015234EA0203902126
B1201384730005N01015239EA0203902126
B1201394729998N01015241EA0203902125
B1201404729992N01015241EA0203902125
B1201414729988N01015238EA0203802124
B1201424729984N01015234EA0203802124
B1201434729981N01015228EA0203702123
B1201444729980N01015223EA0203702123
B1201454729981N01015218EA0203602122
B1201464729982N01015214EA0203602122
B1201474729985N01015211EA0203602122
B1201484729988N01015211EA0203702123
B1201494729991N01015213EA0203702125
B1201504729993N01015217EA0203702124
B1201514729994N01015222EA0203602125
B1201524729995N01015229EA0203602124
B1201534729994N01015237EA0203502124
B1201544729993N01015246EA0203402124
B1201554729991N01015255EA0203402123
B1201564729987N01015263EA0203402123
B1201574729982N01015268EA0203402123
B1201584729977N01015272EA0203402123
B1201594729972N01015274EA0203402124
B1202004729967N01015272EA0203402124
B1202014729962N01015270EA0203402123
B1202024729958N01015267EA0203402123
B1202034729955N01015263EA0203302122
B1202044729953N01015257EA0203302122
B1202054729951N01015251EA0203202121
B1202064729951N01015245EA0203102119
B1202074729952N01015240EA0203102121
B1202084729953N01015235EA0203002121
B1202094729956N01015232EA0203002121
B1202104729958N01015230EA0203002121
B1202114729961N01015228EA0203002121
B1202124729965N01015227EA0202902122
B1202134729969N01015227EA0203102122
B1202144729973N01015229EA0203102122
B1202154729977N01015233EA0203102122
B1202164729980N01015238EA0203102123
B1202174729982N01015243EA0203202123
B1202184729983N01015249EA0203102123
B1202194729985N01015257EA0203102122
B1202204729985N01015265EA0203202123
B1202214729984N01015272EA0203302124
B1202224729982N01015280EA0203402124
B1202234729980N01015287EA0203402125
B1202244729976N01015294EA0203502126
B1202254729972N01015299EA0203402125
B1202264729968N01015303EA0203402125
B1202274729963N01015306EA0203402124
B1202284729957N01015307EA0203302122
B1202294729952N01015306EA0203202121
B1202304729947N01015304EA0203202120
B1202314729943N01015300EA0203102120
B1202324729940N01015294EA0203102120
B1202334729939N01015287EA0203102121
B1202344729938N01015280EA0203102121
B1202354729938N01015274EA0203102121
B1202364729940N01015269EA0203202119
B1202374729943N01015265EA0203202119
B1202384729947N01015263EA0203102118
B1202394729951N01015263EA0203102119
B1202404729954N01015266EA0203102119
B1202414729958N01015270EA0203202119
B1202424729960N01015276EA0203202120
B1202434729961N01015283EA0203202119
B1202444729960N01015291EA0203202119
B1202454729958N01015300EA0203202120
B1202464729954N01015307EA0203402121
B1202474729950N01015312EA0203502122
B1202484729945N01015314EA0203502123
B1202494729940N01015315EA0203502124
B1202504729935N01015315EA0203502124
B1202514729930N01015314EA0203402124
B1202524729925N01015311EA0203302123
B1202534729921N01015305EA0203202121
B1202544729918N01015300EA0203202123
B1202554729917N01015293EA0203202122
B1202564729916N01015288EA0203102121
B1202574729916N01015282EA0203002120
B1202584729917N01015276EA0202902118
B1202594729919N01015271EA0202702117
B1203004729922N01015267EA0202702116
B1203014729926N01015265EA0202602115
B1203024729930N01015265EA0202602114
B1203034729934N01015267EA0202502115
B1203044729937N01015271EA0202502114
B1203054729940N01015277EA0202402114
B1203064729942N01015284EA0202502112
B1203074729943N01015292EA0202502113
B1203084729943N01015300EA0202602114
B1203094729943N01015308EA0202702115
B1203104729941N01015314EA0202702115
B1203114729938N01015320EA0202702115
B1203124729934N01015326EA0202602114
B1203134729930N01015330EA0202502114
B1203144729926N01015334EA0202602115
B1203154729921N01015336EA0202602114
B1203164729917N01015338EA0202502114
B1203174729912N01015338EA0202402114
B1203184729907N01015337EA0202302113
B1203194729903N01015334EA0202102113
B1203204729899N01015329EA0201902112
B1203214729897N01015324EA0201802110
B1203224729896N01015317EA0201702108
B1203234729896N01015311EA0201602107
B1203244729898N01015305EA0201502106
B1203254729900N01015300EA0201402106
B1203264729903N01015297EA0201402104
B1203274729906N01015296EA0201202103
B1203284729910N01015297EA0201102100
B1203294729913N01015302EA0201002099
B1203304729916N01015309EA0200902096
B1203314729916N01015317EA0200802095
B1203324729916N01015324EA0200802095
B1203334729914N01015330EA0200802095
B1203344729912N01015336EA0200802094
B1203354729908N01015340EA0200602093
B1203364729905N01015344EA0200502092
B1203374729900N01015348EA0200302092
B1203384729896N01015351EA0200202090
B1203394729892N01015356EA0199902088
B1203404729888N01015361EA0199602085
B1203414729883N01015366EA0199302082
B1203424729878N01015371EA0199102080
B1203434729873N01015378EA0199002078
B1203444729869N01015384EA0198902078
B1203454729864N01015389EA0198802077
B1203464729860N01015394EA0198702076
B1203474729856N01015399EA0198502074
B1203484729851N01015403EA0198402071
B1203494729846N01015408EA0198202069
B1203504729840N01015414EA0198102069
B1203514729836N01015419EA0197902067
B1203524729832N01015425EA0197802065
B1203534729827N01015431EA0197702065
B1203544729823N01015437EA0197502061
B1203554729820N01015444EA0197302060
B1203564729816N01015451EA0197102058
B1203574729812N01015458EA0197002056
B1203584729808N01015465EA0196902055
B1203594729805N01015471EA0196802053
B1204004729802N01015478EA0196602051
B1204014729799N01015485EA0196202050
B1204024729796N01015492EA0195902048
B1204034729793N01015500EA0195702048
B1204044729789N01015508EA0195602047
B1204054729785N01015516EA0195502045
B1204064729781N01015522EA0195302042
B1204074729776N01015529EA0195202041
B1204084729772N01015536EA0195102040
B1204094729767N01015542EA0195002040
B1204104729763N01015547EA0194902039
B1204114729759N01015553EA0194702037
B1204124729755N01015560EA0194402034
B1204134729751N01015567EA0194202034
B1204144729747N01015575EA0194202034
B1204154729744N01015582EA0194302034
B1204164729742N01015589EA0194202034
B1204174729740N01015596EA0194102033
B1204184729739N01015603EA0193902030
B1204194729736N01015610EA0193702028
B1204204729734N01015618EA0193302026
B1204214729732N01015626EA0193202026
B1204224729730N01015634EA0193202024
B1204234729728N01015642EA0193002022
B1204244729726N01015649EA0192902021
B1204254729724N01015657EA0192502019
B1204264729722N01015664EA0192502016
B1204274729720N01015671EA0192102015
B1204284729718N01015680EA0192102015
B1204294729716N01015688EA0192102013
B1204304729714N01015696EA0192002011
B1204314729712N01015703EA0191802009
B1204324729710N01015711EA0191702006
B1204334729707N01015719EA0191502003
B1204344729705N01015726EA0191402001
B1204354729702N01015734EA0191202000
B1204364729699N01015742EA0191101999
B1204374729697N01015750EA0191001999
B1204384729694N01015757EA0190901998
B1204394729691N01015764EA0190701995
B1204404729688N01015770EA0190401993
B1204414729685N01015778EA0190201991
B1204424729681N01015785EA0190001990
B1204434729678N01015792EA0189901989
B1204444729674N01015798EA0189701988
B1204454729670N01015804EA0189601986
B1204464729667N01015811EA0189501986
B1204474729664N01015817EA0189301984
B1204484729661N01015825EA0189101982
B1204494729658N01015832EA0189001980
B1204504729655N01015840EA0188801978
B1204514729653N01015848EA0188701975
B1204524729650N01015856EA0188501974
B1204534729649N01015864EA0188301971
B1204544729647N01015873EA0188101969
B1204554729645N01015883EA0187901968
B1204564729642N01015892EA0187601966
B1204574729640N01015902EA0187401964
B1204584729637N01015912EA0187201962
B1204594729635N01015921EA0187001961
B1205004729634N01015929EA0186801957
B1205014729632N01015938EA0186601955
B1205024729631N01015946EA0186301951
B1205034729630N01015956EA0185901949
B1205044729629N01015965EA0185701946
B1205054729628N01015974EA0185401943
B1205064729626N01015983EA0185201940
B1205074729625N01015991EA0184901937
B1205084729623N01015999EA0184601934
B1205094729621N01016007EA0184301930
B1205104729619N01016016EA0184001927
B1205114729617N01016025EA0183701923
B1205124729615N01016033EA0183301920
B1205134729613N01016042EA0183001917
B1205144729611N01016051EA0182701914
B1205154729609N01016060EA0182401912
B1205164729607N01016070EA0182101908
B1205174729607N01016080EA0181701905
B1205184729605N01016089EA0181301901
B1205194729604N01016098EA0181001899
B1205204729603N01016107EA0180801896
B1205214729601N01016116EA0180601894
B1205224729598N01016125EA0180401892
B1205234729596N01016133EA0180301890
B1205244729595N01016142EA0180001888
B1205254729593N01016151EA0179801887
B1205264729590N01016160EA0179601884
B1205274729588N01016169EA0179201881
B1205284729585N01016179EA0179001878
B1205294729582N01016190EA0178801877
B1205304729579N01016200EA0178601875
B1205314729576N01016210EA0178501874
B1205324729572N01016220EA0178401874
B1205334729569N01016229EA0178201872
B1205344729566N01016238EA0178101872
B1205354729562N01016247EA0178201871
B1205364729559N01016255EA0178101871
B1205374729557N01016262EA0177901869
B1205384729555N01016269EA0177601866
B1205394729553N01016276EA0177201862
B1205404729550N01016283EA0176701857
B1205414729547N01016291EA0176201854
B1205424729544N01016300EA0175801850
B1205434729541N01016310EA0175601847
B1205444729539N01016320EA0175501845
B1205454729537N01016331EA0175401844
B1205464729535N01016340EA0175301842
B1205474729533N01016350EA0175201842
B1205484729530N01016360EA0175101841
B1205494729528N01016369EA0175101839
B1205504729525N01016378EA0175101840
B1205514729523N01016389EA0175001840
B1205524729521N01016399EA0175101841
B1205534729519N01016409EA0174901840
B1205544729516N01016419EA0174801839
B1205554729514N01016430EA0174701838
B1205564729513N01016440EA0174601836
B1205574729511N01016451EA0174401835
B1205584729508N01016461EA0174201833
B1205594729505N01016473EA0174201832
B1206004729502N01016484EA0174201831
B1206014729500N01016495EA0174101832
B1206024729498N01016506EA0174201832
B1206034729498N01016516EA0174201832
B1206044729498N01016526EA0174001831
B1206054729500N01016537EA0173801829
B1206064729504N01016548EA0173601826
B1206074729508N01016558EA0173501825
B1206084729514N01016565EA0173401824
B1206094729520N01016569EA0173201823
B1206104729527N01016569EA0173001821
B1206114729532N01016567EA0172901819
B1206124729536N01016566EA0172701817
B1206134729539N01016563EA0172401815
B1206144729541N01016558EA0172101811
B1206154729542N01016553EA0171901810
B1206164729540N01016549EA0171901810
B1206174729537N01016548EA0171801810
B1206184729534N01016551EA0171601809
B1206194729530N01016556EA0171601809
B1206204729527N01016560EA0171601808
B1206214729525N01016565EA0171301806
B1206224729523N01016571EA0171001802
B1206234729520N01016577EA0170601799
B1206244729516N01016583EA0170101794
B1206254729512N01016590EA0169701791
B1206264729507N01016598EA0169601792
B1206274729503N01016605EA0169601792
B1206284729500N01016612EA0169801792
B1206294729497N01016618EA0169901793
B1206304729496N01016624EA0169901791
B1206314729495N01016631EA0169801790
B1206324729495N01016640EA0169701789
B1206334729495N01016649EA0169601788
B1206344729495N01016659EA0169601789
B1206354729495N01016666EA0169701787
B1206364729494N01016673EA0169501786
B1206374729493N01016680EA0169401784
B1206384729491N01016687EA0169201782
B1206394729489N01016693EA0169001780
B1206404729486N01016700EA0168701778
B1206414729482N01016706EA0168501776
B1206424729479N01016713EA0168301774
B1206434729476N01016721EA0168101773
B1206444729472N01016728EA0167901771
B1206454729468N01016734EA0167801769
B1206464729464N01016739EA0167501768
B1206474729460N01016745EA0167401765
B1206484729456N01016751EA0167201764
B1206494729453N01016757EA0167101762
B1206504729450N01016762EA0166901760
B1206514729446N01016768EA0166701758
B1206524729443N01016774EA0166501756
B1206534729440N01016779EA0166301753
B1206544729436N01016785EA0166101750
B1206554729433N01016792EA0165901748
B1206564729430N01016798EA0165601747
B1206574729426N01016805EA0165401746
B1206584729422N01016811EA0165101743
B1206594729418N01016817EA0164901741
B1207004729413N01016822EA0165101742
B1207014729409N01016827EA0165101742
B1207024729406N01016832EA0165201743
B1207034729403N01016835EA0165201743
B1207044729401N01016838EA0165201743
B1207054729398N01016840EA0165001741
B1207064729394N01016842EA0164701740
B1207074729390N01016843EA0164601738
B1207084729386N01016843EA0164501737
B1207094729383N01016841EA0164201735
B1207104729382N01016836EA0164101734
B1207114729381N01016830EA0164001733
B1207124729382N01016825EA0163901733
B1207134729385N01016820EA0163701730
B1207144729390N01016817EA0163501729
B1207154729397N01016818EA0163301727
B1207164729403N01016819EA0163201726
B1207174729408N01016824EA0163101724
B1207184729412N01016831EA0163001722
B1207194729415N01016839EA0162901722
B1207204729416N01016847EA0162801721
B1207214729415N01016855EA0162701719
B1207224729414N01016861EA0162601717
B1207234729411N01016868EA0162401715
B1207244729407N01016874EA0162301713
B1207254729403N01016879EA0162101712
B1207264729399N01016885EA0162001711
B1207274729395N01016889EA0161901709
B1207284729391N01016894EA0161901708
B1207294729387N01016899EA0161901707
B1207304729384N01016903EA0161701706
B1207314729380N01016908EA0161601704
B1207324729376N01016913EA0161401703
B1207334729372N01016919EA0161301702
B1207344729368N01016925EA0161301702
B1207354729365N01016930EA0161401702
B1207364729363N01016936EA0161401703
B1207374729361N01016942EA0161301701
B1207384729359N01016949EA0161201700
B1207394729357N01016955EA0161001699
B1207404729354N01016963EA0160901698
B1207414729351N01016970EA0160701697
B1207424729348N01016978EA0160701696
B1207434729346N01016985EA0160701695
B1207444729342N01016992EA0160701694
B1207454729339N01016998EA0160701694
B1207464729336N01017004EA0160801695
B1207474729332N01017010EA0160801696
B1207484729329N01017015EA0160801696
B1207494729325N01017019EA0160901697
B1207504729321N01017019EA0160801695
B1207514729318N01017018EA0160701695
B1207524729315N01017014EA0160801695
B1207534729313N01017009EA0160801696
B1207544729312N01017005EA0160901696
B1207554729314N01017001EA0160701695
B1207564729317N01016999EA0160601695
B1207574729322N01016999EA0160501695
B1207584729327N01017000EA0160401694
B1207594729332N01017005EA0160301692
B1208004729336N01017011EA0160301693
B1208014729339N01017019EA0160301693
B1208024729339N01017028EA0160301693
B1208034729338N01017035EA0160301692
B1208044729337N01017042EA0160301692
B1208054729335N01017049EA0160301692
B1208064729332N01017054EA0160301692
B1208074729329N01017058EA0160101692
B1208084729325N01017061EA0160001691
B1208094729320N01017064EA0160001691
B1208104729316N01017067EA0160001691
B1208114729311N01017071EA0160001691
B1208124729306N01017077EA0160001691
B1208134729302N01017083EA0160101692
B1208144729299N01017090EA0160101692
B1208154729296N01017098EA0160101692
B1208164729294N01017107EA0160001692
B1208174729292N01017117EA0159901691
B1208184729291N01017127EA0160001692
B1208194729289N01017136EA0160201693
B1208204729288N01017145EA0160201694
B1208214729287N01017153EA0160301695
B1208224729287N01017161EA0160301695
B1208234729288N01017169EA0160301694
B1208244729290N01017178EA0160201693
B1208254729294N01017186EA0160201693
B1208264729298N01017193EA0160201694
B1208274729304N01017198EA0160201694
B1208284729309N01017200EA0160301696
B1208294729314N01017200EA0160301696
B1208304729317N01017199EA0160301695
B1208314729321N01017196EA0160301695
B1208324729323N01017193EA0160301696
B1208334729323N01017190EA0160301696
B1208344729322N01017186EA0160201695
B1208354729320N01017184EA0160101695
B1208364729317N01017182EA0160201693
B1208374729313N01017182EA0160201695
B1208384729309N01017184EA0160301697
B1208394729305N01017188EA0160401698
B1208404729301N01017194EA0160501699
B1208414729299N01017201EA0160601700
B1208424729297N01017209EA0160601700
B1208434729296N01017218EA0160501699
B1208444729297N01017228EA0160501699
B1208454729300N01017238EA0160501698
B1208464729304N01017247EA0160501700
B1208474729309N01017252EA0160601700
B1208484729314N01017255EA0160701701
B1208494729319N01017256EA0160701700
B1208504729323N01017255EA0160701700
B1208514729326N01017252EA0160701699
B1208524729328N01017249EA0160701699
B1208534729329N01017244EA0160701698
B1208544729329N01017240EA0160801699
B1208554729326N01017237EA0160801699
B1208564729323N01017236EA0160801700
B1208574729319N01017237EA0160901699
B1208584729315N01017241EA0160901699
B1208594729311N01017246EA0160901699
B1209004729308N01017253EA0161001699
B1209014729305N01017261EA0161001701
B1209024729304N01017271EA0161001701
B1209034729304N01017281EA0161101701
B1209044729305N01017291EA0161101702
B1209054729308N01017300EA0161101702
B1209064729312N01017308EA0161101703
B1209074729316N01017314EA0161001702
B1209084729322N01017319EA0160901703
B1209094729328N01017323EA0161001704
B1209104729333N01017323EA0161101704
B1209114729337N01017322EA0161101704
B1209124729340N01017320EA0161201705
B1209134729343N01017317EA0161201705
B1209144729344N01017312EA0161201705
B1209154729345N01017308EA0161301706
B1209164729343N01017305EA0161401707
B1209174729341N01017302EA0161501708
B1209184729338N01017302EA0161501708
B1209194729334N01017303EA0161501708
B1209204729330N01017305EA0161501707
B1209214729326N01017310EA0161501707
B1209224729322N01017316EA0161501706
B1209234729320N01017324EA0161501706
B1209244729318N01017332EA0161501706
B1209254729318N01017341EA0161501706
B1209264729319N01017351EA0161501706
B1209274729322N01017361EA0161501706
B1209284729326N01017369EA0161401706
B1209294729330N01017376EA0161501706
B1209304729336N01017381EA0161501707
B1209314729341N01017384EA0161601709
B1209324729346N01017385EA0161601708
B1209334729350N01017385EA0161601708
B1209344729354N01017383EA0161601707
B1209354729356N01017379EA0161601708
B1209364729357N01017375EA0161601708
B1209374729356N01017371EA0161601707
B1209384729354N01017368EA0161701707
B1209394729351N01017367EA0161701708
B1209404729347N01017368EA0161701708
B1209414729344N01017370EA0161801708
B1209424729340N01017373EA0161701707
B1209434729336N01017377EA0161701707
B1209444729333N01017383EA0161701706
B1209454729331N01017391EA0161701705
B1209464729330N01017400EA0161601704
B1209474729329N01017409EA0161601704
B1209484729330N01017419EA0161601704
B1209494729332N01017429EA0161601704
B1209504729334N01017439EA0161601705
B1209514729338N01017449EA0161601705
B1209524729343N01017456EA0161601704
B1209534729349N01017463EA0161701704
B1209544729354N01017466EA0161701704
B1209554729360N01017469EA0161801705
B1209564729365N01017469EA0161801706
B1209574729371N01017468EA0161801707
B1209584729376N01017466EA0161901709
B1209594729380N01017464EA0162001710
B1210004729384N01017462EA0162001710
B1210014729386N01017459EA0162001709
B1210024729387N01017455EA0161901711
B1210034729387N01017451EA0162001711
B1210044729386N01017449EA0162101712
B1210054729384N01017448EA0162201712
B1210064729381N01017448EA0162201712
B1210074729378N01017451EA0162201712
B1210084729375N01017454EA0162201712
B1210094729371N01017460EA0162201712
B1210104729368N01017467EA0162101711
B1210114729367N01017475EA0162101710
B1210124729366N01017485EA0162001709
B1210134729366N01017495EA0162101709
B1210144729367N01017505EA0162001710
B1210154729370N01017516EA0162101711
B1210164729373N01017526EA0162101712
B1210174729377N01017533EA0162101712
B1210184729382N01017538EA0162101712
B1210194729388N01017542EA0162101713
B1210204729393N01017544EA0162101713
B1210214729398N01017545EA0162001713
B1210224729403N01017545EA0162101712
B1210234729407N01017545EA0162001711
B1210244729411N01017543EA0161901710
B1210254729413N01017540EA0161801709
B1210264729415N01017536EA0161801708
B1210274729416N01017532EA0161901708
B1210284729415N01017529EA0161901706
B1210294729413N01017527EA0161801706
B1210304729410N01017526EA0161801705
B1210314729407N01017526EA0161701704
B1210324729404N01017528EA0161701705
B1210334729401N01017532EA0161701705
B1210344729398N01017538EA0161601705
B1210354729395N01017546EA0161601704
B1210364729393N01017554EA0161501703
B1210374729391N01017562EA0161401703
B1210384729389N01017571EA0161301703
B1210394729387N01017579EA0161301702
B1210404729383N01017587EA0161301702
B1210414729380N01017594EA0161301702
B1210424729376N01017600EA0161401702
B1210434729372N01017607EA0161401703
B1210444729368N01017613EA0161301702
B1210454729363N01017618EA0161201700
B1210464729359N01017623EA0161101700
B1210474729354N01017628EA0161101700
B1210484729349N01017632EA0161201701
B1210494729344N01017635EA0161301703
B1210504729340N01017638EA0161301705
B1210514729335N01017639EA0161401706
B1210524729330N01017640EA0161401706
B1210534729326N01017642EA0161401707
B1210544729321N01017642EA0161401707
B1210554729316N01017644EA0161401708
B1210564729310N01017646EA0161501708
B1210574729305N01017648EA0161501709
B1210584729300N01017649EA0161501709
B1210594729296N01017651EA0161401709
B1211004729291N01017653EA0161401708
B1211014729287N01017655EA0161301707
B1211024729281N01017657EA0161201706
B1211034729276N01017659EA0161201705
B1211044729272N01017662EA0161201703
B1211054729267N01017665EA0161201704
B1211064729263N01017669EA0161101703
B1211074729258N01017674EA0161001703
B1211084729254N01017680EA0160901702
B1211094729249N01017685EA0160801701
B1211104729245N01017691EA0160801701
B1211114729240N01017697EA0160701700
B1211124729235N01017702EA0160701700
B1211134729231N01017708EA0160601698
B1211144729225N01017713EA0160501698
B1211154729220N01017719EA0160501698
B1211164729215N01017725EA0160601699
B1211174729210N01017731EA0160701699
B1211184729205N01017737EA0160701699
B1211194729201N01017742EA0160601700
B1211204729196N01017747EA0160501700
B1211214729192N01017752EA0160501699
B1211224729187N01017757EA0160501699
B1211234729182N01017763EA0160401699
B1211244729177N01017769EA0160401700
B1211254729173N01017775EA0160501700
B1211264729169N01017780EA0160401698
B1211274729164N01017785EA0160301698
B1211284729159N01017791EA0160201697
B1211294729155N01017796EA0160101696
B1211304729150N01017803EA0160101696
B1211314729146N01017809EA0160001696
B1211324729141N01017815EA0159901695
B1211334729137N01017821EA0159801695
B1211344729132N01017827EA0159701694
B1211354729127N01017832EA0159601693
B1211364729123N01017838EA0159601691
B1211374729118N01017842EA0159501691
B1211384729113N01017847EA0159401689
B1211394729109N01017852EA0159301688
B1211404729104N01017856EA0159201686
B1211414729100N01017861EA0159101685
B1211424729095N01017865EA0159001684
B1211434729091N01017869EA0158901683
B1211444729086N01017872EA0158801680
B1211454729082N01017876EA0158701677
B1211464729078N01017879EA0158601676
B1211474729073N01017883EA0158401675
B1211484729069N01017886EA0158301674
B1211494729064N01017890EA0158201673
B1211504729059N01017893EA0158101671
B1211514729055N01017896EA0157901669
B1211524729050N01017900EA0157701667
B1211534729046N01017904EA0157601665
B1211544729041N01017909EA0157501664
B1211554729037N01017914EA0157501664
B1211564729033N01017919EA0157401663
B1211574729029N01017924EA0157301662
B1211584729025N01017929EA0157101660
B1211594729021N01017934EA0157001659
B1212004729016N01017939EA0156801658
B1212014729013N01017944EA0156701657
B1212024729009N01017949EA0156501656
B1212034729005N01017955EA0156401655
B1212044729000N01017960EA0156201654
B1212054728996N01017965EA0156101652
B1212064728992N01017971EA0155901651
B1212074728988N01017976EA0155701649
B1212084728983N01017982EA0155601647
B1212094728979N01017987EA0155501647
B1212104728975N01017992EA0155301645
B1212114728971N01017996EA0155201644
B1212124728966N01018000EA0155101643
B1212134728962N01018004EA0154901642
B1212144728957N01018008EA0154801640
B1212154728953N01018012EA0154601640
B1212164728948N01018016EA0154501639
B1212174728943N01018021EA0154401638
B1212184728939N01018024EA0154201635
B1212194728934N01018029EA0154001635
B1212204728929N01018033EA0153901632
B1212214728925N01018037EA0153701631
B1212224728920N01018042EA0153701629
B1212234728916N01018047EA0153501628
B1212244728911N01018053EA0153401628
B1212254728906N01018059EA0153301626
B1212264728901N01018064EA0153101625
B1212274728896N01018069EA0153001623
B1212284728891N01018074EA0152801621
B1212294728886N01018079EA0152601620
B1212304728882N01018083EA0152501619
B1212314728877N01018087EA0152401619
B1212324728872N01018091EA0152201617
B1212334728867N01018094EA0152201616
B1212344728862N01018097EA0152001614
B1212354728857N01018100EA0151901612
B1212364728852N01018104EA0151801610
B1212374728847N01018108EA0151601608
B1212384728842N01018111EA0151501606
B1212394728837N01018115EA0151301605
B1212404728832N01018118EA0151101604
B1212414728827N01018122EA0151001603
B1212424728822N01018126EA0150801601
B1212434728817N01018130EA0150601597
B1212444728812N01018133EA0150501595
B1212454728807N01018137EA0150301593
B1212464728802N01018140EA0150101590
B1212474728797N01018144EA0149901588
B1212484728793N01018148EA0149801587
B1212494728788N01018151EA0149701583
B1212504728784N01018155EA0149501581
B1212514728779N01018159EA0149201579
B1212524728774N01018162EA0149001577
B1212534728769N01018165EA0148901577
B1212544728764N01018168EA0148901576
B1212554728759N01018171EA0148801575
B1212564728755N01018174EA0148701573
B1212574728750N01018178EA0148501571
B1212584728746N01018182EA0148301568
B1212594728741N01018186EA0148101566
B1213004728736N01018190EA0147901563
B1213014728731N01018195EA0147701562
B1213024728726N01018200EA0147501561
B1213034728721N01018206EA0147301559
B1213044728716N01018211EA0147101558
B1213054728711N01018216EA0146801556
B1213064728705N01018220EA0146501554
B1213074728700N01018224EA0146401552
B1213084728694N01018228EA0146201551
B1213094728689N01018231EA0146001549
B1213104728684N01018234EA0145901546
B1213114728679N01018237EA0145801544
B1213124728674N01018240EA0145701543
B1213134728669N01018244EA0145501541
B1213144728665N01018247EA0145401540
B1213154728660N01018251EA0145301539
B1213164728656N01018255EA0145101539
B1213174728651N01018258EA0144901537
B1213184728645N01018261EA0144701535
B1213194728640N01018264EA0144501535
B1213204728635N01018267EA0144401534
B1213214728630N01018269EA0144301534
B1213224728625N01018272EA0144101533
B1213234728620N01018274EA0143901531
B1213244728615N01018277EA0143801529
B1213254728610N01018279EA0143701527
B1213264728605N01018282EA0143601525
B1213274728600N01018284EA0143401523
B1213284728595N01018287EA0143301522
B1213294728590N01018291EA0143101521
B1213304728585N01018293EA0143001520
B1213314728581N01018296EA0142801517
B1213324728577N01018298EA0142501514
B1213334728572N01018301EA0142301512
B1213344728566N01018303EA0142101512
B1213354728561N01018305EA0142001511
B1213364728555N01018308EA0141901510
B1213374728550N01018311EA0141701508
B1213384728545N01018314EA0141501505
B1213394728539N01018316EA0141301501
B1213404728533N01018319EA0141101499
B1213414728527N01018322EA0140901497
B1213424728522N01018324EA0140701494
B1213434728516N01018326EA0140601493
B1213444728510N01018328EA0140401491
B1213454728505N01018330EA0140201489
B1213464728500N01018332EA0140001487
B1213474728495N01018334EA0139701486
B1213484728490N01018337EA0139601484
B1213494728484N01018339EA0139401482
B1213504728479N01018341EA0139201480
B1213514728473N01018344EA0139001479
B1213524728468N01018346EA0138901477
B1213534728463N01018348EA0138701474
B1213544728458N01018349EA0138701472
B1213554728453N01018351EA0138501470
B1213564728447N01018354EA0138201466
B1213574728441N01018357EA0137901464
B1213584728436N01018360EA0137701462
B1213594728430N01018363EA0137501460
B1214004728424N01018365EA0137301459
B1214014728418N01018367EA0137101456
B1214024728412N01018370EA0137001454
B1214034728406N01018373EA0136701453
B1214044728401N01018376EA0136501450
B1214054728395N01018378EA0136301449
B1214064728389N01018380EA0136001446
B1214074728382N01018382EA0135801442
B1214084728375N01018384EA0135501440
B1214094728368N01018386EA0135301437
B1214104728361N01018388EA0135101437
B1214114728354N01018389EA0134901434
B1214124728347N01018391EA0134801433
B1214134728340N01018393EA0134601431
B1214144728334N01018394EA0134501430
B1214154728328N01018395EA0134301429
B1214164728321N01018395EA0134201430
B1214174728315N01018395EA0134201430
B1214184728309N01018396EA0134101428
B1214194728303N01018396EA0133901424
B1214204728297N01018394EA0133701422
B1214214728291N01018392EA0133601422
B1214224728285N01018389EA0133601422
B1214234728279N01018385EA0133501421
B1214244728273N01018382EA0133501420
B1214254728267N01018379EA0133501421
B1214264728262N01018376EA0133301420
B1214274728256N01018372EA0133201416
B1214284728250N01018367EA0133001414
B1214294728244N01018362EA0132901414
B1214304728238N01018358EA0133001415
B1214314728231N01018355EA0133301416
B1214324728226N01018352EA0133501417
B1214334728221N01018351EA0133601418
B1214344728217N01018350EA0133701416
B1214354728211N01018349EA0133701416
B1214364728205N01018350EA0133701417
B1214374728200N01018352EA0133601418
B1214384728194N01018356EA0133601419
B1214394728190N01018362EA0133601419
B1214404728187N01018370EA0133601420
B1214414728186N01018378EA0133401419
B1214424728186N01018387EA0133401419
B1214434728187N01018394EA0133501420
B1214444728188N01018400EA0133501419
B1214454728191N01018404EA0133501417
B1214464728194N01018405EA0133401416
B1214474728197N01018405EA0133301416
B1214484728199N01018401EA0133201416
B1214494728199N01018396EA0133201417
B1214504728198N01018390EA0133301418
B1214514728196N01018386EA0133401420
B1214524728194N01018382EA0133501421
B1214534728190N01018380EA0133501423
B1214544728185N01018378EA0133601422
B1214554728181N01018378EA0133701422
B1214564728176N01018380EA0133601422
B1214574728171N01018384EA0133601421
B1214584728166N01018391EA0133601421
B1214594728163N01018400EA0133601422
B1215004728161N01018409EA0133601423
B1215014728160N01018417EA0133801422
B1215024728161N01018423EA0133701422
B1215034728163N01018427EA0133601420
B1215044728166N01018429EA0133501419
B1215054728169N01018429EA0133501418
B1215064728172N01018426EA0133601418
B1215074728172N01018422EA0133501418
B1215084728171N01018418EA0133501419
B1215094728170N01018414EA0133501419
B1215104728167N01018410EA0133601419
B1215114728163N01018408EA0133601419
B1215124728159N01018407EA0133601421
B1215134728154N01018405EA0133701423
B1215144728150N01018405EA0133801424
B1215154728146N01018405EA0133901423
B1215164728142N01018408EA0134001423
B1215174728139N01018413EA0133901423
B1215184728136N01018421EA0134001424
B1215194728135N01018429EA0134001425
B1215204728137N01018436EA0134001425
B1215214728139N01018443EA0134001426
B1215224728142N01018445EA0134001426
B1215234728144N01018446EA0134001425
B1215244728147N01018446EA0134001424
B1215254728148N01018443EA0133901423
B1215264728149N01018439EA0133801424
B1215274728150N01018433EA0133801423
B1215284728149N01018427EA0133801424
B1215294728147N01018421EA0133801425
B1215304728145N01018416EA0134001426
B1215314728142N01018412EA0134201427
B1215324728137N01018410EA0134401429
B1215334728132N01018410EA0134501430
B1215344728127N01018413EA0134801430
B1215354728122N01018420EA0134901431
B1215364728120N01018429EA0135101434
B1215374728120N01018437EA0135301437
B1215384728121N01018444EA0135401439
B1215394728124N01018448EA0135601441
B1215404728126N01018451EA0135701442
B1215414728129N01018453EA0135801443
B1215424728132N01018452EA0135701443
B1215434728135N01018450EA0135701443
B1215444728137N01018445EA0135601444
B1215454728139N01018439EA0135901447
B1215464728139N01018433EA0136201449
B1215474728139N01018428EA0136401452
B1215484728137N01018424EA0136701453
B1215494728135N01018422EA0136701454
B1215504728131N01018420EA0136701453
B1215514728126N01018419EA0136701453
B1215524728120N01018419EA0136701453
B1215534728114N01018422EA0136701454
B1215544728109N01018427EA0136801455
B1215554728105N01018434EA0136801455
B1215564728100N01018441EA0136801454
B1215574728097N01018449EA0136701455
B1215584728094N01018458EA0136701455
B1215594728092N01018466EA0136801456
B1216004728092N01018476EA0136901456
B1216014728095N01018484EA0136901457
B1216024728097N01018491EA0137001456
B1216034728101N01018495EA0137201457
B1216044728104N01018498EA0137301459
B1216054728107N01018498EA0137401460
B1216064728110N01018496EA0137401461
B1216074728112N01018492EA0137601463
B1216084728113N01018488EA0137801464
B1216094728112N01018483EA0138001465
B1216104728110N01018479EA0138001466
B1216114728106N01018477EA0138001466
B1216124728101N01018477EA0137901466
B1216134728095N01018480EA0138001467
B1216144728090N01018483EA0138101468
B1216154728085N01018488EA0138201469
B1216164728081N01018493EA0138201468
B1216174728077N01018502EA0138201469
B1216184728074N01018511EA0138101469
B1216194728073N01018522EA0138201467
B1216204728073N01018532EA0138301469
B1216214728075N01018540EA0138301469
B1216224728078N01018547EA0138401470
B1216234728081N01018551EA0138501471
B1216244728085N01018553EA0138701474
B1216254728087N01018553EA0138901476
B1216264728090N01018551EA0139101479
B1216274728092N01018548EA0139401481
B1216284728092N01018544EA0139501483
B1216294728090N01018540EA0139601484
B1216304728087N01018537EA0139701484
B1216314728083N01018534EA0139701483
B1216324728078N01018534EA0139801484
B1216334728073N01018535EA0139901486
B1216344728068N01018538EA0140001486
B1216354728062N01018543EA0140201488
B1216364728058N01018551EA0140301489
B1216374728054N01018559EA0140401490
B1216384728053N01018568EA0140501489
B1216394728053N01018577EA0140401488
B1216404728054N01018586EA0140401487
B1216414728057N01018595EA0140501489
B1216424728061N01018603EA0140501489
B1216434728065N01018607EA0140801490
B1216444728070N01018608EA0141201494
B1216454728073N01018607EA0141501498
B1216464728076N01018605EA0141701502
B1216474728076N01018601EA0141901504
B1216484728076N01018597EA0142101507
B1216494728075N01018592EA0142301508
B1216504728074N01018589EA0142401509
B1216514728071N01018586EA0142501512
B1216524728067N01018584EA0142701515
B1216534728062N01018583EA0143001515
B1216544728057N01018583EA0143301518
B1216554728053N01018586EA0143501519
B1216564728048N01018591EA0143601520
B1216574728044N01018597EA0143701522
B1216584728041N01018605EA0143801522
B1216594728038N01018615EA0143901523
B1217004728038N01018625EA0144001525
B1217014728039N01018635EA0144101525
B1217024728041N01018645EA0144301527
B1217034728044N01018652EA0144501529
B1217044728048N01018657EA0144601530
B1217054728051N01018660EA0144801532
B1217064728056N01018661EA0144901534
B1217074728059N01018660EA0145101535
B1217084728061N01018657EA0145201537
B1217094728062N01018654EA0145401540
B1217104728062N01018650EA0145601541
B1217114728060N01018647EA0145701543
B1217124728057N01018646EA0145901545
B1217134728052N01018644EA0146101546
B1217144728048N01018646EA0146301550
B1217154728043N01018650EA0146601552
B1217164728038N01018656EA0146901554
B1217174728035N01018664EA0147001557
B1217184728034N01018674EA0147301558
B1217194728035N01018685EA0147401560
B1217204728037N01018695EA0147601562
B1217214728041N01018704EA0147901566
B1217224728046N01018709EA0148301569
B1217234728050N01018712EA0148501573
B1217244728053N01018713EA0148801577
B1217254728056N01018713EA0149101580
B1217264728057N01018711EA0149301582
B1217274728057N01018707EA0149401585
B1217284728055N01018703EA0149501586
B1217294728050N01018699EA0149901590
B1217304728045N01018698EA0150401594
B1217314728041N01018700EA0150801598
B1217324728038N01018703EA0151001599
B1217334728034N01018708EA0151301600
B1217344728030N01018714EA0151501602
B1217354728026N01018722EA0151801606
B1217364728024N01018731EA0152101608
B1217374728025N01018741EA0152301611
B1217384728027N01018751EA0152701616
B1217394728031N01018759EA0153101622
B1217404728034N01018764EA0153401625
B1217414728038N01018767EA0153701628
B1217424728041N01018768EA0153901632
B1217434728044N01018767EA0154201635
B1217444728046N01018765EA0154501638
B1217454728047N01018762EA0154701641
B1217464728047N01018758EA0154901644
B1217474728045N01018754EA0155301647
B1217484728042N01018752EA0155701650
B1217494728038N01018752EA0155901653
B1217504728035N01018754EA0156001655
B1217514728031N01018757EA0156101656
B1217524728028N01018762EA0156201656
B1217534728025N01018769EA0156101656
B1217544728024N01018780EA0156201658
B1217554728025N01018791EA0156401660
B1217564728028N01018800EA0156901665
B1217574728031N01018806EA0157401668
B1217584728034N01018812EA0157801672
B1217594728038N01018816EA0158101676
B1218004728041N01018819EA0158401679
B1218014728046N01018821EA0158601681
B1218024728049N01018819EA0158701683
B1218034728051N01018816EA0159101687
B1218044728051N01018812EA0159501689
B1218054728048N01018810EA0159801691
B1218064728045N01018809EA0160001694
B1218074728042N01018810EA0160201698
B1218084728040N01018812EA0160501700
B1218094728038N01018812EA0160701701
B1218104728035N01018813EA0160701702
B1218114728031N01018815EA0160801703
B1218124728027N01018819EA0160901704
B1218134728022N01018825EA0161101706
B1218144728018N01018833EA0161301707
B1218154728015N01018843EA0161501709
B1218164728014N01018854EA0161501711
B1218174728014N01018865EA0161701713
B1218184728015N01018877EA0161801714
B1218194728019N01018886EA0162001715
B1218204728023N01018894EA0162201716
B1218214728028N01018899EA0162401719
B1218224728034N01018901EA0162601721
B1218234728039N01018901EA0163001723
B1218244728044N01018902EA0163401726
B1218254728047N01018901EA0163801729
B1218264728049N01018900EA0164101732
B1218274728050N01018897EA0164401736
B1218284728050N01018894EA0164701739
B1218294728049N01018892EA0165001742
B1218304728046N01018892EA0165201745
B1218314728043N01018892EA0165401747
B1218324728039N01018894EA0165601749
B1218334728035N01018898EA0165901751
B1218344728031N01018903EA0166101753
B1218354728027N01018911EA0166301755
B1218364728024N01018921EA0166501758
B1218374728022N01018932EA0166701760
B1218384728022N01018943EA0167001761
B1218394728023N01018953EA0167301764
B1218404728025N01018962EA0167501765
B1218414728028N01018970EA0167701768
B1218424728032N01018978EA0168001770
B1218434728037N01018984EA0168301774
B1218444728041N01018989EA0168601778
B1218454728046N01018990EA0168901781
B1218464728050N01018991EA0169201786
B1218474728052N01018989EA0169601789
B1218484728053N01018987EA0169901792
B1218494728052N01018985EA0170101794
B1218504728050N01018983EA0170301795
B1218514728046N01018983EA0170401797
B1218524728042N01018984EA0170501795
B1218534728037N01018988EA0170701798
B1218544728032N01018995EA0170901801
B1218554728028N01019004EA0171101803
B1218564728025N01019015EA0171401806
B1218574728023N01019027EA0171701809
B1218584728023N01019039EA0172101814
B1218594728023N01019051EA0172401820
B1219004728025N01019061EA0172701824
B1219014728028N01019070EA0173001827
B1219024728031N01019078EA0173301830
B1219034728036N01019084EA0173601833
B1219044728041N01019087EA0173801836
B1219054728044N01019087EA0174001838
B1219064728047N01019085EA0174301841
B1219074728048N01019082EA0174701844
B1219084728047N01019080EA0175001846
B1219094728044N01019078EA0175201847
B1219104728040N01019078EA0175201848
B1219114728035N01019081EA0175501849
B1219124728030N01019085EA0175601849
B1219134728025N01019090EA0175801851
B1219144728020N01019097EA0176001852
B1219154728015N01019107EA0176201857
B1219164728011N01019118EA0176501859
B1219174728008N01019130EA0176901862
B1219184728007N01019142EA0177301865
B1219194728007N01019153EA0177601867
B1219204728008N01019165EA0177801871
B1219214728010N01019175EA0178001874
B1219224728014N01019183EA0178201876
B1219234728019N01019187EA0178301879
B1219244728024N01019188EA0178701879
B1219254728028N01019189EA0179201882
B1219264728029N01019187EA0179501885
B1219274728029N01019186EA0179701889
B1219284728027N01019185EA0179901891
B1219294728024N01019185EA0180201895
B1219304728020N01019187EA0180301896
B1219314728015N01019192EA0180501899
B1219324728010N01019198EA0180901903
B1219334728005N01019205EA0181201907
B1219344728001N01019213EA0181601909
B1219354727998N01019223EA0181801913
B1219364727996N01019234EA0182001915
B1219374727995N01019245EA0182201918
B1219384727995N01019256EA0182401919
B1219394727997N01019267EA0182601922
B1219404728000N01019277EA0182801924
B1219414728005N01019286EA0183001927
B1219424728010N01019293EA0183301930
B1219434728015N01019298EA0183501932
B1219444728020N01019300EA0183701934
B1219454728023N01019300EA0183901936
B1219464728025N01019297EA0184201940
B1219474728024N01019295EA0184501942
B1219484728022N01019295EA0184701945
B1219494728018N01019297EA0185001947
B1219504728014N01019300EA0185201953
B1219514728010N01019305EA0185501956
B1219524728005N01019310EA0185801960
B1219534728002N01019316EA0186001961
B1219544727998N01019324EA0186201964
B1219554727996N01019335EA0186301965
B1219564727994N01019346EA0186501966
B1219574727996N01019358EA0186701967
B1219584727999N01019370EA0186901971
B1219594728003N01019380EA0187201974
B1220004728008N01019387EA0187401975
B1220014728012N01019392EA0187601977
B1220024728017N01019396EA0187801977
B1220034728021N01019398EA0187901978
B1220044728024N01019397EA0187901979
B1220054728024N01019395EA0187901979
B1220064728023N01019392EA0188201981
B1220074728020N01019391EA0188501983
B1220084728016N01019394EA0188601986
B1220094728013N01019398EA0188701989
B1220104728008N01019402EA0188901990
B1220114728004N01019407EA0189101991
B1220124728000N01019413EA0189301993
B1220134727996N01019421EA0189301994
B1220144727993N01019431EA0189501998
B1220154727991N01019441EA0189802000
B1220164727990N01019453EA0190102004
B1220174727990N01019465EA0190302007
B1220184727992N01019476EA0190602009
B1220194727996N01019487EA0190802012
B1220204728000N01019496EA0191202014
B1220214728005N01019503EA0191402016
B1220224728010N01019510EA0191402017
B1220234728015N01019515EA0191602018
B1220244728019N01019519EA0191702018
B1220254728023N01019521EA0191702018
B1220264728027N01019522EA0191702018
B1220274728030N01019520EA0191802019
B1220284728032N01019517EA0192002020
B1220294728032N01019514EA0192202022
B1220304728031N01019512EA0192302023
B1220314728029N01019511EA0192402024
B1220324728026N01019511EA0192502023
B1220334728022N01019512EA0192702024
B1220344728018N01019515EA0192902025
B1220354728013N01019520EA0193002025
B1220364728009N01019529EA0193002027
B1220374728006N01019538EA0193102027
B1220384728004N01019549EA0193202027
B1220394728002N01019561EA0193402029
B1220404728002N01019574EA0193502031
B1220414728004N01019586EA0193602031
B1220424728006N01019597EA0193802031
B1220434728010N01019607EA0193902034
B1220444728014N01019616EA0194102035
B1220454728017N01019622EA0194202036
B1220464728022N01019627EA0194102036
B1220474728026N01019630EA0194002036
B1220484728030N01019631EA0194002035
B1220494728035N01019632EA0194002035
B1220504728039N01019632EA0194102035
B1220514728042N01019633EA0194202037
B1220524728044N01019633EA0194202037
B1220534728046N01019633EA0194202038
B1220544728046N01019632EA0194102038
B1220554728046N01019629EA0194202037
B1220564728045N01019627EA0194302035
B1220574728043N01019625EA0194302036
B1220584728039N01019626EA0194602038
B1220594728035N01019628EA0194702041
B1221004728031N01019633EA0194802040
B1221014728027N01019639EA0194902040
B1221024728023N01019648EA0194902042
B1221034728020N01019659EA0195002043
B1221044728019N01019671EA0195102043
B1221054728018N01019684EA0195102045
B1221064728019N01019696EA0195202044
B1221074728021N01019707EA0195302046
B1221084728022N01019718EA0195402048
B1221094728025N01019728EA0195402047
B1221104728028N01019738EA0195302047
B1221114728032N01019747EA0195202047
B1221124728036N01019755EA0195102047
B1221134728041N01019762EA0195202046
B1221144728046N01019766EA0195002046
B1221154728050N01019768EA0195002045
B1221164728054N01019768EA0194902044
B1221174728058N01019767EA0195002043
B1221184728061N01019764EA0195102043
B1221194728061N01019761EA0195102044
B1221204728060N01019759EA0195102045
B1221214728058N01019757EA0195002045
B1221224728058N01019755EA0195002044
B1221234728058N01019753EA0194902044
B1221244728059N01019750EA0194802043
B1221254728060N01019748EA0194802042
B1221264728061N01019746EA0194802042
B1221274728062N01019743EA0194702042
B1221284728063N01019741EA0194802041
B1221294728062N01019738EA0194702041
B1221304728062N01019735EA0194702041
B1221314728061N01019732EA0194902042
B1221324728059N01019730EA0195002044
B1221334728059N01019728EA0195102044
B1221344728058N01019727EA0195202046
B1221354728056N01019725EA0195302048
B1221364728054N01019722EA0195302048
B1221374728052N01019720EA0195402048
B1221384728051N01019717EA0195602048
B1221394728050N01019714EA0195602048
B1221404728049N01019711EA0195802049
B1221414728048N01019708EA0195902049
B1221424728047N01019705EA0196102051
B1221434728046N01019702EA0196302055
B1221444728045N01019700EA0196502058
B1221454728044N01019698EA0196702062
B1221464728042N01019696EA0196802065
B1221474728040N01019693EA0196902066
B1221484728039N01019690EA0197202069
B1221494728039N01019688EA0197402071
B1221504728038N01019685EA0197602073
B1221514728037N01019683EA0197902075
B1221524728036N01019681EA0198102077
B1221534728036N01019679EA0198502078
B1221544728035N01019677EA0198802082
B1221554728034N01019676EA0199202084
B1221564728034N01019675EA0199602087
B1221574728034N01019673EA0199902090
B1221584728033N01019672EA0200302094
B1221594728034N01019671EA0200602098
B1222004728036N01019670EA0201002100
B1222014728038N01019669EA0201202103
B1222024728041N01019668EA0201502105
B1222034728044N01019669EA0201602107
B1222044728049N01019672EA0201602107
B1222054728053N01019678EA0201702110
B1222064728057N01019685EA0201902113
B1222074728062N01019695EA0202002113
B1222084728064N01019707EA0202002114
B1222094728065N01019720EA0202102114
B1222104728063N01019734EA0202402115
B1222114728059N01019745EA0202702118
B1222124728054N01019753EA0202902119
B1222134728050N01019757EA0203202122
B1222144728046N01019758EA0203402125
B1222154728044N01019757EA0203802128
B1222164728044N01019757EA0204002130
B1222174728047N01019757EA0204202133
B1222184728051N01019759EA0204302135
B1222194728056N01019764EA0204402136
B1222204728061N01019771EA0204702138
B1222214728065N01019781EA0204802140
B1222224728068N01019794EA0204902143
B1222234728068N01019808EA0205102144
B1222244728065N01019821EA0205302146
B1222254728062N01019831EA0205602149
B1222264728057N01019838EA0205902152
B1222274728054N01019841EA0206102155
B1222284728052N01019842EA0206302156
B1222294728051N01019842EA0206502158
B1222304728052N01019841EA0206802162
B1222314728055N01019841EA0207002164
B1222324728060N01019844EA0207102166
B1222334728066N01019850EA0207302168
B1222344728071N01019860EA0207502169
B1222354728074N01019871EA0207702171
B1222364728076N01019885EA0207902173
B1222374728076N01019898EA0208102174
B1222384728072N01019910EA0208302175
B1222394728068N01019916EA0208302176
B1222404728063N01019918EA0208602178
B1222414728060N01019919EA0208902181
B1222424728058N01019918EA0209302184
B1222434728057N01019918EA0209702186
B1222444728056N01019918EA0209902188
B1222454728055N01019918EA0210102188
B1222464728054N01019917EA0210202190
B1222474728052N01019916EA0210402193
B1222484728050N01019914EA0210702197
B1222494728048N01019913EA0211002201
B1222504728046N01019913EA0211302202
B1222514728044N01019913EA0211402204
B1222524728042N01019913EA0211402207
B1222534728039N01019912EA0211402208
B1222544728038N01019911EA0211402209
B1222554728038N01019910EA0211602209
B1222564728040N01019910EA0211502206
B1222574728043N01019910EA0211502207
B1222584728047N01019912EA0211402207
B1222594728052N01019917EA0211402207
B1223004728058N01019924EA0211302205
B1223014728062N01019936EA0211202203
B1223024728064N01019950EA0211102202
B1223034728062N01019965EA0211102201
B1223044728058N01019976EA0211002200
B1223054728052N01019984EA0211102200
B1223064728047N01019988EA0211102200
B1223074728043N01019989EA0211402202
B1223084728040N01019989EA0211702203
B1223094728038N01019989EA0211902205
B1223104728036N01019989EA0212002206
B1223114728033N01019989EA0212002206
B1223124728032N01019989EA0212002207
B1223134728030N01019988EA0212002208
B1223144728027N01019987EA0212102210
B1223154728026N01019986EA0212202211
B1223164728024N01019985EA0212202212
B1223174728022N01019985EA0212302212
B1223184728021N01019984EA0212202212
B1223194728019N01019983EA0212202212
B1223204728018N01019982EA0212202212
B1223214728016N01019980EA0212202213
B1223224728015N01019979EA0212302214
B1223234728013N01019978EA0212402216
B1223244728011N01019978EA0212402216
B1223254728010N01019978EA0212402215
B1223264728008N01019976EA0212402215
B1223274728007N01019976EA0212402215
B1223284728005N01019975EA0212502216
B1223294728002N01019974EA0212602217
B1223304728000N01019973EA0212702219
B1223314727999N01019972EA0212802220
B1223324727997N01019971EA0212902221
B1223334727995N01019971EA0213002223
B1223344727993N01019971EA0213002222
B1223354727991N01019969EA0213002223
B1223364727988N01019968EA0213002224
B1223374727985N01019967EA0213102225
B1223384727982N01019966EA0213202226
B1223394727980N01019966EA0213302226
B1223404727977N01019965EA0213302227
B1223414727974N01019965EA0213302228
B1223424727971N01019964EA0213302229
B1223434727969N01019964EA0213402229
B1223444727966N01019963EA0213502229
B1223454727964N01019963EA0213702229
B1223464727962N01019963EA0213702229
B1223474727961N01019961EA0213702231
B1223484727960N01019959EA0214002234
B1223494727959N01019957EA0214202235
B1223504727957N01019955EA0214502240
B1223514727955N01019954EA0214902243
B1223524727955N01019952EA0215202247
B1223534727955N01019951EA0215602251
B1223544727956N01019950EA0216002254
B1223554727956N01019949EA0216402257
B1223564727956N01019948EA0216602261
B1223574727955N01019946EA0217102266
B1223584727954N01019945EA0217502273
B1223594727955N01019944EA0217902275
B1224004727955N01019943EA0218202278
B1224014727954N01019941EA0218602280
B1224024727953N01019938EA0218902284
B1224034727952N01019935EA0219502289
B1224044727951N01019933EA0220002293
B1224054727951N01019931EA0220602297
B1224064727951N01019929EA0221002302
B1224074727950N01019927EA0221502307
B1224084727948N01019925EA0221802314
B1224094727946N01019924EA0222302318
B1224104727945N01019924EA0222702321
B1224114727943N01019923EA0223102324
B1224124727943N01019921EA0223402327
B1224134727941N01019919EA0223602331
B1224144727940N01019917EA0223902335
B1224154727939N01019914EA0224102339
B1224164727937N01019911EA0224302342
B1224174727937N01019908EA0224502339
B1224184727935N01019906EA0224602340
B1224194727934N01019904EA0224502340
B1224204727931N01019902EA0224502343
B1224214727929N01019900EA0224602344
B1224224727927N01019898EA0224802342
B1224234727925N01019896EA0224902343
B1224244727924N01019894EA0225002343
B1224254727922N01019893EA0225002345
B1224264727921N01019891EA0225002345
B1224274727920N01019888EA0225002346
B1224284727918N01019885EA0225002347
B1224294727917N01019883EA0224902346
B1224304727916N01019880EA0224902345
B1224314727914N01019877EA0225002344
B1224324727913N01019875EA0225002345
B1224334727911N01019873EA0225102346
B1224344727909N01019870EA0225202345
B1224354727908N01019867EA0225202346
B1224364727905N01019865EA0225402348
B1224374727903N01019862EA0225502349
B1224384727900N01019861EA0225602352
B1224394727898N01019859EA0225602353
B1224404727896N01019857EA0225702354
B1224414727894N01019856EA0225802353
B1224424727893N01019855EA0225802353
B1224434727890N01019853EA0225902355
B1224444727888N01019852EA0226102357
B1224454727886N01019851EA0226302357
B1224464727885N01019850EA0226402357
B1224474727883N01019849EA0226602359
B1224484727882N01019848EA0226602360
B1224494727879N01019847EA0226702361
B1224504727877N01019845EA0226802363
B1224514727875N01019844EA0226902364
B1224524727874N01019842EA0227102363
B1224534727872N01019839EA0227102364
B1224544727869N01019837EA0227302366
B1224554727867N01019834EA0227402368
B1224564727865N01019832EA0227502367
B1224574727864N01019830EA0227602367
B1224584727862N01019827EA0227702368
B1224594727860N01019825EA0227802369
B1225004727859N01019821EA0227802369
B1225014727858N01019818EA0227902368
B1225024727857N01019815EA0227902367
B1225034727855N01019812EA0227902368
B1225044727853N01019808EA0228002369
B1225054727851N01019805EA0228002370
B1225064727849N01019802EA0228002370
B1225074727846N01019799EA0228002370
B1225084727844N01019796EA0228002370
B1225094727841N01019793EA0228002368
B1225104727839N01019791EA0227902367
B1225114727836N01019788EA0227902368
B1225124727833N01019784EA0227902368
B1225134727831N01019781EA0227902367
B1225144727828N01019779EA0228002367
B1225154727826N01019776EA0228002365
B1225164727824N01019775EA0228002365
B1225174727821N01019773EA0227902363
B1225184727819N01019771EA0227802362
B1225194727817N01019769EA0227602361
B1225204727813N01019766EA0227502362
B1225214727811N01019764EA0227502363
B1225224727809N01019761EA0227502363
B1225234727807N01019759EA0227402362
B1225244727805N01019756EA0227502362
B1225254727803N01019755EA0227502363
B1225264727801N01019753EA0227302363
B1225274727799N01019751EA0227202361
B1225284727796N01019748EA0227102362
B1225294727794N01019746EA0227102361
B1225304727793N01019743EA0227002361
B1225314727791N01019741EA0226902361
B1225324727788N01019738EA0226902362
B1225334727786N01019736EA0226802360
B1225344727784N01019733EA0226802359
B1225354727782N01019731EA0226702358
B1225364727779N01019729EA0226702359
B1225374727777N01019726EA0226602360
B1225384727775N01019724EA0226702360
B1225394727773N01019721EA0226702359
B1225404727771N01019718EA0226802358
B1225414727768N01019715EA0226802359
B1225424727766N01019713EA0226802360
B1225434727763N01019710EA0226802360
B1225444727761N01019707EA0226902360
B1225454727758N01019705EA0226902361
B1225464727756N01019703EA0226902362
B1225474727754N01019700EA0226802362
B1225484727751N01019697EA0226602364
B1225494727748N01019694EA0226802367
B1225504727746N01019691EA0227002364
B1225514727743N01019689EA0227002363
B1225524727741N01019687EA0227002361
B1225534727739N01019686EA0227002362
B1225544727737N01019684EA0226902359
B1225554727734N01019682EA0226802357
B1225564727731N01019679EA0226702356
B1225574727728N01019676EA0226602355
B1225584727726N01019673EA0226602355
B1225594727723N01019670EA0226602354
B1226004727721N01019666EA0226502352
B1226014727719N01019663EA0226502352
B1226024727717N01019660EA0226502351
B1226034727714N01019657EA0226502351
B1226044727712N01019654EA0226502352
B1226054727710N01019652EA0226502353
B1226064727708N01019650EA0226602353
B1226074727706N01019648EA0226502353
B1226084727703N01019646EA0226402353
B1226094727701N01019643EA0226402354
B1226104727697N01019640EA0226402355
B1226114727694N01019638EA0226502356
B1226124727691N01019637EA0226502356
B1226134727688N01019636EA0226502356
B1226144727686N01019634EA0226502357
B1226154727683N01019633EA0226602358
B1226164727680N01019631EA0226602359
B1226174727677N01019630EA0226602361
B1226184727674N01019628EA0226702362
B1226194727670N01019627EA0226902365
B1226204727668N01019625EA0227102367
B1226214727665N01019625EA0227202368
B1226224727663N01019624EA0227302368
B1226234727659N01019624EA0227302368
B1226244727654N01019624EA0227302371
B1226254727650N01019623EA0227402372
B1226264727646N01019622EA0227502374
B1226274727642N01019622EA0227602378
B1226284727638N01019621EA0227802378
B1226294727635N01019620EA0228002378
B1226304727632N01019619EA0228102380
B1226314727629N01019618EA0228302381
B1226324727625N01019617EA0228502382
B1226334727622N01019616EA0228702383
B1226344727619N01019615EA0228902384
B1226354727615N01019614EA0229002386
B1226364727612N01019614EA0229202387
B1226374727609N01019614EA0229202387
B1226384727606N01019614EA0229202387
B1226394727603N01019614EA0229002386
B1226404727599N01019612EA0229102386
B1226414727595N01019611EA0229002386
B1226424727592N01019609EA0229102388
B1226434727588N01019607EA0229202388
B1226444727585N01019606EA0229202390
B1226454727582N01019606EA0229202391
B1226464727579N01019605EA0229202391
B1226474727576N01019603EA0229202391
B1226484727573N01019602EA0229202390
B1226494727569N01019600EA0229202394
B1226504727566N01019599EA0229302396
B1226514727564N01019596EA0229302395
B1226524727561N01019595EA0229302395
B1226534727558N01019593EA0229302395
B1226544727554N01019592EA0229202397
B1226554727551N01019591EA0229302398
B1226564727548N01019590EA0229302398
B1226574727545N01019588EA0229402400
B1226584727543N01019586EA0229602400
B1226594727540N01019584EA0229602401
B1227004727537N01019582EA0229702401
B1227014727533N01019580EA0229602402
B1227024727530N01019579EA0229702404
B1227034727527N01019578EA0229802405
B1227044727524N01019577EA0229802402
B1227054727521N01019577EA0229702401
B1227064727518N01019576EA0229702402
B1227074727514N01019575EA0229702402
B1227084727509N01019574EA0229802402
B1227094727506N01019573EA0229902402
B1227104727502N01019572EA0230202404
B1227114727499N01019571EA0230302405
B1227124727496N01019570EA0230302404
B1227134727493N01019569EA0230402402
B1227144727489N01019568EA0230302402
B1227154727486N01019567EA0230402400
B1227164727483N01019565EA0230402402
B1227174727481N01019563EA0230602403
B1227184727478N01019562EA0230602404
B1227194727476N01019560EA0230602404
B1227204727474N01019559EA0230502404
B1227214727471N01019557EA0230502403
B1227224727469N01019555EA0230502403
B1227234727467N01019553EA0230402403
B1227244727466N01019550EA0230302400
B1227254727464N01019548EA0230102399
B1227264727461N01019546EA0230102399
B1227274727458N01019543EA0230002398
B1227284727455N01019542EA0230002397
B1227294727452N01019540EA0230002396
B1227304727449N01019539EA0229902395
B1227314727446N01019537EA0229802393
B1227324727443N01019534EA0229502391
B1227334727440N01019532EA0229302389
B1227344727436N01019529EA0229202389
B1227354727433N01019526EA0229102387
B1227364727430N01019523EA0229002387
B1227374727427N01019521EA0228902386
B1227384727424N01019518EA0228702386
B1227394727421N01019515EA0228602383
B1227404727418N01019512EA0228402381
B1227414727415N01019509EA0228202380
B1227424727412N01019505EA0228202378
B1227434727408N01019503EA0228102379
B1227444727405N01019499EA0228202377
B1227454727403N01019497EA0228102374
B1227464727401N01019494EA0228102372
B1227474727398N01019491EA0228002370
B1227484727394N01019489EA0227802371
B1227494727390N01019486EA0227902370
B1227504727387N01019482EA0228102371
B1227514727383N01019480EA0228302374
B1227524727379N01019477EA0228402374
B1227534727376N01019474EA0228402373
B1227544727373N01019471EA0228402373
B1227554727369N01019469EA0228402375
B1227564727366N01019465EA0228402376
B1227574727363N01019462EA0228602376
B1227584727360N01019458EA0228602376
B1227594727358N01019455EA0228602377
B1228004727355N01019452EA0228702376
B1228014727352N01019449EA0228702378
B1228024727349N01019445EA0228802380
B1228034727346N01019442EA0228802381
B1228044727343N01019438EA0228902380
B1228054727340N01019436EA0229002381
B1228064727337N01019434EA0229102382
B1228074727334N01019432EA0229102382
B1228084727331N01019430EA0229202384
B1228094727327N01019429EA0229302386
B1228104727324N01019428EA0229402387
B1228114727321N01019426EA0229502388
B1228124727318N01019425EA0229702389
B1228134727314N01019423EA0229702392
B1228144727311N01019422EA0229802391
B1228154727308N01019421EA0229802391
B1228164727304N01019419EA0229902391
B1228174727301N01019417EA0229902393
B1228184727298N01019416EA0230002394
B1228194727295N01019415EA0230102394
B1228204727293N01019413EA0230102396
B1228214727290N01019412EA0230102396
B1228224727286N01019411EA0230102396
B1228234727282N01019410EA0230102396
B1228244727279N01019408EA0230202396
B1228254727276N01019406EA0230302397
B1228264727272N01019404EA0230402398
B1228274727269N01019403EA0230402397
B1228284727266N01019402EA0230402398
B1228294727262N01019400EA0230402398
B1228304727258N01019398EA0230402398
B1228314727255N01019396EA0230502399
B1228324727251N01019394EA0230502399
B1228334727247N01019392EA0230502400
B1228344727243N01019391EA0230602400
B1228354727239N01019391EA0230602402
B1228364727235N01019390EA0230502402
B1228374727231N01019388EA0230502402
B1228384727227N01019386EA0230402400
B1228394727222N01019384EA0230402400
B1228404727218N01019382EA0230502402
B1228414727213N01019380EA0230502403
B1228424727209N01019378EA0230502404
B1228434727204N01019376EA0230502403
B1228444727200N01019374EA0230602402
B1228454727197N01019371EA0230602400
B1228464727193N01019369EA0230602399
B1228474727189N01019367EA0230602397
B1228484727185N01019366EA0230602398
B1228494727182N01019364EA0230502398
B1228504727178N01019361EA0230602398
B1228514727173N01019360EA0230602400
B1228524727168N01019359EA0230702401
B1228534727163N01019357EA0230702401
B1228544727158N01019356EA0230702402
B1228554727154N01019355EA0230902402
B1228564727149N01019353EA0230902402
B1228574727145N01019351EA0230902402
B1228584727139N01019349EA0231002403
B1228594727135N01019347EA0231102405
B1229004727130N01019345EA0231202405
B1229014727125N01019343EA0231202406
B1229024727121N01019342EA0231202408
B1229034727116N01019341EA0231302408
B1229044727112N01019339EA0231302406
B1229054727108N01019337EA0231302408
B1229064727103N01019336EA0231202407
B1229074727099N01019334EA0231302407
B1229084727095N01019333EA0231302409
B1229094727090N01019331EA0231402408
B1229104727086N01019330EA0231402408
B1229114727082N01019328EA0231402407
B1229124727077N01019327EA0231402406
B1229134727072N01019326EA0231302406
B1229144727067N01019325EA0231202405
B1229154727061N01019324EA0231202403
B1229164727056N01019322EA0231102403
B1229174727051N01019320EA0231002402
B1229184727046N01019319EA0231002403
B1229194727041N01019318EA0230802402
B1229204727036N01019316EA0230702402
B1229214727032N01019314EA0230602401
B1229224727027N01019311EA0230502400
B1229234727022N01019308EA0230602400
B1229244727018N01019306EA0230502400
B1229254727013N01019303EA0230502400
B1229264727009N01019300EA0230702401
B1229274727005N01019298EA0230702403
B1229284727001N01019297EA0230702403
B1229294726997N01019295EA0230702403
B1229304726993N01019293EA0230602401
B1229314726988N01019291EA0230602402
B1229324726984N01019289EA0230702401
B1229334726978N01019288EA0230702402
B1229344726974N01019287EA0230602402
B1229354726969N01019286EA0230602403
B1229364726965N01019285EA0230602402
B1229374726960N01019285EA0230602402
B1229384726956N01019284EA0230502402
B1229394726952N01019282EA0230502401
B1229404726948N01019281EA0230502400
B1229414726944N01019279EA0230402401
B1229424726940N01019277EA0230502400
B1229434726935N01019275EA0230502400
B1229444726930N01019273EA0230802401
B1229454726925N01019272EA0230702401
B1229464726921N01019270EA0231102403
B1229474726916N01019269EA0231202406
B1229484726912N01019267EA0231302405
B1229494726908N01019266EA0231202405
B1229504726903N01019264EA0231302406
B1229514726900N01019263EA0231402405
B1229524726895N01019262EA0231402405
B1229534726891N01019260EA0231502406
B1229544726887N01019257EA0231702407
B1229554726884N01019255EA0231802407
B1229564726881N01019252EA0231902408
B1229574726877N01019249EA0232002410
B1229584726874N01019246EA0232102412
B1229594726872N01019243EA0232202415
B1230004726870N01019240EA0232202416
B1230014726868N01019237EA0232202416
B1230024726865N01019233EA0232302417
B1230034726863N01019230EA0232302419
B1230044726861N01019226EA0232402419
B1230054726861N01019221EA0232402417
B1230064726860N01019216EA0232502419
B1230074726859N01019212EA0232702421
B1230084726858N01019209EA0232902422
B1230094726856N01019205EA0232802421
B1230104726854N01019202EA0232802421
B1230114726852N01019198EA0232602420
B1230124726849N01019194EA0232502420
B1230134726846N01019190EA0232502419
B1230144726843N01019186EA0232502420
B1230154726839N01019184EA0232602422
B1230164726835N01019182EA0232602423
B1230174726832N01019180EA0232602422
B1230184726828N01019178EA0232602418
B1230194726824N01019175EA0232402415
B1230204726819N01019171EA0232402414
B1230214726815N01019168EA0232402412
B1230224726810N01019166EA0232302410
B1230234726807N01019164EA0232202408
B1230244726802N01019162EA0232002407
B1230254726797N01019160EA0232202408
B1230264726791N01019158EA0232102409
B1230274726785N01019158EA0232202411
B1230284726780N01019159EA0232302413
B1230294726775N01019160EA0232302413
B1230304726770N01019161EA0232302413
B1230314726765N01019161EA0232302411
B1230324726759N01019161EA0232102411
B1230334726753N01019163EA0231902412
B1230344726747N01019165EA0231902413
B1230354726743N01019167EA0232202414
B1230364726738N01019168EA0232202414
B1230374726734N01019168EA0232002413
B1230384726731N01019167EA0231802412
B1230394726727N01019165EA0231502410
B1230404726724N01019163EA0231502408
B1230414726720N01019161EA0231302408
B1230424726717N01019160EA0231202406
B1230434726714N01019159EA0231102404
B1230444726711N01019158EA0230902401
B1230454726707N01019156EA0230802401
B1230464726702N01019155EA0230702401
B1230474726697N01019154EA0230702401
B1230484726692N01019152EA0230802402
B1230494726688N01019150EA0230902402
B1230504726685N01019146EA0230902400
B1230514726682N01019144EA0230702400
B1230524726678N01019141EA0230702401
B1230534726674N01019139EA0230602401
B1230544726670N01019136EA0230802402
B1230554726667N01019133EA0230902402
B1230564726664N01019130EA0230902402
B1230574726661N01019127EA0230802401
B1230584726658N01019125EA0230802400
B1230594726654N01019122EA0230602399
B1231004726650N01019120EA0230602399
B1231014726645N01019117EA0230602400
B1231024726641N01019115EA0230602401
B1231034726638N01019112EA0230802401
B1231044726634N01019110EA0230902402
B1231054726632N01019108EA0231002401
B1231064726628N01019106EA0230902401
B1231074726624N01019103EA0230902401
B1231084726621N01019099EA0230802400
B1231094726617N01019096EA0230902401
B1231104726614N01019093EA0231102403
B1231114726611N01019089EA0231202405
B1231124726607N01019086EA0231302404
B1231134726604N01019082EA0231402405
B1231144726600N01019080EA0231402405
B1231154726595N01019078EA0231402406
B1231164726590N01019077EA0231502407
B1231174726585N01019076EA0231602408
B1231184726581N01019076EA0231502409
B1231194726576N01019075EA0231702411
B1231204726570N01019074EA0231702410
B1231214726565N01019074EA0231902411
B1231224726559N01019074EA0231902412
B1231234726554N01019074EA0232202412
B1231244726549N01019075EA0232302414
B1231254726544N01019076EA0232402415
B1231264726538N01019077EA0232402416
B1231274726533N01019078EA0232502416
B1231284726527N01019079EA0232502416
B1231294726522N01019079EA0232602417
B1231304726517N01019079EA0232802417
B1231314726512N01019078EA0232802417
B1231324726506N01019079EA0232802416
B1231334726500N01019079EA0232902416
B1231344726495N01019079EA0233102418
B1231354726489N01019080EA0233302421
B1231364726484N01019080EA0233402423
B1231374726479N01019081EA0233502423
B1231384726473N01019080EA0233602424
B1231394726468N01019080EA0233602426
B1231404726462N01019079EA0233702426
B1231414726457N01019078EA0233702427
B1231424726452N01019077EA0233702428
B1231434726447N01019075EA0233702429
B1231444726442N01019074EA0233702428
B1231454726436N01019071EA0233502428
B1231464726431N01019069EA0233502427
B1231474726425N01019064EA0233602427
B1231484726421N01019061EA0233602426
B1231494726417N01019058EA0233602424
B1231504726412N01019055EA0233302422
B1231514726408N01019050EA0233002421
B1231524726404N01019045EA0232802418
B1231534726401N01019039EA0232702415
B1231544726397N01019034EA0232602413
B1231554726394N01019031EA0232502411
B1231564726391N01019027EA0232302410
B1231574726388N01019022EA0232002408
B1231584726385N01019017EA0231802407
B1231594726382N01019013EA0231602405
B1232004726378N01019008EA0231502406
B1232014726376N01019003EA0231402404
B1232024726373N01018998EA0231302401
B1232034726370N01018993EA0231202401
B1232044726367N01018989EA0231002398
B1232054726365N01018983EA0230802397
B1232064726362N01018978EA0230702395
B1232074726359N01018972EA0230602394
B1232084726357N01018966EA0230402393
B1232094726355N01018961EA0230302392
B1232104726352N01018955EA0230102392
B1232114726350N01018948EA0230002390
B1232124726347N01018942EA0229802389
B1232134726344N01018935EA0229602388
B1232144726341N01018928EA0229602387
B1232154726338N01018921EA0229602388
B1232164726334N01018915EA0229702389
B1232174726331N01018909EA0229802390
B1232184726328N01018903EA0230002392
B1232194726324N01018899EA0230202395
B1232204726320N01018895EA0230302397
B1232214726316N01018892EA0230402398
B1232224726312N01018889EA0230502398
B1232234726308N01018886EA0230502398
B1232244726304N01018882EA0230602400
B1232254726301N01018879EA0230802401
B1232264726298N01018876EA0230802401
B1232274726295N01018873EA0230802399
B1232284726291N01018870EA0230702399
B1232294726287N01018867EA0230702399
B1232304726283N01018865EA0230802401
B1232314726279N01018862EA0230802401
B1232324726275N01018859EA0230802402
B1232334726271N01018856EA0230802401
B1232344726266N01018854EA0230902404
B1232354726260N01018852EA0231102407
B1232364726254N01018850EA0231302408
B1232374726249N01018850EA0231502410
B1232384726244N01018848EA0231602409
B1232394726239N01018847EA0231702413
B1232404726234N01018845EA0231802414
B1232414726229N01018844EA0232002417
B1232424726224N01018842EA0232102417
B1232434726220N01018841EA0232302418
B1232444726215N01018840EA0232302418
B1232454726210N01018838EA0232302418
B1232464726205N01018837EA0232202418
B1232474726200N01018835EA0232202418
B1232484726195N01018834EA0232302419
B1232494726189N01018832EA0232402421
B1232504726184N01018831EA0232502420
B1232514726179N01018831EA0232502421
B1232524726173N01018829EA0232402420
B1232534726168N01018827EA0232302420
B1232544726162N01018825EA0232202418
B1232554726156N01018822EA0232202418
B1232564726151N01018820EA0232202421
B1232574726146N01018818EA0232302421
B1232584726141N01018817EA0232202421
B1232594726136N01018815EA0232102420
B1233004726131N01018813EA0231902418
B1233014726126N01018811EA0231702416
B1233024726122N01018809EA0231602416
B1233034726116N01018807EA0231402416
B1233044726111N01018805EA0231402415
B1233054726107N01018803EA0231402414
B1233064726102N01018802EA0231302414
B1233074726097N01018801EA0231402415
B1233084726092N01018800EA0231402415
B1233094726087N01018800EA0231402416
B1233104726082N01018799EA0231502416
B1233114726077N01018799EA0231502416
B1233124726073N01018797EA0231502415
B1233134726069N01018795EA0231402415
B1233144726065N01018792EA0231402415
B1233154726061N01018789EA0231502415
B1233164726056N01018786EA0231502416
B1233174726052N01018784EA0231502416
B1233184726048N01018782EA0231402416
B1233194726043N01018780EA0231402415
B1233204726039N01018779EA0231402416
B1233214726035N01018777EA0231502416
B1233224726030N01018775EA0231502416
B1233234726026N01018772EA0231402417
B1233244726022N01018770EA0231502416
B1233254726018N01018767EA0231502416
B1233264726014N01018764EA0231402415
B1233274726009N01018762EA0231402412
B1233284726005N01018760EA0231402413
B1233294726000N01018758EA0231602415
B1233304725995N01018756EA0231602416
B1233314725991N01018753EA0231702417
B1233324725987N01018751EA0231702417
B1233334725983N01018747EA0231802415
B1233344725979N01018744EA0231902416
B1233354725976N01018741EA0231902415
B1233364725974N01018738EA0231902415
B1233374725970N01018735EA0231902415
B1233384725967N01018733EA0232002413
B1233394725964N01018731EA0232002413
B1233404725960N01018729EA0232102412
B1233414725955N01018727EA0232202413
B1233424725950N01018726EA0232102413
B1233434725945N01018725EA0232202413
B1233444725941N01018725EA0232002413
B1233454725936N01018725EA0232002411
B1233464725930N01018725EA0231902410
B1233474725925N01018726EA0231702407
B1233484725920N01018726EA0231502406
B1233494725914N01018726EA0231502405
B1233504725908N01018726EA0231402405
B1233514725903N01018725EA0231502407
B1233524725898N01018724EA0231602406
B1233534725894N01018723EA0231602406
B1233544725890N01018722EA0231502406
B1233554725886N01018722EA0231402404
B1233564725881N01018723EA0231402403
B1233574725877N01018723EA0231302402
B1233584725873N01018723EA0231202400
B1233594725868N01018723EA0231002399
B1234004725863N01018723EA0230902398
B1234014725859N01018723EA0230802397
B1234024725855N01018723EA0230602396
B1234034725851N01018723EA0230402393
B1234044725847N01018723EA0230202392
B1234054725843N01018723EA0230002389
B1234064725838N01018723EA0229702387
B1234074725833N01018724EA0229402385
B1234084725829N01018725EA0229102381
B1234094725824N01018726EA0228802379
B1234104725819N01018728EA0228502376
B1234114725813N01018729EA0228102372
B1234124725807N01018730EA0227902369
B1234134725800N01018731EA0227802367
B1234144725794N01018731EA0227602366
B1234154725789N01018731EA0227502363
B1234164725784N01018731EA0227302360
B1234174725779N01018732EA0227102358
B1234184725773N01018734EA0227002357
B1234194725768N01018735EA0226902356
B1234204725763N01018736EA0226802355
B1234214725758N01018736EA0226702355
B1234224725754N01018736EA0226602354
B1234234725750N01018736EA0226502352
B1234244725745N01018736EA0226302351
B1234254725741N01018737EA0226102348
B1234264725737N01018739EA0225802347
B1234274725733N01018739EA0225602343
B1234284725729N01018739EA0225302340
B1234294725724N01018739EA0225102336
B1234304725719N01018740EA0224802334
B1234314725714N01018741EA0224602332
B1234324725710N01018741EA0224302330
B1234334725705N01018740EA0224102327
B1234344725700N01018740EA0224002325
B1234354725695N01018740EA0223902324
B1234364725690N01018739EA0223702323
B1234374725686N01018739EA0223602323
B1234384725681N01018738EA0223402321
B1234394725676N01018738EA0223302321
B1234404725671N01018737EA0223202319
B1234414725667N01018737EA0223102317
B1234424725661N01018736EA0222902315
B1234434725656N01018736EA0222902314
B1234444725650N01018736EA0222802313
B1234454725645N01018736EA0222602311
B1234464725639N01018736EA0222402311
B1234474725633N01018736EA0222202311
B1234484725627N01018735EA0222002309
B1234494725621N01018733EA0221702307
B1234504725615N01018731EA0221502304
B1234514725609N01018729EA0221302301
B1234524725603N01018727EA0221202301
B1234534725597N01018725EA0221102299
B1234544725592N01018724EA0221102300
B1234554725586N01018722EA0221102299
B1234564725582N01018720EA0221002298
B1234574725577N01018718EA0220902296
B1234584725572N01018715EA0220702294
B1234594725566N01018713EA0220602292
B1235004725561N01018712EA0220402292
B1235014725556N01018710EA0220202291
B1235024725551N01018708EA0220002289
B1235034725546N01018705EA0219802286
B1235044725541N01018704EA0219502283
B1235054725535N01018703EA0219202281
B1235064725530N01018701EA0219102280
B1235074725524N01018700EA0219002279
B1235084725519N01018699EA0218902277
B1235094725513N01018699EA0218702276
B1235104725508N01018698EA0218502274
B1235114725502N01018698EA0218302273
B1235124725497N01018696EA0218002272
B1235134725491N01018694EA0217902270
B1235144725486N01018692EA0217702267
B1235154725481N01018691EA0217502267
B1235164725476N01018689EA0217302265
B1235174725471N01018688EA0217102262
B1235184725466N01018686EA0216902259
B1235194725461N01018683EA0216802258
B1235204725456N01018681EA0216602257
B1235214725451N01018677EA0216502256
B1235224725447N01018674EA0216302254
B1235234725442N01018670EA0216202250
B1235244725438N01018667EA0216102249
B1235254725433N01018663EA0215802245
B1235264725428N01018660EA0215802244
B1235274725423N01018657EA0215702244
B1235284725417N01018654EA0215702243
B1235294725412N01018651EA0215602241
B1235304725407N01018648EA0215402239
B1235314725402N01018646EA0215202237
B1235324725397N01018644EA0215102237
B1235334725391N01018642EA0215002236
B1235344725386N01018640EA0214902235
B1235354725381N01018637EA0214802237
B1235364725376N01018634EA0214702233
B1235374725372N01018631EA0214602232
B1235384725367N01018628EA0214402233
B1235394725362N01018625EA0214302233
B1235404725357N01018623EA0214202233
B1235414725352N01018620EA0214102229
B1235424725348N01018618EA0214002228
B1235434725344N01018616EA0213802224
B1235444725338N01018612EA0213602220
B1235454725333N01018609EA0213402215
B1235464725327N01018606EA0213302214
B1235474725321N01018603EA0213202214
B1235484725315N01018600EA0213202213
B1235494725309N01018597EA0213002210
B1235504725304N01018596EA0212802207
B1235514725298N01018594EA0212602206
B1235524725291N01018594EA0212602207
B1235534725285N01018593EA0212602210
B1235544725278N01018593EA0212502212
B1235554725272N01018593EA0212502212
B1235564725266N01018593EA0212302211
B1235574725261N01018593EA0212102211
B1235584725254N01018592EA0211802211
B1235594725247N01018590EA0211702210
B1236004725240N01018588EA0211502211
B1236014725233N01018586EA0211502210
B1236024725227N01018584EA0211502210
B1236034725221N01018582EA0211502210
B1236044725214N01018580EA0211502209
B1236054725208N01018578EA0211502207
B1236064725202N01018576EA0211602208
B1236074725195N01018573EA0211602207
B1236084725189N01018569EA0211602208
B1236094725183N01018566EA0211602207
B1236104725177N01018562EA0211602206
B1236114725170N01018559EA0211602206
B1236124725163N01018556EA0211702206
B1236134725157N01018554EA0211702205
B1236144725151N01018551EA0211802205
B1236154725145N01018549EA0211902208
B1236164725139N01018546EA0212002209
B1236174725133N01018545EA0212202210
B1236184725127N01018544EA0212302211
B1236194725121N01018544EA0212202210
B1236204725115N01018544EA0212202209
B1236214725109N01018544EA0212202209
B1236224725102N01018544EA0212002208
B1236234725096N01018543EA0211902207
B1236244725090N01018540EA0211902206
B1236254725083N01018538EA0212002209
B1236264725076N01018536EA0212302210
B1236274725071N01018533EA0212502212
B1236284725065N01018531EA0212602214
B1236294725059N01018529EA0212702216
B1236304725053N01018527EA0212802218
B1236314725047N01018525EA0212802219
B1236324725040N01018523EA0213002220
B1236334725034N01018521EA0213102222
B1236344725028N01018519EA0213102223
B1236354725023N01018516EA0213102220
B1236364725017N01018514EA0213102221
B1236374725011N01018509EA0213002221
B1236384725006N01018505EA0213002220
B1236394725000N01018500EA0213102220
B1236404724995N01018494EA0213102220
B1236414724988N01018490EA0213202222
B1236424724980N01018485EA0213502224
B1236434724972N01018481EA0213702227
B1236444724964N01018478EA0214102232
B1236454724958N01018474EA0214402231
B1236464724953N01018469EA0214502231
B1236474724948N01018465EA0214502232
B1236484724943N01018459EA0214502233
B1236494724939N01018453EA0214502233
B1236504724937N01018446EA0214402232
B1236514724936N01018439EA0214602232
B1236524724937N01018436EA0214602233
B1236534724939N01018436EA0214702236
B1236544724941N01018438EA0215002238
B1236554724942N01018443EA0215202240
B1236564724941N01018450EA0215302242
B1236574724938N01018458EA0215202242
B1236584724933N01018465EA0215102241
B1236594724927N01018471EA0215202242
B1237004724920N01018476EA0215202244
B1237014724912N01018477EA0215302246
B1237024724904N01018475EA0215302246
B1237034724897N01018470EA0215502246
B1237044724892N01018465EA0215802247
B1237054724888N01018460EA0215802248
B1237064724888N01018456EA0215702248
B1237074724889N01018454EA0215702249
B1237084724890N01018453EA0215902252
B1237094724891N01018453EA0216102254
B1237104724892N01018455EA0216302254
B1237114724892N01018458EA0216202253
B1237124724893N01018463EA0216402252
B1237134724892N01018469EA0216202252
B1237144724891N01018476EA0216202252
B1237154724889N01018483EA0216302253
B1237164724884N01018491EA0216502253
B1237174724878N01018498EA0216602256
B1237184724871N01018502EA0216802257
B1237194724863N01018505EA0216902259
B1237204724855N01018506EA0217102261
B1237214724848N01018504EA0217302263
B1237224724843N01018501EA0217402264
B1237234724838N01018495EA0217402265
B1237244724835N01018489EA0217402267
B1237254724832N01018483EA0217502270
B1237264724831N01018478EA0217602271
B1237274724830N01018475EA0217602272
B1237284724831N01018474EA0217602272
B1237294724832N01018475EA0217502271
B1237304724833N01018478EA0217602271
B1237314724833N01018485EA0217702275
B1237324724832N01018491EA0217902276
B1237334724830N01018498EA0218002278
B1237344724826N01018505EA0218202280
B1237354724822N01018511EA0218402281
B1237364724816N01018516EA0218302280
B1237374724810N01018519EA0218302280
B1237384724803N01018522EA0218402281
B1237394724795N01018522EA0218402281
B1237404724788N01018520EA0218502282
B1237414724782N01018515EA0218602283
B1237424724778N01018509EA0218502283
B1237434724776N01018502EA0218502284
B1237444724776N01018496EA0218602285
B1237454724776N01018493EA0218602286
B1237464724778N01018491EA0218602288
B1237474724780N01018492EA0218702288
B1237484724781N01018494EA0218802288
B1237494724783N01018498EA0218902288
B1237504724783N01018504EA0218902289
B1237514724781N01018511EA0219002289
B1237524724778N01018518EA0219202290
B1237534724773N01018524EA0219202289
B1237544724767N01018528EA0219202288
B1237554724760N01018530EA0219202288
B1237564724753N01018529EA0219302288
B1237574724746N01018525EA0219302287
B1237584724743N01018520EA0219202286
B1237594724741N01018513EA0218902285
B1238004724741N01018506EA0219002284
B1238014724743N01018502EA0218902285
B1238024724745N01018500EA0219102285
B1238034724748N01018501EA0219202286
B1238044724749N01018506EA0219202287
B1238054724749N01018513EA0219202288
B1238064724747N01018519EA0219202288
B1238074724743N01018526EA0219302289
B1238084724736N01018530EA0219302287
B1238094724729N01018531EA0219302286
B1238104724723N01018528EA0219202284
B1238114724718N01018523EA0219202284
B1238124724714N01018516EA0219102284
B1238134724712N01018509EA0219102284
B1238144724712N01018502EA0219002283
B1238154724712N01018495EA0219002283
B1238164724713N01018490EA0219302283
B1238174724715N01018485EA0219402283
B1238184724716N01018483EA0219502284
B1238194724719N01018482EA0219402283
B1238204724722N01018484EA0219402284
B1238214724725N01018488EA0219602286
B1238224724727N01018494EA0219802288
B1238234724726N01018501EA0219902289
B1238244724724N01018508EA0219902290
B1238254724719N01018514EA0219902292
B1238264724713N01018518EA0220002292
B1238274724706N01018520EA0220102292
B1238284724700N01018518EA0220002293
B1238294724694N01018514EA0220102293
B1238304724690N01018508EA0220002293
B1238314724686N01018501EA0220002293
B1238324724685N01018493EA0220002292
B1238334724685N01018486EA0220202291
B1238344724686N01018481EA0220202292
B1238354724689N01018478EA0220202293
B1238364724692N01018478EA0220402295
B1238374724695N01018481EA0220402295
B1238384724697N01018485EA0220502296
B1238394724697N01018491EA0220602298
B1238404724695N01018496EA0220702298
B1238414724693N01018503EA0220702301
B1238424724689N01018508EA0220702300
B1238434724682N01018511EA0220702299
B1238444724675N01018512EA0220702299
B1238454724669N01018511EA0220602299
B1238464724662N01018507EA0220702298
B1238474724657N01018501EA0220702298
B1238484724653N01018495EA0220702299
B1238494724649N01018489EA0220902300
B1238504724646N01018482EA0221002299
B1238514724643N01018476EA0220902300
B1238524724640N01018470EA0221002299
B1238534724637N01018464EA0221002300
B1238544724636N01018457EA0221002301
B1238554724635N01018451EA0221202302
B1238564724636N01018446EA0221402304
B1238574724638N01018443EA0221402305
B1238584724640N01018441EA0221502306
B1238594724643N01018443EA0221502307
B1239004724646N01018447EA0221702312
B1239014724647N01018451EA0221702311
B1239024724647N01018457EA0221702310
B1239034724645N01018463EA0221802310
B1239044724641N01018469EA0221802310
B1239054724636N01018474EA0221902310
B1239064724630N01018478EA0221902311
B1239074724623N01018478EA0221902310
B1239084724617N01018476EA0221902311
B1239094724611N01018472EA0221902311
B1239104724607N01018467EA0222002311
B1239114724604N01018460EA0222102312
B1239124724603N01018454EA0222202314
B1239134724603N01018447EA0222202314
B1239144724604N01018443EA0222302317
B1239154724606N01018439EA0222502317
B1239164724609N01018437EA0222602319
B1239174724611N01018438EA0222602319
B1239184724613N01018441EA0222502318
B1239194724614N01018446EA0222502318
B1239204724613N01018453EA0222602318
B1239214724610N01018459EA0222502317
B1239224724605N01018464EA0222502317
B1239234724599N01018468EA0222502317
B1239244724593N01018470EA0222502316
B1239254724587N01018470EA0222602314
B1239264724581N01018467EA0222602312
B1239274724576N01018463EA0222602312
B1239284724572N01018458EA0222702311
B1239294724568N01018452EA0222802312
B1239304724567N01018447EA0222902315
B1239314724566N01018442EA0223002317
B1239324724568N01018439EA0223202319
B1239334724570N01018438EA0223202320
B1239344724573N01018441EA0223202322
B1239354724575N01018447EA0223202322
B1239364724575N01018454EA0223302321
B1239374724572N01018462EA0223302322
B1239384724567N01018468EA0223302323
B1239394724561N01018472EA0223202322
B1239404724554N01018473EA0223402321
B1239414724548N01018472EA0223402322
B1239424724542N01018468EA0223402322
B1239434724538N01018462EA0223402322
B1239444724536N01018455EA0223602321
B1239454724535N01018448EA0223802322
B1239464724535N01018444EA0223902325
B1239474724538N01018443EA0224002326
B1239484724542N01018444EA0224202328
B1239494724545N01018449EA0224402328
B1239504724546N01018455EA0224502328
B1239514724545N01018463EA0224402329
B1239524724542N01018470EA0224402329
B1239534724538N01018477EA0224402329
B1239544724532N01018482EA0224402328
B1239554724526N01018484EA0224402328
B1239564724519N01018483EA0224402329
B1239574724514N01018480EA0224202330
B1239584724509N01018474EA0224102330
B1239594724505N01018467EA0224102329
B1240004724501N01018460EA0224302329
B1240014724496N01018453EA0224602332
B1240024724492N01018447EA0224902336
B1240034724488N01018442EA0225202339
B1240044724484N01018439EA0225402341
B1240054724480N01018433EA0225502341
B1240064724478N01018428EA0225702342
B1240074724477N01018422EA0225802343
B1240084724477N01018415EA0226102347
B1240094724478N01018411EA0226502354
B1240104724480N01018409EA0226702356
B1240114724483N01018411EA0226902359
B1240124724486N01018415EA0227002360
B1240134724487N01018420EA0227202362
B1240144724486N01018426EA0227302362
B1240154724484N01018433EA0227502362
B1240164724480N01018440EA0227602363
B1240174724474N01018446EA0227802365
B1240184724467N01018448EA0227902368
B1240194724461N01018445EA0228102368
B1240204724456N01018439EA0228202367
B1240214724453N01018432EA0228302370
B1240224724453N01018425EA0228702372
B1240234724454N01018420EA0228902374
B1240244724456N01018417EA0229202375
B1240254724459N01018418EA0229402376
B1240264724461N01018422EA0229502377
B1240274724462N01018429EA0229602376
B1240284724461N01018437EA0229702376
B1240294724458N01018444EA0230002378
B1240304724454N01018450EA0230102381
B1240314724448N01018453EA0230202382
B1240324724440N01018454EA0230402383
B1240334724434N01018451EA0230602385
B1240344724428N01018446EA0230802387
B1240354724425N01018439EA0231002388
B1240364724425N01018432EA0231102389
B1240374724426N01018428EA0231202389
B1240384724428N01018424EA0231402390
B1240394724431N01018424EA0231602392
B1240404724434N01018426EA0231502394
B1240414724436N01018431EA0231502393
B1240424724437N01018438EA0231602394
B1240434724437N01018447EA0231802398
B1240444724434N01018456EA0231902402
B1240454724429N01018462EA0232102404
B1240464724423N01018465EA0232202405
B1240474724415N01018464EA0232302406
B1240484724409N01018461EA0232402408
B1240494724403N01018456EA0232602410
B1240504724399N01018449EA0232802410
B1240514724396N01018443EA0232902412
B1240524724395N01018438EA0233102413
B1240534724396N01018433EA0233302415
B1240544724397N01018430EA0233502418
B1240554724400N01018429EA0233702420
B1240564724404N01018432EA0233702421
B1240574724407N01018439EA0233902424
B1240584724407N01018447EA0234002426
B1240594724404N01018456EA0234102426
B1241004724399N01018462EA0234102425
B1241014724393N01018466EA0234202426
B1241024724385N01018468EA0234402429
B1241034724379N01018466EA0234602431
B1241044724373N01018461EA0234602430
B1241054724369N01018456EA0234702431
B1241064724365N01018450EA0234802433
B1241074724364N01018443EA0234902434
B1241084724365N01018437EA0235102434
B1241094724367N01018433EA0235202435
B1241104724370N01018432EA0235202435
B1241114724375N01018432EA0235202438
B1241124724379N01018436EA0235302440
B1241134724382N01018442EA0235602441
B1241144724383N01018452EA0235802445
B1241154724380N01018461EA0235902447
B1241164724375N01018469EA0236002448
B1241174724367N01018472EA0236102449
B1241184724360N01018472EA0236102451
B1241194724353N01018469EA0236202451
B1241204724348N01018464EA0236302453
B1241214724344N01018459EA0236402453
B1241224724341N01018452EA0236502453
B1241234724340N01018444EA0236602454
B1241244724340N01018437EA0236802453
B1241254724343N01018431EA0237002457
B1241264724347N01018427EA0237002460
B1241274724351N01018425EA0237202461
B1241284724356N01018425EA0237502463
B1241294724361N01018427EA0237802471
B1241304724364N01018431EA0238102474
B1241314724367N01018437EA0238402478
B1241324724369N01018443EA0238602479
B1241334724369N01018452EA0238802482
B1241344724367N01018460EA0239002481
B1241354724364N01018468EA0239002481
B1241364724359N01018476EA0239102482
B1241374724352N01018481EA0239302483
B1241384724345N01018483EA0239402485
B1241394724338N01018482EA0239302485
B1241404724332N01018477EA0239302488
B1241414724328N01018470EA0239502489
B1241424724326N01018463EA0239702490
B1241434724326N01018457EA0239702490
B1241444724329N01018453EA0239502490
B1241454724334N01018450EA0239602492
B1241464724339N01018449EA0240102495
B1241474724342N01018451EA0240302498
B1241484724345N01018455EA0240502500
B1241494724347N01018461EA0240602500
B1241504724348N01018469EA0240802503
B1241514724348N01018477EA0241102505
B1241524724345N01018485EA0241102505
B1241534724340N01018492EA0241002505
B1241544724333N01018498EA0241002504
B1241554724326N01018502EA0241202504
B1241564724319N01018503EA0241302505
B1241574724312N01018501EA0241402506
B1241584724307N01018497EA0241402507
B1241594724302N01018491EA0241502508
B1242004724299N01018484EA0241602510
B1242014724297N01018477EA0241702512
B1242024724298N01018470EA0241702513
B1242034724300N01018464EA0241802513
B1242044724304N01018460EA0242002514
B1242054724308N01018460EA0242002516
B1242064724313N01018463EA0242102517
B1242074724317N01018468EA0242302517
B1242084724321N01018477EA0242502517
B1242094724322N01018487EA0242702518
B1242104724319N01018497EA0242702518
B1242114724314N01018506EA0242902519
B1242124724307N01018510EA0242902518
B1242134724300N01018512EA0242802519
B1242144724292N01018510EA0242902520
B1242154724286N01018505EA0243002521
B1242164724282N01018500EA0243202523
B1242174724280N01018494EA0243302523
B1242184724280N01018487EA0243302524
B1242194724282N01018481EA0243202525
B1242204724286N01018477EA0243302524
B1242214724291N01018477EA0243402525
B1242224724296N01018480EA0243502526
B1242234724299N01018487EA0243502525
B1242244724300N01018496EA0243502524
B1242254724298N01018505EA0243402522
B1242264724295N01018514EA0243402522
B1242274724289N01018522EA0243402524
B1242284724281N01018526EA0243402521
B1242294724273N01018526EA0243402520
B1242304724266N01018523EA0243402519
B1242314724260N01018515EA0243402518
B1242324724257N01018507EA0243502519
B1242334724255N01018499EA0243602521
B1242344724256N01018491EA0243702521
B1242354724258N01018485EA0243702523
B1242364724260N01018480EA0243902524
B1242374724263N01018477EA0244002526
B1242384724267N01018477EA0244002527
B1242394724272N01018479EA0244002527
B1242404724277N01018484EA0244002526
B1242414724280N01018491EA0244102525
B1242424724281N01018501EA0244102527
B1242434724279N01018511EA0244002526
B1242444724274N01018518EA0243902526
B1242454724268N01018524EA0243902528
B1242464724262N01018524EA0243902526
B1242474724255N01018521EA0244002526
B1242484724250N01018515EA0244002526
B1242494724247N01018508EA0244202528
B1242504724244N01018500EA0244402528
B1242514724242N01018493EA0244602529
B1242524724239N01018488EA0244802531
B1242534724237N01018482EA0244802532
B1242544724235N01018478EA0244702532
B1242554724231N01018471EA0244602532
B1242564724228N01018465EA0244502533
B1242574724223N01018458EA0244602534
B1242584724220N01018451EA0244702534
B1242594724218N01018444EA0244802535
B1243004724216N01018437EA0245002536
B1243014724214N01018430EA0245002538
B1243024724211N01018423EA0245102536
B1243034724207N01018418EA0245202538
B1243044724203N01018413EA0245302540
B1243054724200N01018409EA0245302540
B1243064724196N01018403EA0245302542
B1243074724193N01018397EA0245302542
B1243084724189N01018391EA0245302542
B1243094724186N01018386EA0245302540
B1243104724182N01018380EA0245302538
B1243114724178N01018374EA0245302538
B1243124724175N01018368EA0245302537
B1243134724172N01018361EA0245202538
B1243144724168N01018355EA0245402539
B1243154724165N01018350EA0245602542
B1243164724162N01018346EA0245902544
B1243174724160N01018344EA0246002544
B1243184724158N01018343EA0246002544
B1243194724156N01018342EA0246002545
B1243204724154N01018341EA0246002542
B1243214724149N01018340EA0245602541
B1243224724143N01018340EA0245502543
B1243234724139N01018339EA0245502541
B1243244724134N01018337EA0245402540
B1243254724130N01018333EA0245202537
B1243264724126N01018329EA0245002535
B1243274724122N01018324EA0245002535
B1243284724117N01018319EA0245102536
B1243294724112N01018316EA0245202537
B1243304724108N01018313EA0245402540
B1243314724104N01018310EA0245602541
B1243324724100N01018308EA0245702541
B1243334724097N01018307EA0245702540
B1243344724093N01018305EA0245702541
B1243354724089N01018303EA0245602541
B1243364724084N01018300EA0245502541
B1243374724080N01018297EA0245602542
B1243384724077N01018295EA0245702545
B1243394724074N01018293EA0245802546
B1243404724073N01018292EA0245702544
B1243414724071N01018292EA0245502544
B1243424724069N01018292EA0245002542
B1243434724067N01018291EA0244602539
B1243444724065N01018289EA0244302533
B1243454724062N01018284EA0244002530
B1243464724060N01018279EA0243902526
B1243474724057N01018276EA0244002526
B1243484724055N01018274EA0244002524
B1243494724053N01018273EA0243902522
B1243504724052N01018272EA0243602520
B1243514724050N01018269EA0243402518
B1243524724047N01018267EA0243402517
B1243534724044N01018265EA0243102516
B1243544724041N01018263EA0243002515
B1243554724038N01018261EA0243002514
B1243564724036N01018258EA0242902511
B1243574724033N01018254EA0242802511
B1243584724032N01018250EA0242802511
B1243594724030N01018246EA0242802512
B1244004724028N01018242EA0242702511
B1244014724026N01018238EA0242502510
B1244024724023N01018235EA0242402509
B1244034724020N01018232EA0242302507
B1244044724017N01018229EA0242202509
B1244054724014N01018226EA0242102508
B1244064724011N01018222EA0242102508
B1244074724007N01018217EA0242102508
B1244084724003N01018215EA0242202510
B1244094724000N01018212EA0242302513
B1244104723996N01018211EA0242302514
B1244114723994N01018209EA0242302517
B1244124723992N01018207EA0242102517
B1244134723989N01018203EA0242102517
B1244144723985N01018199EA0241902516
B1244154723981N01018195EA0241902517
B1244164723978N01018190EA0241902516
B1244174723974N01018186EA0242102516
B1244184723972N01018182EA0242202515
B1244194723970N01018178EA0242302515
B1244204723967N01018175EA0242302517
B1244214723965N01018172EA0242302517
B1244224723962N01018169EA0242202515
B1244234723958N01018166EA0242202516
B1244244723955N01018162EA0242102515
B1244254723952N01018159EA0242102516
B1244264723949N01018155EA0242102515
B1244274723946N01018151EA0242102516
B1244284723944N01018147EA0242102517
B1244294723943N01018142EA0242102517
B1244304723941N01018138EA0242202516
B1244314723939N01018134EA0242202515
B1244324723938N01018130EA0242102515
B1244334723936N01018127EA0242002512
B1244344723936N01018123EA0241702510
B1244354723934N01018119EA0241602511
B1244364723933N01018114EA0241502508
B1244374723932N01018109EA0241502507
B1244384723930N01018105EA0241502508
B1244394723930N01018101EA0241502507
B1244404723928N01018097EA0241402506
B1244414723927N01018093EA0241302504
B1244424723925N01018089EA0241102502
B1244434723923N01018085EA0241002501
B1244444723922N01018081EA0240802499
B1244454723919N01018078EA0240702499
B1244464723917N01018073EA0240602497
B1244474723914N01018069EA0240502496
B1244484723912N01018065EA0240402493
B1244494723909N01018062EA0240302491
B1244504723907N01018058EA0240302489
B1244514723904N01018054EA0240102487
B1244524723900N01018051EA0239902485
B1244534723897N01018049EA0239902487
B1244544723893N01018046EA0239902488
B1244554723890N01018043EA0239902486
B1244564723888N01018039EA0239802485
B1244574723886N01018036EA0239802482
B1244584723883N01018032EA0239602481
B1244594723880N01018029EA0239502481
B1245004723878N01018025EA0239402479
B1245014723875N01018022EA0239302479
B1245024723872N01018019EA0239202478
B1245034723870N01018016EA0239102478
B1245044723867N01018013EA0239002479
B1245054723863N01018010EA0239002480
B1245064723860N01018008EA0239002482
B1245074723856N01018005EA0239002483
B1245084723852N01018003EA0238902482
B1245094723849N01018001EA0238902483
B1245104723845N01017998EA0238802482
B1245114723841N01017995EA0238802482
B1245124723837N01017992EA0238702481
B1245134723833N01017989EA0238602481
B1245144723829N01017986EA0238602481
B1245154723825N01017983EA0238602481
B1245164723820N01017980EA0238602482
B1245174723817N01017976EA0238802483
B1245184723813N01017974EA0238902486
B1245194723809N01017971EA0238902487
B1245204723806N01017969EA0238802487
B1245214723803N01017966EA0238702484
B1245224723800N01017962EA0238702483
B1245234723795N01017959EA0238702484
B1245244723791N01017956EA0238702483
B1245254723787N01017953EA0238702481
B1245264723783N01017951EA0238702482
B1245274723779N01017949EA0238602481
B1245284723776N01017948EA0238402479
B1245294723773N01017946EA0238202477
B1245304723770N01017944EA0237802474
B1245314723766N01017942EA0237402471
B1245324723762N01017940EA0236902466
B1245334723758N01017937EA0236502463
B1245344723753N01017933EA0236202459
B1245354723749N01017928EA0236002457
B1245364723745N01017923EA0235802454
B1245374723742N01017918EA0235602455
B1245384723738N01017914EA0235402454
B1245394723734N01017909EA0235102451
B1245404723730N01017904EA0234802448
B1245414723727N01017899EA0234602446
B1245424723724N01017893EA0234502445
B1245434723721N01017888EA0234302442
B1245444723719N01017883EA0234102443
B1245454723715N01017879EA0234202444
B1245464723712N01017875EA0234202444
B1245474723708N01017871EA0234402446
B1245484723704N01017868EA0234402446
B1245494723701N01017865EA0234502445
B1245504723698N01017861EA0234302444
B1245514723693N01017858EA0234302446
B1245524723689N01017855EA0234302443
B1245534723685N01017852EA0234202443
B1245544723681N01017850EA0234202444
B1245554723677N01017847EA0234102443
B1245564723674N01017843EA0234002441
B1245574723670N01017838EA0234002440
B1245584723666N01017834EA0233902440
B1245594723662N01017829EA0233802440
B1246004723657N01017825EA0233902439
B1246014723653N01017822EA0233802439
B1246024723649N01017819EA0233602437
B1246034723646N01017817EA0233302435
B1246044723641N01017813EA0233002432
B1246054723638N01017809EA0232602430
B1246064723634N01017804EA0232302426
B1246074723630N01017799EA0232102423
B1246084723627N01017794EA0232002420
B1246094723623N01017790EA0231702415
B1246104723619N01017786EA0231402411
B1246114723616N01017782EA0231102407
B1246124723612N01017778EA0230802403
B1246134723608N01017774EA0230602400
B1246144723604N01017770EA0230302396
B1246154723602N01017767EA0230002393
B1246164723599N01017764EA0229702389
B1246174723596N01017760EA0229402386
B1246184723592N01017757EA0228802382
B1246194723589N01017753EA0228302377
B1246204723584N01017749EA0227902373
B1246214723580N01017745EA0227502369
B1246224723576N01017741EA0227002366
B1246234723572N01017738EA0226502362
B1246244723567N01017734EA0225902358
B1246254723563N01017729EA0225402353
B1246264723557N01017724EA0224902348
B1246274723550N01017719EA0224402344
B1246284723542N01017714EA0224102341
B1246294723535N01017709EA0224202339
B1246304723528N01017704EA0224202338
B1246314723523N01017699EA0224202337
B1246324723519N01017694EA0224202336
B1246334723515N01017688EA0224102334
B1246344723511N01017683EA0224002333
B1246354723506N01017678EA0223902333
B1246364723501N01017673EA0223902332
B1246374723496N01017669EA0223902332
B1246384723492N01017663EA0223902333
B1246394723488N01017657EA0223902333
B1246404723485N01017652EA0223902334
B1246414723482N01017646EA0224002333
B1246424723480N01017642EA0223802332
B1246434723476N01017638EA0223702331
B1246444723471N01017633EA0223602330
B1246454723466N01017629EA0223502329
B1246464723460N01017624EA0223302329
B1246474723455N01017620EA0223202328
B1246484723449N01017615EA0223102326
B1246494723445N01017610EA0223002324
B1246504723440N01017605EA0222902325
B1246514723435N01017601EA0222902325
B1246524723430N01017597EA0222702324
B1246534723424N01017592EA0222602323
B1246544723418N01017588EA0222402322
B1246554723413N01017584EA0222302318
B1246564723407N01017580EA0222202318
B1246574723402N01017577EA0222402318
B1246584723397N01017574EA0222702322
B1246594723394N01017571EA0223102325
B1247004723392N01017568EA0223202327
B1247014723389N01017566EA0223302328
B1247024723387N01017563EA0223402328
B1247034723384N01017560EA0223402328
B1247044723381N01017555EA0223402327
B1247054723377N01017550EA0223602329
B1247064723374N01017544EA0223802333
B1247074723369N01017537EA0224102332
B1247084723367N01017532EA0224402333
B1247094723364N01017529EA0224602335
B1247104723362N01017525EA0224702339
B1247114723360N01017521EA0224802341
B1247124723359N01017516EA0224902343
B1247134723357N01017511EA0225002345
B1247144723356N01017505EA0225202348
B1247154723354N01017502EA0225502354
B1247164723353N01017497EA0225602357
B1247174723354N01017493EA0225602357
B1247184723357N01017488EA0225602358
B1247194723360N01017484EA0225602356
B1247204723364N01017481EA0225602356
B1247214723368N01017480EA0225602357
B1247224723372N01017481EA0225402354
B1247234723378N01017484EA0225402351
B1247244723383N01017489EA0225502353
B1247254723388N01017495EA0225602354
B1247264723390N01017502EA0225802350
B1247274723389N01017509EA0225902350
B1247284723386N01017515EA0225902352
B1247294723382N01017516EA0226102354
B1247304723378N01017515EA0226202356
B1247314723377N01017509EA0226202357
B1247324723377N01017503EA0226402357
B1247334723378N01017497EA0226402357
B1247344723381N01017493EA0226402358
B1247354723386N01017490EA0226302357
B1247364723390N01017488EA0226302358
B1247374723394N01017487EA0226302359
B1247384723399N01017488EA0226202359
B1247394723405N01017488EA0226102359
B1247404723410N01017489EA0226102360
B1247414723416N01017489EA0226102359
B1247424723422N01017491EA0226002359
B1247434723426N01017496EA0226002359
B1247444723430N01017503EA0226002357
B1247454723433N01017510EA0226102357
B1247464723434N01017518EA0226202357
B1247474723434N01017524EA0226302356
B1247484723431N01017530EA0226302357
B1247494723428N01017534EA0226502357
B1247504723423N01017535EA0226602357
B1247514723421N01017534EA0226802358
B1247524723419N01017531EA0226802357
B1247534723419N01017525EA0226802359
B1247544723421N01017518EA0226802358
B1247554723424N01017511EA0227002359
B1247564723429N01017505EA0227002358
B1247574723434N01017502EA0226802357
B1247584723441N01017502EA0226802356
B1247594723447N01017504EA0226702358
B1248004723452N01017509EA0226702359
B1248014723457N01017515EA0226802359
B1248024723461N01017522EA0226902360
B1248034723463N01017529EA0227002361
B1248044723463N01017536EA0227002360
B1248054723461N01017542EA0227002360
B1248064723457N01017547EA0226902360
B1248074723453N01017548EA0227102361
B1248084723449N01017547EA0227202362
B1248094723447N01017543EA0227202363
B1248104723445N01017539EA0227202363
B1248114723445N01017535EA0227102364
B1248124723446N01017530EA0227002361
B1248134723449N01017525EA0226802359
B1248144723453N01017520EA0226602358
B1248154723458N01017517EA0226502358
B1248164723463N01017514EA0226402358
B1248174723469N01017514EA0226402356
B1248184723474N01017516EA0226402358
B1248194723480N01017520EA0226402359
B1248204723485N01017527EA0226602360
B1248214723488N01017535EA0226602359
B1248224723491N01017543EA0226702360
B1248234723491N01017552EA0226702361
B1248244723490N01017559EA0226702361
B1248254723487N01017565EA0226602361
B1248264723483N01017569EA0226702360
B1248274723480N01017572EA0226802362
B1248284723476N01017572EA0227002363
B1248294723475N01017570EA0226902363
B1248304723475N01017566EA0226702361
B1248314723476N01017561EA0226402359
B1248324723478N01017555EA0226302357
B1248334723480N01017550EA0226202356
B1248344723482N01017544EA0226102356
B1248354723482N01017539EA0226002356
B1248364723482N01017533EA0226002354
B1248374723481N01017528EA0226102354
B1248384723480N01017523EA0226002354
B1248394723479N01017519EA0226002354
B1248404723477N01017516EA0225802354
B1248414723474N01017513EA0225602351
B1248424723471N01017510EA0225502350
B1248434723467N01017506EA0225302350
B1248444723463N01017503EA0225202350
B1248454723459N01017500EA0225102351
B1248464723455N01017498EA0224902348
B1248474723450N01017495EA0224802346
B1248484723446N01017492EA0224602345
B1248494723442N01017488EA0224402344
B1248504723438N01017485EA0224202344
B1248514723434N01017481EA0223902342
B1248524723430N01017477EA0223702340
B1248534723427N01017474EA0223502339
B1248544723423N01017470EA0223202336
B1248554723418N01017467EA0222902333
B1248564723413N01017463EA0222602329
B1248574723408N01017460EA0222402327
B1248584723402N01017457EA0222202327
B1248594723397N01017454EA0222102327
B1249004723392N01017451EA0221802327
B1249014723387N01017448EA0221602325
B1249024723383N01017446EA0221402324
B1249034723378N01017444EA0221102322
B1249044723374N01017442EA0220802321
B1249054723369N01017439EA0220602318
B1249064723366N01017436EA0220602317
B1249074723362N01017434EA0220402316
B1249084723358N01017432EA0220402315
B1249094723354N01017432EA0220202313
B1249104723352N01017430EA0220102310
B1249114723350N01017427EA0219902307
B1249124723347N01017425EA0219702303
B1249134723344N01017424EA0219502301
B1249144723341N01017421EA0219202298
B1249154723337N01017419EA0219102295
B1249164723334N01017415EA0218702293
B1249174723329N01017412EA0218402290
B1249184723324N01017409EA0218202286
B1249194723319N01017407EA0217902282
B1249204723314N01017404EA0217802279
B1249214723310N01017402EA0217502277
B1249224723305N01017400EA0217202275
B1249234723300N01017398EA0217002273
B1249244723296N01017397EA0216902271
B1249254723293N01017395EA0216702270
B1249264723289N01017394EA0216502268
B1249274723285N01017391EA0216302265
B1249284723281N01017388EA0216102261
B1249294723277N01017384EA0215902260
B1249304723275N01017380EA0215702257
B1249314723273N01017377EA0215702255
B1249324723270N01017373EA0215602252
B1249334723267N01017370EA0215402250
B1249344723266N01017366EA0215102248
B1249354723264N01017362EA0214902245
B1249364723261N01017357EA0214702242
B1249374723259N01017353EA0214502241
B1249384723256N01017350EA0214402241
B1249394723254N01017346EA0214302240
B1249404723252N01017342EA0214002238
B1249414723249N01017338EA0213802237
B1249424723246N01017333EA0213602234
B1249434723242N01017329EA0213502234
B1249444723239N01017325EA0213502233
B1249454723236N01017321EA0213502233
B1249464723234N01017317EA0213602231
B1249474723231N01017314EA0213402230
B1249484723228N01017310EA0213202229
B1249494723224N01017307EA0213002227
B1249504723221N01017303EA0212902223
B1249514723218N01017300EA0212702222
B1249524723215N01017296EA0212602221
B1249534723211N01017292EA0212602220
B1249544723207N01017288EA0212402219
B1249554723204N01017284EA0212302216
B1249564723201N01017279EA0212102213
B1249574723198N01017274EA0211902209
B1249584723195N01017269EA0211702207
B1249594723191N01017265EA0211502206
B1250004723188N01017261EA0211302205
B1250014723184N01017257EA0211002204
B1250024723180N01017251EA0210802201
B1250034723175N01017246EA0210702198
B1250044723172N01017241EA0210602196
B1250054723170N01017236EA0210602192
B1250064723167N01017232EA0210602190
B1250074723164N01017229EA0210502191
B1250084723161N01017226EA0210502191
B1250094723158N01017222EA0210302188
B1250104723156N01017218EA0210202187
B1250114723153N01017214EA0210002185
B1250124723149N01017211EA0209802186
B1250134723145N01017207EA0209702185
B1250144723141N01017204EA0209702185
B1250154723138N01017199EA0209702182
B1250164723134N01017196EA0209702180
B1250174723131N01017192EA0209702179
B1250184723128N01017189EA0209702177
B1250194723124N01017186EA0209702178
B1250204723121N01017182EA0209702178
B1250214723118N01017179EA0209702180
B1250224723115N01017174EA0209702180
B1250234723112N01017170EA0209702180
B1250244723108N01017167EA0209802181
B1250254723106N01017164EA0209802180
B1250264723102N01017162EA0209702181
B1250274723099N01017158EA0209502179
B1250284723096N01017155EA0209402178
B1250294723093N01017150EA0209302176
B1250304723089N01017147EA0209202175
B1250314723085N01017143EA0209202174
B1250324723082N01017139EA0209202174
B1250334723078N01017136EA0209202176
B1250344723074N01017133EA0209202176
B1250354723069N01017132EA0209302177
B1250364723064N01017130EA0209302176
B1250374723060N01017128EA0209202175
B1250384723056N01017126EA0209202175
B1250394723052N01017123EA0209202174
B1250404723049N01017120EA0209102173
B1250414723044N01017117EA0209102173
B1250424723041N01017113EA0209202172
B1250434723036N01017111EA0209202174
B1250444723032N01017110EA0209202177
B1250454723029N01017108EA0209202178
B1250464723025N01017106EA0209102178
B1250474723022N01017104EA0209002180
B1250484723017N01017101EA0209002181
B1250494723013N01017098EA0209102181
B1250504723010N01017096EA0209102180
B1250514723005N01017094EA0209102179
B1250524723001N01017092EA0209002177
B1250534722997N01017091EA0208902174
B1250544722992N01017089EA0208702172
B1250554722987N01017088EA0208502172
B1250564722982N01017087EA0208302171
B1250574722976N01017087EA0208102171
B1250584722970N01017086EA0208002170
B1250594722964N01017084EA0208002169
B1251004722957N01017083EA0207902168
B1251014722952N01017081EA0207902167
B1251024722946N01017080EA0207902169
B1251034722940N01017080EA0207802170
B1251044722934N01017079EA0207802169
B1251054722928N01017079EA0207602167
B1251064722921N01017078EA0207602169
B1251074722914N01017077EA0207702173
B1251084722908N01017076EA0207902175
B1251094722902N01017074EA0208102173
B1251104722896N01017073EA0208202173
B1251114722891N01017071EA0208102172
B1251124722887N01017070EA0207902172
B1251134722882N01017068EA0207702169
B1251144722878N01017066EA0207602166
B1251154722874N01017066EA0207402166
B1251164722871N01017064EA0207202161
B1251174722867N01017062EA0206802157
B1251184722864N01017060EA0206602153
B1251194722859N01017059EA0206402151
B1251204722853N01017059EA0206202150
B1251214722848N01017059EA0206102150
B1251224722843N01017061EA0205902148
B1251234722837N01017063EA0205802144
B1251244722831N01017064EA0205502140
B1251254722825N01017065EA0205302137
B1251264722818N01017067EA0205102136
B1251274722811N01017068EA0205002135
B1251284722805N01017070EA0204902133
B1251294722799N01017071EA0204802131
B1251304722794N01017071EA0204702129
B1251314722787N01017071EA0204602127
B1251324722782N01017072EA0204402126
B1251334722777N01017072EA0204102125
B1251344722771N01017072EA0203802123
B1251354722766N01017071EA0203702123
B1251364722760N01017070EA0203602122
B1251374722754N01017070EA0203502122
B1251384722749N01017070EA0203402120
B1251394722743N01017070EA0203102118
B1251404722738N01017069EA0202802114
B1251414722731N01017068EA0202502111
B1251424722725N01017067EA0202202109
B1251434722718N01017066EA0202102107
B1251444722712N01017064EA0201902107
B1251454722707N01017062EA0201802104
B1251464722702N01017059EA0201602101
B1251474722697N01017057EA0201302098
B1251484722693N01017055EA0201102096
B1251494722688N01017053EA0200802093
B1251504722684N01017050EA0200402090
B1251514722679N01017046EA0200302089
B1251524722674N01017043EA0200402088
B1251534722670N01017040EA0200502088
B1251544722666N01017039EA0200502086
B1251554722662N01017037EA0200302084
B1251564722657N01017036EA0200002080
B1251574722652N01017035EA0199802083
B1251584722647N01017034EA0199702084
B1251594722642N01017033EA0199602082
B1252004722638N01017032EA0199502079
B1252014722633N01017032EA0199302077
B1252024722629N01017031EA0199202076
B1252034722624N01017029EA0199202077
B1252044722618N01017028EA0199202080
B1252054722613N01017028EA0199302081
B1252064722610N01017028EA0199202080
B1252074722605N01017027EA0199002080
B1252084722601N01017025EA0199002079
B1252094722595N01017021EA0199002079
B1252104722590N01017019EA0198902080
B1252114722585N01017016EA0198902078
B1252124722580N01017014EA0198902078
B1252134722577N01017012EA0198802077
B1252144722572N01017009EA0198702074
B1252154722568N01017005EA0198402070
B1252164722563N01017002EA0198102068
B1252174722558N01017000EA0197802067
B1252184722552N01016997EA0197502066
B1252194722547N01016996EA0197302065
B1252204722541N01016994EA0197102064
B1252214722536N01016992EA0196902060
B1252224722530N01016992EA0196602059
B1252234722524N01016991EA0196302057
B1252244722518N01016990EA0196202054
B1252254722512N01016990EA0196102053
B1252264722507N01016989EA0195902049
B1252274722501N01016989EA0195702047
B1252284722495N01016990EA0195602046
B1252294722489N01016990EA0195402046
B1252304722483N01016990EA0195302045
B1252314722476N01016991EA0195202044
B1252324722470N01016991EA0195102044
B1252334722464N01016992EA0195002042
B1252344722458N01016992EA0194802041
B1252354722451N01016993EA0194802040
B1252364722445N01016993EA0194802040
B1252374722438N01016992EA0194902040
B1252384722432N01016992EA0195002039
B1252394722426N01016992EA0194902034
B1252404722420N01016992EA0194802032
B1252414722415N01016992EA0194602032
B1252424722409N01016990EA0194402030
B1252434722403N01016990EA0194302028
B1252444722397N01016988EA0194102027
B1252454722391N01016987EA0194002027
B1252464722384N01016985EA0193902026
B1252474722378N01016985EA0193902027
B1252484722372N01016985EA0193802027
B1252494722366N01016985EA0193702026
B1252504722361N01016985EA0193502026
B1252514722355N01016984EA0193402024
B1252524722348N01016982EA0193302025
B1252534722342N01016981EA0193202024
B1252544722337N01016980EA0193302023
B1252554722333N01016978EA0193302021
B1252564722328N01016978EA0193202021
B1252574722322N01016977EA0193102020
B1252584722317N01016977EA0193102018
B1252594722311N01016975EA0192902017
B1253004722306N01016974EA0192902017
B1253014722300N01016972EA0192902016
B1253024722295N01016970EA0192902015
B1253034722289N01016969EA0192902015
B1253044722284N01016968EA0192902015
B1253054722278N01016966EA0192902014
B1253064722273N01016964EA0192902014
B1253074722268N01016963EA0192902015
B1253084722263N01016962EA0192802015
B1253094722257N01016960EA0192702014
B1253104722252N01016959EA0192602014
B1253114722246N01016959EA0192602014
B1253124722240N01016959EA0192602018
B1253134722235N01016959EA0192702019
B1253144722230N01016959EA0192802019
B1253154722224N01016959EA0192902020
B1253164722219N01016959EA0192802021
B1253174722215N01016957EA0192802021
B1253184722210N01016955EA0192702019
B1253194722206N01016954EA0192702020
B1253204722201N01016952EA0192702019
B1253214722196N01016950EA0192702019
B1253224722191N01016948EA0192802021
B1253234722186N01016947EA0192802021
B1253244722182N01016945EA0192802020
B1253254722176N01016944EA0192902023
B1253264722171N01016941EA0192902024
B1253274722166N01016939EA0193002024
B1253284722161N01016937EA0193102024
B1253294722158N01016935EA0193102022
B1253304722153N01016933EA0193102022
B1253314722149N01016930EA0193002020
B1253324722144N01016928EA0192902020
B1253334722139N01016925EA0192802022
B1253344722134N01016923EA0192702023
B1253354722128N01016920EA0192802024
B1253364722122N01016918EA0192702025
B1253374722116N01016917EA0192802026
B1253384722111N01016916EA0192802029
B1253394722105N01016915EA0192902030
B1253404722099N01016914EA0192902029
B1253414722094N01016912EA0192802028
B1253424722090N01016909EA0192702026
B1253434722085N01016907EA0192602025
B1253444722080N01016903EA0192502024
B1253454722076N01016900EA0192402022
B1253464722071N01016896EA0192502021
B1253474722067N01016892EA0192602021
B1253484722062N01016889EA0192702022
B1253494722057N01016885EA0192902022
B1253504722052N01016882EA0193102024
B1253514722047N01016880EA0193402027
B1253524722044N01016878EA0193502028
B1253534722040N01016875EA0193702030
B1253544722037N01016872EA0193802032
B1253554722035N01016867EA0194002032
B1253564722035N01016864EA0194102033
B1253574722036N01016862EA0194202033
B1253584722039N01016862EA0194302033
B1253594722041N01016863EA0194402033
B1254004722043N01016865EA0194502027
B1254014722045N01016871EA0194502026
B1254024722046N01016880EA0194502027
B1254034722044N01016891EA0194502028
B1254044722041N01016902EA0194502029
B1254054722034N01016911EA0194502031
B1254064722026N01016916EA0194502031
B1254074722019N01016917EA0194602031
B1254084722013N01016915EA0194702032
B1254094722009N01016911EA0194902034
B1254104722007N01016908EA0195002036
B1254114722007N01016907EA0195102037
B1254124722009N01016906EA0195202037
B1254134722010N01016906EA0195302038
B1254144722013N01016908EA0195302039
B1254154722015N01016913EA0195202041
B1254164722017N01016920EA0195202042
B1254174722019N01016930EA0195402044
B1254184722018N01016940EA0195502045
B1254194722015N01016950EA0195502045
B1254204722009N01016959EA0195502045
B1254214722002N01016965EA0195402045
B1254224721994N01016969EA0195402044
B1254234721987N01016970EA0195502045
B1254244721980N01016969EA0195702046
B1254254721976N01016966EA0195602047
B1254264721972N01016963EA0195702048
B1254274721969N01016960EA0195902049
B1254284721966N01016958EA0196002051
B1254294721964N01016956EA0196102052
B1254304721962N01016953EA0196102051
B1254314721960N01016950EA0196002050
B1254324721958N01016947EA0195902050
B1254334721956N01016943EA0196002048
B1254344721954N01016940EA0195902048
B1254354721952N01016936EA0196002049
B1254364721949N01016933EA0196002050
B1254374721946N01016930EA0196002050
B1254384721943N01016926EA0196002050
B1254394721940N01016922EA0196002050
B1254404721937N01016919EA0196002051
B1254414721933N01016916EA0195902053
B1254424721930N01016913EA0195902051
B1254434721927N01016909EA0195802049
B1254444721925N01016907EA0195802050
B1254454721925N01016904EA0195702050
B1254464721926N01016902EA0195602047
B1254474721928N01016902EA0195702048
B1254484721929N01016904EA0195902049
B1254494721930N01016908EA0196102051
B1254504721930N01016912EA0196102050
B1254514721931N01016918EA0196102050
B1254524721931N01016926EA0196102047
B1254534721930N01016936EA0196002048
B1254544721927N01016948EA0195902047
B1254554721921N01016959EA0195802048
B1254564721912N01016966EA0196002049
B1254574721904N01016967EA0196302051
B1254584721898N01016966EA0196302053
B1254594721893N01016963EA0196302053
B1255004721890N01016961EA0196302052
B1255014721887N01016958EA0196302053
B1255024721887N01016954EA0196302053
B1255034721886N01016951EA0196302053
B1255044721885N01016947EA0196402053
B1255054721884N01016944EA0196402052
B1255064721884N01016942EA0196502052
B1255074721882N01016939EA0196702053
B1255084721881N01016936EA0196802054
B1255094721878N01016933EA0196902054
B1255104721876N01016932EA0196902054
B1255114721875N01016931EA0196802051
B1255124721874N01016931EA0196702050
B1255134721874N01016930EA0196602050
B1255144721874N01016930EA0196602050
B1255154721875N01016930EA0196502051
B1255164721875N01016930EA0196602052
B1255174721876N01016930EA0196702056
B1255184721876N01016928EA0196702055
B1255194721876N01016927EA0196702054
B1255204721877N01016927EA0196602051
B1255214721879N01016929EA0196402050
B1255224721880N01016933EA0196202049
B1255234721882N01016935EA0196102048
B1255244721884N01016939EA0196002047
B1255254721886N01016942EA0195902047
B1255264721887N01016946EA0195802046
B1255274721889N01016950EA0195702046
B1255284721891N01016953EA0195502044
B1255294721894N01016958EA0195402044
B1255304721895N01016962EA0195302045
B1255314721897N01016966EA0195102044
B1255324721900N01016970EA0195002042
B1255334721902N01016975EA0194802040
B1255344721905N01016981EA0194502039
B1255354721907N01016987EA0194302036
B1255364721909N01016992EA0194302036
B1255374721910N01016997EA0194202035
B1255384721911N01017000EA0193902029
B1255394721911N01017004EA0193502024
B1255404721912N01017008EA0193202019
B1255414721914N01017011EA0193002017
B1255424721915N01017012EA0192702015
B1255434721915N01017013EA0192502012
B1255444721915N01017014EA0192102008
B1255454721916N01017015EA0191702005
B1255464721917N01017015EA0191402001
B1255474721918N01017014EA0191001998
B1255484721918N01017012EA0190801996
B1255494721919N01017011EA0190601995
B1255504721919N01017010EA0190501994
B1255514721920N01017011EA0190301993
B1255524721920N01017011EA0190101990
B1255534721920N01017009EA0189801986
B1255544721921N01017009EA0189501983
B1255554721922N01017008EA0189201981
B1255564721924N01017008EA0189101981
B1255574721925N01017007EA0188901980
B1255584721926N01017006EA0189001981
B1255594721927N01017004EA0189001980
B1256004721928N01017003EA0188801979
B1256014721929N01017002EA0188701977
B1256024721930N01017001EA0188501976
B1256034721932N01017000EA0188401975
B1256044721934N01016998EA0188201973
B1256054721936N01016996EA0188201971
B1256064721939N01016994EA0188001971
B1256074721941N01016994EA0187901970
B1256084721943N01016994EA0187701969
B1256094721944N01016994EA0187501967
B1256104721946N01016994EA0187401963
B1256114721950N01016993EA0187101960
B1256124721953N01016994EA0186901958
B1256134721957N01016995EA0186701956
B1256144721960N01016997EA0186501954
B1256154721964N01016998EA0186301950
B1256164721968N01016999EA0186001948
B1256174721972N01017000EA0185701945
B1256184721976N01017001EA0185601945
B1256194721980N01017001EA0185501944
B1256204721983N01017000EA0185601944
B1256214721986N01016999EA0185501942
B1256224721990N01016998EA0185401943
B1256234721993N01016996EA0185401942
B1256244721996N01016995EA0185301942
B1256254721998N01016993EA0185301942
B1256264722000N01016990EA0185201941
B1256274722002N01016988EA0185201940
B1256284722004N01016985EA0185101938
B1256294722007N01016982EA0185001938
B1256304722009N01016979EA0184901937
B1256314722011N01016975EA0184901936
B1256324722012N01016972EA0184901938
B1256334722015N01016969EA0185001939
B1256344722017N01016966EA0185201941
B1256354722018N01016964EA0185301944
B1256364722018N01016961EA0185301943
B1256374722019N01016958EA0185301943
B1256384722020N01016955EA0185401946
B1256394722020N01016953EA0185501946
B1256404722021N01016950EA0185601947
B1256414722021N01016948EA0185601947
B1256424722021N01016947EA0185501947
B1256434722022N01016944EA0185601946
B1256444722023N01016941EA0185601948
B1256454722022N01016939EA0185801950
B1256464722022N01016937EA0185901952
B1256474722022N01016935EA0186001955
B1256484722023N01016934EA0186101955
B1256494722025N01016932EA0186201954
B1256504722026N01016931EA0186201954
B1256514722028N01016929EA0186301955
B1256524722029N01016929EA0186401955
B1256534722030N01016928EA0186501954
B1256544722031N01016927EA0186401954
B1256554722031N01016926EA0186301954
B1256564722032N01016924EA0186101954
B1256574722034N01016922EA0185901955
B1256584722036N01016920EA0185801955
B1256594722038N01016917EA0185601953
B1257004722040N01016914EA0185501952
B1257014722042N01016913EA0185401951
B1257024722044N01016911EA0185401951
B1257034722046N01016910EA0185501951
B1257044722049N01016909EA0185501952
B1257054722051N01016907EA0185601952
B1257064722053N01016905EA0185601950
B1257074722055N01016906EA0185601952
B1257084722057N01016905EA0185801952
B1257094722059N01016905EA0185901952
B1257104722060N01016906EA0185901953
B1257114722061N01016906EA0186001953
B1257124722063N01016906EA0186001955
B1257134722065N01016906EA0186101956
B1257144722067N01016906EA0186201956
B1257154722069N01016906EA0186401957
B1257164722071N01016906EA0186501957
B1257174722074N01016906EA0186601958
B1257184722075N01016905EA0186601958
B1257194722077N01016904EA0186601957
B1257204722078N01016902EA0186501956
B1257214722080N01016901EA0186501956
B1257224722081N01016900EA0186401956
B1257234722083N01016900EA0186301956
B1257244722086N01016901EA0186301956
B1257254722088N01016901EA0186401957
B1257264722091N01016901EA0186301958
B1257274722093N01016901EA0186401957
B1257284722095N01016902EA0186301956
B1257294722097N01016903EA0186301956
B1257304722100N01016904EA0186401956
B1257314722103N01016907EA0186401956
B1257324722105N01016911EA0186401957
B1257334722107N01016914EA0186401958
B1257344722109N01016917EA0186301958
B1257354722112N01016920EA0186201957
B1257364722114N01016923EA0186201956
B1257374722116N01016925EA0186001954
B1257384722119N01016927EA0185901951
B1257394722122N01016930EA0185701950
B1257404722125N01016933EA0185801950
B1257414722128N01016935EA0185901949
B1257424722131N01016936EA0185901948
B1257434722134N01016937EA0185901950
B1257444722137N01016938EA0185901949
B1257454722141N01016939EA0185901948
B1257464722144N01016940EA0185901949
B1257474722147N01016940EA0186001950
B1257484722150N01016941EA0186001951
B1257494722154N01016942EA0186001951
B1257504722157N01016943EA0186001948
B1257514722160N01016945EA0186101950
B1257524722163N01016946EA0186101950
B1257534722166N01016946EA0186201951
B1257544722169N01016946EA0186201951
B1257554722173N01016945EA0186101951
B1257564722176N01016946EA0186201952
B1257574722180N01016947EA0186101952
B1257584722184N01016948EA0186201953
B1257594722187N01016950EA0186301954
B1258004722191N01016951EA0186401955
B1258014722194N01016952EA0186401955
B1258024722198N01016954EA0186401956
B1258034722201N01016955EA0186401956
B1258044722205N01016957EA0186601957
B1258054722209N01016959EA0186801957
B1258064722213N01016961EA0187001958
B1258074722216N01016963EA0187001959
B1258084722219N01016964EA0187101959
B1258094722222N01016964EA0187201960
B1258104722225N01016965EA0187201961
B1258114722229N01016965EA0187301961
B1258124722232N01016966EA0187401962
B1258134722236N01016969EA0187501965
B1258144722239N01016970EA0187601965
B1258154722241N01016972EA0187701967
B1258164722244N01016973EA0187801969
B1258174722247N01016974EA0187901970
B1258184722250N01016975EA0187901972
B1258194722253N01016976EA0187901972
B1258204722256N01016977EA0187901973
B1258214722259N01016977EA0188101974
B1258224722263N01016978EA0188201976
B1258234722265N01016978EA0188401978
B1258244722268N01016977EA0188601979
B1258254722272N01016978EA0188701982
B1258264722274N01016979EA0188901984
B1258274722277N01016979EA0189001985
B1258284722280N01016979EA0189301987
B1258294722284N01016980EA0189601988
B1258304722287N01016980EA0189801990
B1258314722290N01016980EA0190001991
B1258324722294N01016980EA0190201994
B1258334722297N01016980EA0190501996
B1258344722300N01016979EA0190701998
B1258354722303N01016978EA0190801999
B1258364722305N01016977EA0191002000
B1258374722307N01016975EA0191002001
B1258384722309N01016971EA0191002002
B1258394722310N01016966EA0191002004
B1258404722309N01016958EA0191102001
B1258414722307N01016951EA0191102002
B1258424722304N01016943EA0191202003
B1258434722299N01016936EA0191402003
B1258444722293N01016932EA0191502003
B1258454722287N01016929EA0191802007
B1258464722281N01016929EA0192002009
B1258474722276N01016932EA0192102010
B1258484722273N01016938EA0192102011
B1258494722271N01016945EA0192102012
B1258504722272N01016953EA0192302015
B1258514722274N01016958EA0192502017
B1258524722277N01016962EA0192802019
B1258534722280N01016963EA0193002020
B1258544722282N01016963EA0193202023
B1258554722283N01016964EA0193202023
B1258564722285N01016965EA0193202023
B1258574722288N01016967EA0193202023
B1258584722291N01016968EA0193202022
B1258594722294N01016969EA0193102022
B1259004722296N01016970EA0193102022
B1259014722299N01016972EA0193102022
B1259024722302N01016973EA0193102021
B1259034722306N01016974EA0193102020
B1259044722309N01016975EA0193102020
B1259054722312N01016977EA0193202021
B1259064722316N01016979EA0193202022
B1259074722320N01016981EA0193202023
B1259084722324N01016982EA0193302023
B1259094722328N01016983EA0193402022
B1259104722332N01016984EA0193502023
B1259114722336N01016985EA0193502024
B1259124722340N01016986EA0193502025
B1259134722344N01016986EA0193602026
B1259144722348N01016988EA0193702025
B1259154722352N01016989EA0193702026
B1259164722355N01016990EA0193802026
B1259174722359N01016991EA0193802027
B1259184722362N01016993EA0193902027
B1259194722366N01016994EA0193802027
B1259204722370N01016995EA0193902028
B1259214722373N01016996EA0194002031
B1259224722376N01016996EA0194102031
B1259234722379N01016997EA0194202031
B1259244722383N01016997EA0194202030
B1259254722387N01016998EA0194202031
B1259264722390N01016999EA0194302032
B1259274722394N01017001EA0194302033
B1259284722397N01017003EA0194302032
B1259294722401N01017006EA0194302032
B1259304722404N01017009EA0194302033
B1259314722407N01017012EA0194402033
B1259324722411N01017013EA0194702033
B1259334722414N01017014EA0194802034
B1259344722416N01017015EA0195002036
B1259354722418N01017017EA0195002036
B1259364722420N01017020EA0195002036
B1259374722422N01017022EA0195002036
B1259384722424N01017025EA0195102037
B1259394722427N01017028EA0195202039
B1259404722429N01017030EA0195402041
B1259414722431N01017032EA0195502041
B1259424722434N01017034EA0195602043
B1259434722436N01017037EA0195702045
B1259444722439N01017040EA0195802046
B1259454722441N01017043EA0195902047
B1259464722444N01017046EA0196002047
B1259474722447N01017048EA0196202049
B1259484722449N01017050EA0196402050
B1259494722451N01017052EA0196302052
B1259504722453N01017054EA0196302051
B1259514722456N01017056EA0196302052
B1259524722458N01017058EA0196402052
B1259534722460N01017059EA0196502053
B1259544722463N01017061EA0196602056
B1259554722465N01017062EA0196702057
B1259564722468N01017065EA0196802058
B1259574722470N01017067EA0196802060
B1259584722473N01017069EA0196802058
B1259594722476N01017071EA0196802057
B1300004722479N01017074EA0196702056
B1300014722482N01017078EA0196602054
B1300024722485N01017083EA0196502055
B1300034722488N01017087EA0196502055
B1300044722491N01017092EA0196302055
B1300054722495N01017097EA0196202055
B1300064722499N01017101EA0196202053
B1300074722502N01017104EA0196002051
B1300084722507N01017108EA0195902050
B1300094722510N01017112EA0195802050
B1300104722514N01017114EA0195702047
B1300114722517N01017117EA0195702049
B1300124722521N01017121EA0195402049
B1300134722526N01017125EA0195302047
B1300144722530N01017129EA0195002045
B1300154722535N01017134EA0194902044
B1300164722540N01017139EA0194802043
B1300174722544N01017144EA0194702042
B1300184722548N01017147EA0194702041
B1300194722552N01017151EA0194502040
B1300204722556N01017154EA0194502039
B1300214722561N01017158EA0194302038
B1300224722566N01017162EA0194102035
B1300234722570N01017166EA0193902033
B1300244722575N01017170EA0193802031
B1300254722580N01017175EA0193602030
B1300264722585N01017179EA0193502028
B1300274722590N01017183EA0193402027
B1300284722595N01017187EA0193302028
B1300294722600N01017189EA0193302026
B1300304722604N01017193EA0193202027
B1300314722609N01017197EA0193002026
B1300324722613N01017201EA0192802024
B1300334722619N01017204EA0192502020
B1300344722624N01017207EA0192302020
B1300354722629N01017211EA0192202017
B1300364722633N01017214EA0192102015
B1300374722637N01017217EA0191802012
B1300384722641N01017219EA0191502009
B1300394722646N01017222EA0191302007
B1300404722651N01017225EA0191002007
B1300414722657N01017227EA0190902008
B1300424722662N01017229EA0190802006
B1300434722666N01017230EA0190702004
B1300444722671N01017232EA0190402000
B1300454722676N01017235EA0190101997
B1300464722681N01017239EA0189801995
B1300474722686N01017242EA0189601991
B1300484722691N01017246EA0189301990
B1300494722696N01017248EA0189101989
B1300504722700N01017251EA0188901985
B1300514722705N01017253EA0188501984
B1300524722710N01017255EA0188201981
B1300534722714N01017257EA0187801977
B1300544722720N01017258EA0187501972
B1300554722725N01017259EA0187301969
B1300564722731N01017261EA0186901967
B1300574722736N01017262EA0186801966
B1300584722742N01017262EA0186601963
B1300594722747N01017261EA0186401959
B1301004722752N01017262EA0186101957
B1301014722757N01017263EA0185901955
B1301024722762N01017265EA0185801954
B1301034722768N01017266EA0185601951
B1301044722773N01017268EA0185301952
B1301054722779N01017270EA0185201951
B1301064722785N01017272EA0185101951
B1301074722791N01017274EA0185201953
B1301084722796N01017274EA0185301954
B1301094722800N01017276EA0185201952
B1301104722804N01017279EA0185201951
B1301114722808N01017282EA0185001950
B1301124722812N01017285EA0184701949
B1301134722817N01017287EA0184301944
B1301144722822N01017290EA0183901939
B1301154722828N01017294EA0183501935
B1301164722834N01017298EA0183101932
B1301174722840N01017300EA0183101930
B1301184722845N01017303EA0183201928
B1301194722851N01017305EA0183001928
B1301204722855N01017307EA0182801924
B1301214722859N01017311EA0182501922
B1301224722864N01017313EA0182101920
B1301234722870N01017315EA0181801916
B1301244722875N01017317EA0181301912
B1301254722881N01017320EA0181001909
B1301264722886N01017324EA0180801906
B1301274722890N01017325EA0180501904
B1301284722894N01017324EA0180201899
B1301294722899N01017325EA0179801896
B1301304722904N01017328EA0179401892
B1301314722909N01017331EA0179201894
B1301324722914N01017332EA0179101890
B1301334722919N01017333EA0179101888
B1301344722923N01017333EA0178901886
B1301354722928N01017334EA0178701881
B1301364722932N01017336EA0178401878
B1301374722937N01017340EA0178001876
B1301384722943N01017343EA0177701876
B1301394722949N01017347EA0177701874
B1301404722955N01017350EA0177801874
B1301414722960N01017353EA0177901875
B1301424722964N01017356EA0177901876
B1301434722967N01017360EA0178101876
B1301444722971N01017363EA0178201877
B1301454722974N01017365EA0178401876
B1301464722978N01017368EA0178401874
B1301474722982N01017371EA0178301875
B1301484722986N01017375EA0178201873
B1301494722989N01017381EA0177901871
B1301504722993N01017388EA0177601868
B1301514722997N01017396EA0177401867
B1301524723001N01017403EA0177201866
B1301534723006N01017408EA0177101866
B1301544723010N01017411EA0177001866
B1301554723014N01017413EA0176901864
B1301564723018N01017416EA0176901866
B1301574723022N01017418EA0176801865
B1301584723025N01017421EA0176801865
B1301594723028N01017423EA0176701863
B1302004723031N01017426EA0176701862
B1302014723035N01017428EA0176601862
B1302024723039N01017429EA0176601862
B1302034723042N01017431EA0176601861
B1302044723045N01017433EA0176501861
B1302054723048N01017436EA0176401861
B1302064723052N01017439EA0176201860
B1302074723056N01017442EA0176001857
B1302084723061N01017444EA0175801855
B1302094723066N01017446EA0175701856
B1302104723069N01017449EA0175801855
B1302114723073N01017452EA0175801854
B1302124723076N01017455EA0175901856
B1302134723079N01017458EA0175901854
B1302144723082N01017462EA0175701853
B1302154723086N01017466EA0175601851
B1302164723090N01017469EA0175501851
B1302174723095N01017472EA0175501853
B1302184723100N01017474EA0175801855
B1302194723105N01017476EA0175901858
B1302204723108N01017479EA0176101859
B1302214723111N01017482EA0176101859
B1302224723113N01017485EA0176101857
B1302234723115N01017488EA0175901853
B1302244723119N01017491EA0175801852
B1302254723124N01017495EA0175701852
B1302264723128N01017499EA0175701851
B1302274723133N01017501EA0175801851
B1302284723137N01017503EA0175901850
B1302294723140N01017506EA0175901849
B1302304723144N01017508EA0175901847
B1302314723149N01017511EA0175801846
B1302324723154N01017514EA0175801848
B1302334723159N01017516EA0175901849
B1302344723165N01017517EA0176101848
B1302354723169N01017519EA0176301851
B1302364723174N01017521EA0176401852
B1302374723177N01017523EA0176601853
B1302384723181N01017526EA0176601852
B1302394723184N01017530EA0176601852
B1302404723187N01017533EA0176601853
B1302414723190N01017538EA0176601855
B1302424723195N01017541EA0176601855
B1302434723199N01017543EA0176801857
B1302444723203N01017544EA0176801857
B1302454723207N01017546EA0177001857
B1302464723210N01017546EA0177101859
B1302474723214N01017546EA0177101859
B1302484723219N01017547EA0177201860
B1302494723223N01017549EA0177301861
B1302504723227N01017551EA0177601863
B1302514723231N01017553EA0177901865
B1302524723234N01017555EA0178101866
B1302534723237N01017557EA0178201870
B1302544723240N01017559EA0178301872
B1302554723243N01017562EA0178501874
B1302564723247N01017566EA0178601875
B1302574723250N01017569EA0178801877
B1302584723253N01017572EA0178901878
B1302594723257N01017574EA0179001880
B1303004723261N01017577EA0179201882
B1303014723265N01017578EA0179401884
B1303024723270N01017580EA0179501885
B1303034723275N01017582EA0179701887
B1303044723280N01017584EA0179901890
B1303054723284N01017585EA0180201892
B1303064723288N01017586EA0180401894
B1303074723292N01017588EA0180601896
B1303084723296N01017590EA0180801899
B1303094723299N01017592EA0181001901
B1303104723303N01017592EA0181201901
B1303114723307N01017593EA0181501902
B1303124723310N01017592EA0181701903
B1303134723312N01017590EA0181901903
B1303144723314N01017587EA0182001906
B1303154723314N01017584EA0182001907
B1303164723312N01017580EA0181801906
B1303174723309N01017577EA0181801907
B1303184723304N01017577EA0181901907
B1303194723299N01017582EA0181701908
B1303204723295N01017590EA0181501906
B1303214723293N01017600EA0181501907
B1303224723293N01017611EA0181801908
B1303234723296N01017619EA0181901909
B1303244723301N01017625EA0182001912
B1303254723305N01017629EA0182301913
B1303264723309N01017633EA0182501914
B1303274723312N01017637EA0182601916
B1303284723315N01017641EA0182601915
B1303294723319N01017645EA0182601917
B1303304723323N01017648EA0182601916
B1303314723327N01017652EA0182601916
B1303324723331N01017656EA0182501915
B1303334723336N01017659EA0182501915
B1303344723340N01017662EA0182501915
B1303354723344N01017665EA0182501914
B1303364723348N01017668EA0182501913
B1303374723352N01017671EA0182401912
B1303384723356N01017674EA0182401911
B1303394723361N01017678EA0182301910
B1303404723365N01017681EA0182401910
B1303414723369N01017685EA0182601914
B1303424723373N01017689EA0182901917
B1303434723377N01017692EA0183301921
B1303444723380N01017695EA0183501925
B1303454723383N01017698EA0183701926
B1303464723386N01017701EA0183901928
B1303474723389N01017704EA0184101930
B1303484723392N01017706EA0184401933
B1303494723395N01017708EA0184701937
B1303504723398N01017709EA0185101940
B1303514723401N01017710EA0185301942
B1303524723405N01017712EA0185401941
B1303534723408N01017715EA0185401940
B1303544723412N01017720EA0185401940
B1303554723416N01017725EA0185501941
B1303564723420N01017728EA0185601943
B1303574723424N01017731EA0185801945
B1303584723428N01017735EA0186001949
B1303594723432N01017739EA0186101951
B1304004723437N01017743EA0186301951
B1304014723440N01017748EA0186301951
B1304024723444N01017752EA0186301950
B1304034723448N01017757EA0186301952
B1304044723453N01017762EA0186301955
B1304054723457N01017767EA0186401956
B1304064723461N01017771EA0186401955
B1304074723466N01017775EA0186501955
B1304084723470N01017779EA0186501955
B1304094723474N01017784EA0186601958
B1304104723478N01017788EA0186801959
B1304114723481N01017792EA0187001960
B1304124723485N01017795EA0187201962
B1304134723489N01017798EA0187301964
B1304144723492N01017801EA0187501966
B1304154723496N01017804EA0187601967
B1304164723499N01017807EA0187601969
B1304174723502N01017808EA0187701968
B1304184723505N01017811EA0187801970
B1304194723508N01017813EA0187901971
B1304204723511N01017815EA0188101972
B1304214723514N01017816EA0188201971
B1304224723517N01017817EA0188401974
B1304234723520N01017820EA0188501976
B1304244723523N01017822EA0188601978
B1304254723526N01017824EA0188701979
B1304264723529N01017827EA0188801980
B1304274723532N01017829EA0188901983
B1304284723536N01017830EA0189001984
B1304294723539N01017832EA0189101985
B1304304723541N01017834EA0189001984
B1304314723543N01017835EA0189001983
B1304324723546N01017837EA0189001982
B1304334723550N01017839EA0189101983
B1304344723552N01017842EA0189401985
B1304354723554N01017844EA0189501988
B1304364723555N01017846EA0189601989
B1304374723556N01017847EA0189801991
B1304384723556N01017847EA0190101993
B1304394723558N01017848EA0190201995
B1304404723559N01017849EA0190301996
B1304414723560N01017850EA0190401998
B1304424723561N01017851EA0190402000
B1304434723562N01017852EA0190502000
B1304444723564N01017853EA0190502002
B1304454723566N01017854EA0190502003
B1304464723568N01017856EA0190502003
B1304474723570N01017858EA0190602005
B1304484723573N01017859EA0190702005
B1304494723576N01017862EA0190902004
B1304504723578N01017865EA0191002007
B1304514723580N01017868EA0191202009
B1304524723581N01017870EA0191402012
B1304534723582N01017872EA0191602011
B1304544723583N01017875EA0191602010
B1304554723584N01017879EA0191702009
B1304564723587N01017883EA0191802011
B1304574723589N01017886EA0191902014
B1304584723591N01017890EA0192302016
B1304594723593N01017892EA0192702020
B1305004723594N01017896EA0193102024
B1305014723594N01017900EA0193402028
B1305024723594N01017904EA0193702030
B1305034723595N01017907EA0193802032
B1305044723596N01017910EA0193902032
B1305054723598N01017914EA0194102034
B1305064723600N01017916EA0194402037
B1305074723602N01017918EA0194802040
B1305084723604N01017920EA0195202045
B1305094723605N01017923EA0195602049
B1305104723607N01017926EA0196002051
B1305114723608N01017930EA0196202052
B1305124723611N01017933EA0196402055
B1305134723612N01017938EA0196602057
B1305144723614N01017941EA0196802060
B1305154723617N01017945EA0197002062
B1305164723619N01017950EA0197302064
B1305174723621N01017954EA0197702067
B1305184723622N01017957EA0197902068
B1305194723623N01017959EA0198002070
B1305204723623N01017960EA0198002069
B1305214723623N01017961EA0197802067
B1305224723624N01017962EA0197602066
B1305234723626N01017963EA0197402067
B1305244723628N01017964EA0197202066
B1305254723631N01017966EA0197202066
B1305264723634N01017967EA0197102066
B1305274723636N01017968EA0197102065
B1305284723639N01017969EA0197102066
B1305294723642N01017970EA0197102066
B1305304723644N01017972EA0197002066
B1305314723647N01017973EA0196802066
B1305324723650N01017974EA0196802064
B1305334723654N01017975EA0196802065
B1305344723657N01017976EA0197202071
B1305354723658N01017975EA0197402074
B1305364723659N01017975EA0197602075
B1305374723659N01017977EA0197702074
B1305384723659N01017980EA0197702075
B1305394723660N01017983EA0197602075
B1305404723662N01017984EA0197502074
B1305414723664N01017985EA0197602075
B1305424723666N01017986EA0197902077
B1305434723668N01017988EA0198002078
B1305444723670N01017990EA0198102080
B1305454723672N01017993EA0198202081
B1305464723673N01017995EA0198302081
B1305474723676N01017997EA0198402083
B1305484723679N01017998EA0198302081
B1305494723681N01018000EA0198302080
B1305504723683N01018003EA0198102080
B1305514723685N01018006EA0198102080
B1305524723688N01018010EA0197902080
B1305534723690N01018013EA0198002081
B1305544723692N01018016EA0198002081
B1305554723694N01018018EA0198002080
B1305564723696N01018021EA0198002081
B1305574723698N01018025EA0198002081
B1305584723700N01018028EA0198002082
B1305594723703N01018030EA0198002082
B1306004723705N01018030EA0198202083
B1306014723707N01018031EA0198302085
B1306024723708N01018033EA0198402085
B1306034723710N01018035EA0198302086
B1306044723711N01018037EA0198202085
B1306054723714N01018039EA0198202085
B1306064723717N01018041EA0198202086
B1306074723720N01018044EA0198302087
B1306084723722N01018047EA0198402087
B1306094723724N01018049EA0198402087
B1306104723727N01018052EA0198402087
B1306114723730N01018054EA0198402088
B1306124723733N01018055EA0198402085
B1306134723735N01018056EA0198402083
B1306144723738N01018058EA0198402084
B1306154723740N01018060EA0198502082
B1306164723744N01018061EA0198502083
B1306174723746N01018063EA0198602083
B1306184723749N01018065EA0198702083
B1306194723751N01018067EA0198902084
B1306204723753N01018069EA0198902084
B1306214723756N01018070EA0198902085
B1306224723759N01018071EA0198902085
B1306234723762N01018072EA0199102085
B1306244723766N01018072EA0199202085
B1306254723768N01018072EA0199202086
B1306264723771N01018073EA0199402086
B1306274723774N01018074EA0199402086
B1306284723777N01018075EA0199402086
B1306294723780N01018077EA0199502087
B1306304723783N01018078EA0199702089
B1306314723786N01018079EA0200002090
B1306324723788N01018081EA0200202091
B1306334723791N01018082EA0200502093
B1306344723793N01018085EA0200702095
B1306354723795N01018087EA0200902096
B1306364723798N01018090EA0201202099
B1306374723800N01018092EA0201302101
B1306384723803N01018094EA0201502103
B1306394723805N01018096EA0201702106
B1306404723808N01018098EA0201902108
B1306414723810N01018102EA0202202111
B1306424723812N01018106EA0202402113
B1306434723815N01018110EA0202702115
B1306444723817N01018112EA0203002119
B1306454723819N01018114EA0203202120
B1306464723822N01018116EA0203502124
B1306474723824N01018117EA0203802127
B1306484723826N01018119EA0204002127
B1306494723827N01018121EA0204202128
B1306504723830N01018125EA0204402131
B1306514723832N01018129EA0204702135
B1306524723835N01018133EA0204902139
B1306534723837N01018136EA0205302142
B1306544723839N01018139EA0205702145
B1306554723841N01018141EA0206102148
B1306564723842N01018143EA0206602154
B1306574723843N01018144EA0206802158
B1306584723845N01018145EA0207302162
B1306594723846N01018146EA0207602166
B1307004723849N01018147EA0208002171
B1307014723852N01018148EA0208302176
B1307024723854N01018149EA0208702177
B1307034723856N01018151EA0209002178
B1307044723858N01018153EA0209302183
B1307054723860N01018155EA0209602188
B1307064723862N01018158EA0209902190
B1307074723865N01018161EA0210102191
B1307084723868N01018165EA0210302194
B1307094723871N01018168EA0210502195
B1307104723872N01018168EA0210802197
B1307114723874N01018168EA0210902198
B1307124723873N01018166EA0211202201
B1307134723873N01018164EA0211402203
B1307144723871N01018162EA0211602205
B1307154723866N01018160EA0211702206
B1307164723861N01018160EA0211902209
B1307174723854N01018162EA0212102212
B1307184723847N01018166EA0212302212
B1307194723840N01018173EA0212502215
B1307204723834N01018183EA0212802216
B1307214723829N01018194EA0213202219
B1307224723827N01018205EA0213502222
B1307234723825N01018216EA0213802226
B1307244723825N01018226EA0214002230
B1307254723826N01018235EA0214302232
B1307264723828N01018243EA0214502235
B1307274723830N01018250EA0214602237
B1307284723833N01018254EA0214802237
B1307294723836N01018257EA0214902241
B1307304723838N01018257EA0215202243
B1307314723838N01018256EA0215402245
B1307324723837N01018254EA0215702248
B1307334723834N01018253EA0215902250
B1307344723830N01018251EA0216102253
B1307354723825N01018249EA0216202253
B1307364723819N01018250EA0216402255
B1307374723813N01018253EA0216602257
B1307384723805N01018258EA0216802260
B1307394723798N01018266EA0217102261
B1307404723792N01018275EA0217402264
B1307414723787N01018286EA0217702265
B1307424723784N01018297EA0217902267
B1307434723783N01018308EA0218002269
B1307444723784N01018318EA0218302272
B1307454723785N01018327EA0218702275
B1307464723786N01018335EA0218902279
B1307474723788N01018340EA0219102282
B1307484723789N01018343EA0219302283
B1307494723791N01018343EA0219402287
B1307504723792N01018342EA0219602289
B1307514723790N01018340EA0219902292
B1307524723787N01018338EA0220102294
B1307534723783N01018337EA0220302295
B1307544723778N01018336EA0220502297
B1307554723771N01018337EA0220602298
B1307564723764N01018339EA0220802299
B1307574723756N01018344EA0221002300
B1307584723748N01018351EA0221202301
B1307594723742N01018360EA0221602306
B1308004723737N01018370EA0222002309
B1308014723734N01018380EA0222302313
B1308024723733N01018390EA0222502316
B1308034723732N01018399EA0222702317
B1308044723733N01018408EA0222902320
B1308054723735N01018415EA0223102322
B1308064723737N01018421EA0223302325
B1308074723739N01018424EA0223602323
B1308084723741N01018427EA0223802326
B1308094723743N01018431EA0224202328
B1308104723745N01018434EA0224402329
B1308114723747N01018437EA0224502331
B1308124723749N01018439EA0224702334
B1308134723751N01018441EA0224802338
B1308144723753N01018443EA0225002341
B1308154723756N01018445EA0225302344
B1308164723758N01018447EA0225502346
B1308174723760N01018449EA0225702350
B1308184723762N01018451EA0225902353
B1308194723764N01018452EA0226202355
B1308204723765N01018451EA0226302357
B1308214723765N01018449EA0226502359
B1308224723763N01018447EA0226702361
B1308234723761N01018444EA0227002362
B1308244723758N01018443EA0227202363
B1308254723753N01018443EA0227302364
B1308264723747N01018444EA0227402365
B1308274723740N01018447EA0227502366
B1308284723734N01018453EA0227602367
B1308294723727N01018461EA0227802367
B1308304723721N01018471EA0227902369
B1308314723717N01018483EA0228202371
B1308324723715N01018495EA0228502373
B1308334723713N01018508EA0228802378
B1308344723713N01018521EA0229202383
B1308354723715N01018530EA0229402387
B1308364723717N01018537EA0229702389
B1308374723720N01018542EA0229902391
B1308384723722N01018545EA0230102393
B1308394723724N01018547EA0230302394
B1308404723726N01018548EA0230702398
B1308414723727N01018548EA0231002400
B1308424723727N01018548EA0231202401
B1308434723727N01018548EA0231302404
B1308444723726N01018546EA0231602406
B1308454723723N01018544EA0231802409
B1308464723720N01018541EA0232102411
B1308474723715N01018540EA0232302414
B1308484723709N01018541EA0232602415
B1308494723702N01018545EA0232502417
B1308504723696N01018551EA0232602417
B1308514723690N01018559EA0232702417
B1308524723684N01018568EA0232802418
B1308534723681N01018580EA0232902421
B1308544723678N01018592EA0233002421
B1308554723676N01018604EA0233302424
B1308564723677N01018615EA0233502426
B1308574723679N01018624EA0233502429
B1308584723682N01018632EA0233702432
B1308594723686N01018639EA0234102435
B1309004723689N01018645EA0234502438
B1309014723691N01018651EA0234802440
B1309024723694N01018656EA0235102442
B1309034723697N01018661EA0235302444
B1309044723699N01018665EA0235602447
B1309054723702N01018669EA0235802449
B1309064723705N01018673EA0236002450
B1309074723708N01018677EA0236302454
B1309084723711N01018681EA0236402456
B1309094723714N01018685EA0236702458
B1309104723716N01018689EA0236902459
B1309114723719N01018694EA0237102462
B1309124723722N01018699EA0237302465
B1309134723724N01018704EA0237402467
B1309144723727N01018710EA0237502470
B1309154723729N01018715EA0237602470
B1309164723732N01018720EA0237602470
B1309174723735N01018725EA0237602471
B1309184723737N01018729EA0237602469
B1309194723740N01018732EA0237702469
B1309204723742N01018735EA0237602470
B1309214723744N01018739EA0237602470
B1309224723747N01018743EA0237502470
B1309234723749N01018747EA0237402472
B1309244723751N01018750EA0237202472
B1309254723754N01018753EA0237102471
B1309264723757N01018755EA0237102471
B1309274723761N01018756EA0237102471
B1309284723765N01018758EA0237202473
B1309294723768N01018760EA0237402474
B1309304723772N01018764EA0237602476
B1309314723775N01018768EA0237802477
B1309324723778N01018772EA0238002479
B1309334723781N01018776EA0238102480
B1309344723785N01018779EA0238202480
B1309354723789N01018783EA0238302482
B1309364723792N01018787EA0238402483
B1309374723796N01018790EA0238502484
B1309384723799N01018793EA0238502485
B1309394723802N01018795EA0238702484
B1309404723805N01018798EA0238702483
B1309414723808N01018799EA0238702484
B1309424723811N01018802EA0238802486
B1309434723815N01018805EA0238902488
B1309444723819N01018807EA0239102490
B1309454723822N01018810EA0239302492
B1309464723826N01018812EA0239502493
B1309474723829N01018816EA0239502493
B1309484723831N01018819EA0239602492
B1309494723835N01018821EA0239702494
B1309504723838N01018824EA0239702494
B1309514723840N01018827EA0239802495
B1309524723843N01018830EA0239802494
B1309534723845N01018834EA0239602493
B1309544723847N01018838EA0239502490
B1309554723849N01018842EA0239502488
B1309564723851N01018845EA0239302486
B1309574723854N01018848EA0239202487
B1309584723856N01018851EA0239002486
B1309594723859N01018853EA0238902484
B1310004723862N01018855EA0238602483
B1310014723865N01018857EA0238502481
B1310024723869N01018858EA0238502478
B1310034723873N01018860EA0238302476
B1310044723877N01018862EA0238202475
B1310054723880N01018864EA0238102473
B1310064723884N01018868EA0238002472
B1310074723889N01018872EA0237902472
B1310084723894N01018876EA0237902474
B1310094723898N01018878EA0238002475
B1310104723901N01018880EA0238102477
B1310114723903N01018883EA0238302478
B1310124723906N01018888EA0238302478
B1310134723908N01018892EA0238202477
B1310144723911N01018895EA0238102475
B1310154723915N01018897EA0237902472
B1310164723919N01018899EA0237902472
B1310174723923N01018902EA0237902472
B1310184723926N01018906EA0237802472
B1310194723930N01018909EA0237602472
B1310204723933N01018912EA0237602471
B1310214723936N01018916EA0237502472
B1310224723940N01018920EA0237602473
B1310234723943N01018922EA0237602472
B1310244723945N01018925EA0237602472
B1310254723948N01018927EA0237502470
B1310264723952N01018930EA0237402472
B1310274723955N01018933EA0237202471
B1310284723959N01018936EA0237202469
B1310294723962N01018938EA0237102468
B1310304723965N01018940EA0237102467
B1310314723969N01018942EA0236902466
B1310324723972N01018944EA0236802466
B1310334723975N01018946EA0236702463
B1310344723979N01018947EA0236502464
B1310354723984N01018949EA0236302463
B1310364723988N01018951EA0236202461
B1310374723992N01018952EA0236102462
B1310384723996N01018952EA0235902460
B1310394724000N01018952EA0235902461
B1310404724003N01018951EA0236002460
B1310414724006N01018951EA0236102460
B1310424724009N01018952EA0236202462
B1310434724011N01018953EA0236002461
B1310444724015N01018953EA0235802459
B1310454724019N01018953EA0235702459
B1310464724024N01018951EA0235702459
B1310474724029N01018950EA0235702461
B1310484724033N01018947EA0236002461
B1310494724038N01018945EA0236102462
B1310504724042N01018943EA0236302463
B1310514724046N01018943EA0236602463
B1310524724049N01018943EA0236802466
B1310534724052N01018944EA0237002467
B1310544724055N01018945EA0237102466
B1310554724059N01018945EA0237302467
B1310564724062N01018945EA0237602469
B1310574724065N01018943EA0237802471
B1310584724066N01018939EA0238102472
B1310594724066N01018934EA0238102474
B1311004724063N01018929EA0238302475
B1311014724059N01018923EA0238302476
B1311024724054N01018920EA0238402477
B1311034724048N01018918EA0238502477
B1311044724042N01018918EA0238602479
B1311054724035N01018919EA0238702480
B1311064724028N01018924EA0238702480
B1311074724022N01018930EA0238702480
B1311084724017N01018940EA0238602483
B1311094724012N01018950EA0238702484
B1311104724011N01018959EA0238802485
B1311114724010N01018968EA0239002487
B1311124724012N01018976EA0239102488
B1311134724014N01018982EA0239002489
B1311144724019N01018986EA0239002490
B1311154724024N01018990EA0239102492
B1311164724029N01018993EA0239302496
B1311174724033N01018994EA0239702498
B1311184724037N01018995EA0239802500
B1311194724039N01018995EA0239802503
B1311204724042N01018996EA0239802504
B1311214724046N01018997EA0239902505
B1311224724049N01018998EA0240002506
B1311234724054N01018998EA0240102508
B1311244724057N01018998EA0240302509
B1311254724061N01018997EA0240402509
B1311264724064N01018996EA0240502511
B1311274724066N01018995EA0240702512
B1311284724069N01018995EA0240702511
B1311294724072N01018994EA0240802509
B1311304724076N01018996EA0240802511
B1311314724079N01018998EA0240802512
B1311324724083N01018999EA0240902512
B1311334724086N01019000EA0241002511
B1311344724090N01019001EA0241102512
B1311354724093N01019002EA0241202514
B1311364724097N01019003EA0241302514
B1311374724100N01019003EA0241302514
B1311384724104N01019004EA0241402515
B1311394724107N01019005EA0241402515
B1311404724110N01019007EA0241502516
B1311414724114N01019008EA0241602517
B1311424724117N01019008EA0241702519
B1311434724120N01019010EA0241802519
B1311444724123N01019011EA0241802521
B1311454724126N01019013EA0241902522
B1311464724129N01019016EA0241902522
B1311474724132N01019018EA0241902523
B1311484724135N01019022EA0241902523
B1311494724139N01019025EA0241802521
B1311504724142N01019028EA0241702521
B1311514724146N01019031EA0241402521
B1311524724151N01019034EA0241202519
B1311534724155N01019038EA0241102519
B1311544724161N01019041EA0241002517
B1311554724166N01019043EA0241102519
B1311564724171N01019044EA0241102520
B1311574724175N01019045EA0241102521
B1311584724180N01019046EA0241102520
B1311594724185N01019047EA0241102520
B1312004724190N01019048EA0241102519
B1312014724196N01019049EA0241002517
B1312024724201N01019051EA0241002518
B1312034724206N01019052EA0240902518
B1312044724211N01019052EA0240902516
B1312054724216N01019052EA0240802516
B1312064724222N01019053EA0240802516
B1312074724227N01019053EA0240902514
B1312084724232N01019054EA0240902514
B1312094724237N01019055EA0241002512
B1312104724241N01019056EA0240802512
B1312114724246N01019056EA0240902511
B1312124724250N01019056EA0240902510
B1312134724254N01019056EA0240902509
B1312144724258N01019056EA0240702508
B1312154724262N01019056EA0240402504
B1312164724267N01019056EA0240002503
B1312174724272N01019054EA0240002502
B1312184724277N01019054EA0240102503
B1312194724282N01019055EA0240002503
B1312204724286N01019057EA0240102503
B1312214724289N01019059EA0240202503
B1312224724293N01019060EA0240102503
B1312234724296N01019060EA0240002503
B1312244724301N01019060EA0240002503
B1312254724304N01019060EA0240102503
B1312264724308N01019060EA0240102503
B1312274724312N01019060EA0240202501
B1312284724316N01019060EA0240202501
B1312294724320N01019060EA0240202499
B1312304724325N01019061EA0240202500
B1312314724330N01019062EA0240402500
B1312324724334N01019063EA0240402502
B1312334724338N01019064EA0240502501
B1312344724342N01019065EA0240602502
B1312354724346N01019066EA0240602501
B1312364724350N01019068EA0240402500
B1312374724356N01019068EA0240502496
B1312384724361N01019069EA0240502496
B1312394724365N01019071EA0240602498
B1312404724369N01019072EA0240602497
B1312414724373N01019074EA0240502496
B1312424724377N01019076EA0240302495
B1312434724381N01019079EA0240102493
B1312444724385N01019079EA0239902491
B1312454724390N01019079EA0239902490
B1312464724394N01019079EA0239802493
B1312474724398N01019079EA0239902495
B1312484724402N01019079EA0239902495
B1312494724406N01019079EA0239902494
B1312504724409N01019079EA0239602493
B1312514724413N01019078EA0239602492
B1312524724417N01019079EA0239702491
B1312534724421N01019082EA0239602491
B1312544724425N01019087EA0239802492
B1312554724429N01019091EA0239802492
B1312564724431N01019093EA0239802490
B1312574724434N01019094EA0239602488
B1312584724437N01019095EA0239402486
B1312594724440N01019097EA0239102484
B1313004724444N01019098EA0239002485
B1313014724447N01019099EA0239002487
B1313024724450N01019099EA0239002488
B1313034724451N01019099EA0238902488
B1313044724453N01019100EA0238602488
B1313054724455N01019099EA0238402485
B1313064724457N01019099EA0238102485
B1313074724458N01019097EA0238102484
B1313084724460N01019096EA0238102483
B1313094724462N01019095EA0238102481
B1313104724464N01019095EA0238202480
B1313114724466N01019094EA0238302480
B1313124724468N01019094EA0238402481
B1313134724470N01019093EA0238402481
B1313144724472N01019093EA0238502482
B1313154724475N01019093EA0238602484
B1313164724479N01019094EA0238802489
B1313174724482N01019093EA0239002491
B1313184724484N01019092EA0239402492
B1313194724487N01019092EA0239702496
B1313204724490N01019092EA0239902499
B1313214724493N01019091EA0239902500
B1313224724497N01019092EA0240002501
B1313234724501N01019093EA0240002500
B1313244724504N01019094EA0240002501
B1313254724507N01019095EA0240102502
B1313264724509N01019096EA0240202500
B1313274724511N01019097EA0240302500
B1313284724513N01019099EA0240202499
B1313294724515N01019102EA0240002498
B1313304724516N01019104EA0239702496
B1313314724519N01019105EA0239502495
B1313324724522N01019107EA0239402494
B1313334724525N01019109EA0239402494
B1313344724528N01019111EA0239402492
B1313354724530N01019112EA0239402491
B1313364724532N01019113EA0239302489
B1313374724534N01019113EA0239202486
B1313384724537N01019114EA0239002485
B1313394724540N01019114EA0238902484
B1313404724543N01019113EA0238702483
B1313414724546N01019113EA0238702483
B1313424724549N01019112EA0238702481
B1313434724552N01019112EA0238502480
B1313444724555N01019111EA0238402481
B1313454724558N01019109EA0238202478
B1313464724560N01019108EA0238102477
B1313474724564N01019106EA0237902475
B1313484724567N01019105EA0237702474
B1313494724570N01019103EA0237602471
B1313504724573N01019102EA0237502470
B1313514724577N01019100EA0237302467
B1313524724580N01019099EA0237202466
B1313534724584N01019099EA0237102464
B1313544724588N01019100EA0237002462
B1313554724591N01019100EA0236702460
B1313564724593N01019099EA0236502458
B1313574724597N01019098EA0236102456
B1313584724600N01019098EA0235902454
B1313594724604N01019099EA0235702452
B1314004724607N01019100EA0235602451
B1314014724612N01019098EA0235302450
B1314024724615N01019097EA0235102449
B1314034724619N01019097EA0234802446
B1314044724623N01019098EA0234502444
B1314054724626N01019098EA0234102440
B1314064724630N01019098EA0233702437
B1314074724635N01019097EA0233402436
B1314084724639N01019096EA0233202435
B1314094724643N01019096EA0233002433
B1314104724647N01019097EA0232702429
B1314114724651N01019098EA0232402425
B1314124724654N01019098EA0232002421
B1314134724658N01019099EA0231602419
B1314144724662N01019100EA0231302416
B1314154724667N01019100EA0231002413
B1314164724671N01019100EA0230702412
B1314174724675N01019100EA0230402410
B1314184724679N01019100EA0230202407
B1314194724683N01019100EA0229902405
B1314204724687N01019100EA0229502402
B1314214724691N01019099EA0229302398
B1314224724695N01019098EA0229102396
B1314234724699N01019097EA0228802394
B1314244724702N01019096EA0228602389
B1314254724706N01019095EA0228302388
B1314264724709N01019095EA0228102385
B1314274724712N01019093EA0227802381
B1314284724716N01019092EA0227302377
B1314294724720N01019091EA0227102372
B1314304724724N01019090EA0226802368
B1314314724728N01019088EA0226602365
B1314324724731N01019086EA0226502362
B1314334724735N01019085EA0226602362
B1314344724738N01019083EA0226602362
B1314354724741N01019083EA0226602362
B1314364724744N01019082EA0226502360
B1314374724747N01019080EA0226302358
B1314384724749N01019077EA0225902354
B1314394724753N01019075EA0225602351
B1314404724756N01019073EA0225202350
B1314414724760N01019071EA0225002348
B1314424724763N01019069EA0224902347
B1314434724766N01019069EA0224902348
B1314444724769N01019068EA0224902347
B1314454724773N01019069EA0224802347
B1314464724775N01019069EA0224702346
B1314474724777N01019068EA0224502343
B1314484724780N01019068EA0224102343
B1314494724784N01019068EA0223902341
B1314504724789N01019068EA0223902343
B1314514724793N01019069EA0224302348
B1314524724796N01019069EA0224702350
B1314534724798N01019069EA0225002353
B1314544724800N01019069EA0225102352
B1314554724801N01019069EA0225102351
B1314564724803N01019069EA0225202354
B1314574724805N01019067EA0225102355
B1314584724808N01019065EA0225202355
B1314594724810N01019061EA0225202354
B1315004724813N01019058EA0225402353
B1315014724816N01019055EA0225302355
B1315024724818N01019050EA0225402355
B1315034724821N01019047EA0225502355
B1315044724824N01019044EA0225402354
B1315054724827N01019042EA0225102351
B1315064724830N01019042EA0224702348
B1315074724833N01019041EA0224302344
B1315084724838N01019040EA0223902342
B1315094724842N01019039EA0223602340
B1315104724846N01019037EA0223302338
B1315114724850N01019034EA0223002335
B1315124724854N01019032EA0222802332
B1315134724858N01019030EA0222502330
B1315144724862N01019028EA0222302328
B1315154724867N01019025EA0222102327
B1315164724870N01019022EA0221802324
B1315174724874N01019019EA0221502322
B1315184724876N01019018EA0221202319
B1315194724878N01019017EA0220802314
B1315204724881N01019015EA0220402309
B1315214724885N01019013EA0219902305
B1315224724889N01019011EA0219502300
B1315234724893N01019009EA0219002295
B1315244724898N01019005EA0218802292
B1315254724903N01019002EA0218702291
B1315264724906N01019001EA0218702290
B1315274724908N01018999EA0218502287
B1315284724909N01018999EA0218102282
B1315294724912N01018997EA0217502277
B1315304724916N01018996EA0217002274
B1315314724919N01018993EA0216702271
B1315324724922N01018992EA0216502269
B1315334724925N01018990EA0216202265
B1315344724928N01018989EA0215902261
B1315354724931N01018988EA0215502258
B1315364724934N01018987EA0215202255
B1315374724938N01018986EA0215102253
B1315384724941N01018985EA0215002252
B1315394724945N01018985EA0215002254
B1315404724949N01018985EA0215002253
B1315414724952N01018985EA0215102253
B1315424724956N01018986EA0214902253
B1315434724960N01018987EA0214802253
B1315444724964N01018988EA0214902253
B1315454724967N01018988EA0214802251
B1315464724971N01018989EA0214702251
B1315474724974N01018989EA0214602250
B1315484724976N01018989EA0214602248
B1315494724979N01018990EA0214502249
B1315504724982N01018990EA0214602250
B1315514724984N01018991EA0214702250
B1315524724987N01018992EA0214702250
B1315534724989N01018993EA0214602249
B1315544724992N01018995EA0214402246
B1315554724995N01018996EA0214202245
B1315564724999N01018996EA0214102243
B1315574725001N01018997EA0214102242
B1315584725004N01018998EA0214102242
B1315594725007N01018998EA0214002241
B1316004725009N01018999EA0213802241
B1316014725012N01018999EA0213602240
B1316024725015N01018999EA0213502239
B1316034725017N01019000EA0213302240
B1316044725019N01019000EA0213202240
B1316054725022N01019000EA0212902240
B1316064725025N01019000EA0212602235
B1316074725028N01019001EA0212302234
B1316084725032N01019001EA0212002230
B1316094725036N01019001EA0211702227
B1316104725039N01019001EA0211502223
B1316114725042N01019001EA0211302221
B1316124725045N01019002EA0211102219
B1316134725049N01019002EA0211002216
B1316144725052N01019002EA0210902214
B1316154725055N01019002EA0210602212
B1316164725058N01019001EA0210402210
B1316174725062N01019002EA0210202209
B1316184725066N01019003EA0210002208
B1316194725070N01019003EA0209802207
B1316204725074N01019002EA0209702207
B1316214725076N01019002EA0209602206
B1316224725079N01019002EA0209402203
B1316234725083N01019001EA0209202202
B1316244725085N01019000EA0209002199
B1316254725087N01018997EA0208702196
B1316264725090N01018993EA0208602194
B1316274725092N01018992EA0208302191
B1316284725095N01018992EA0208102190
B1316294725098N01018993EA0208002188
B1316304725100N01018994EA0207802186
B1316314725101N01018994EA0207902186
B1316324725102N01018993EA0207702184
B1316334725103N01018992EA0207502182
B1316344725105N01018990EA0207302178
B1316354725106N01018989EA0207102176
B1316364725108N01018989EA0207102175
B1316374725109N01018989EA0207002174
B1316384725110N01018988EA0206802173
B1316394725111N01018988EA0206702172
B1316404725113N01018987EA0206602171
B1316414725115N01018986EA0206702171
B1316424725118N01018986EA0206802173
B1316434725119N01018986EA0207102176
B1316444725120N01018986EA0207302176
B1316454725121N01018986EA0207502178
B1316464725123N01018985EA0207702178
B1316474725123N01018985EA0207702178
B1316484725124N01018983EA0207802179
B1316494725126N01018980EA0207902180
B1316504725128N01018977EA0208102182
B1316514725129N01018975EA0208302184
B1316524725129N01018972EA0208402185
B1316534725130N01018970EA0208502185
B1316544725132N01018969EA0208602185
B1316554725133N01018967EA0208502184
B1316564725135N01018967EA0208602185
B1316574725136N01018967EA0208702185
B1316584725136N01018968EA0208502184
B1316594725138N01018967EA0208402183
B1317004725140N01018967EA0208202181
B1317014725142N01018966EA0208102179
B1317024725144N01018966EA0207902178
B1317034725145N01018964EA0207802177
B1317044725147N01018964EA0207702176
B1317054725148N01018962EA0207602176
B1317064725149N01018960EA0207402174
B1317074725151N01018959EA0207302172
B1317084725153N01018958EA0207202170
B1317094725155N01018957EA0207002169
B1317104725157N01018956EA0206902167
B1317114725159N01018956EA0206902166
B1317124725162N01018956EA0206802164
B1317134725163N01018956EA0206702163
B1317144725165N01018955EA0206602162
B1317154725167N01018955EA0206502160
B1317164725168N01018954EA0206502158
B1317174725170N01018954EA0206302158
B1317184725173N01018952EA0206202156
B1317194725175N01018952EA0206202155
B1317204725178N01018951EA0206102154
B1317214725181N01018951EA0206102154
B1317224725184N01018950EA0206102155
B1317234725187N01018951EA0206102155
B1317244725190N01018951EA0206002154
B1317254725193N01018952EA0205902153
B1317264725195N01018952EA0205802151
B1317274725199N01018951EA0205702150
B1317284725202N01018951EA0205602149
B1317294725205N01018951EA0205502148
B1317304725207N01018951EA0205502148
B1317314725210N01018950EA0205402147
B1317324725212N01018950EA0205202144
B1317334725214N01018950EA0204902143
B1317344725217N01018949EA0204602140
B1317354725221N01018948EA0204402139
B1317364725224N01018948EA0204102137
B1317374725228N01018949EA0204002136
B1317384725231N01018949EA0204002136
B1317394725233N01018950EA0204002136
B1317404725236N01018950EA0203902136
B1317414725238N01018951EA0203802134
B1317424725241N01018951EA0203702133
B1317434725245N01018951EA0203702134
B1317444725248N01018951EA0203902135
B1317454725251N01018951EA0204102137
B1317464725253N01018951EA0204202139
B1317474725255N01018951EA0204202139
B1317484725257N01018951EA0204202139
B1317494725260N01018952EA0204102139
B1317504725263N01018951EA0204002138
B1317514725266N01018949EA0204002136
B1317524725269N01018949EA0203902136
B1317534725271N01018949EA0203902135
B1317544725274N01018949EA0203902133
B1317554725277N01018948EA0203802131
B1317564725279N01018948EA0203702130
B1317574725282N01018948EA0203602129
B1317584725284N01018947EA0203602128
B1317594725287N01018946EA0203602129
B1318004725289N01018946EA0203602129
B1318014725290N01018945EA0203602128
B1318024725292N01018945EA0203502127
B1318034725293N01018944EA0203502128
B1318044725296N01018942EA0203602129
B1318054725298N01018941EA0203802130
B1318064725299N01018941EA0204002131
B1318074725301N01018941EA0204302135
B1318084725301N01018942EA0204402137
B1318094725302N01018943EA0204602139
B1318104725302N01018943EA0204602139
B1318114725304N01018944EA0204702141
B1318124725306N01018944EA0205002143
B1318134725308N01018944EA0205202145
B1318144725309N01018942EA0205302147
B1318154725310N01018941EA0205502148
B1318164725312N01018941EA0205502150
B1318174725313N01018941EA0205502150
B1318184725315N01018943EA0205502150
B1318194725317N01018944EA0205302148
B1318204725319N01018945EA0205102147
B1318214725322N01018945EA0205102146
B1318224725324N01018946EA0204902145
B1318234725326N01018947EA0204802145
B1318244725328N01018947EA0204802144
B1318254725330N01018947EA0204702144
B1318264725332N01018947EA0204702145
B1318274725334N01018947EA0204702143
B1318284725335N01018947EA0204702144
B1318294725336N01018946EA0204702143
B1318304725336N01018945EA0204702142
B1318314725337N01018944EA0204702141
B1318324725337N01018943EA0204602140
B1318334725339N01018942EA0204602138
B1318344725340N01018942EA0204602138
B1318354725342N01018942EA0204602140
B1318364725344N01018941EA0204602141
B1318374725345N01018941EA0204602141
B1318384725347N01018941EA0204502142
B1318394725349N01018940EA0204502142
B1318404725351N01018939EA0204502142
B1318414725353N01018939EA0204402142
B1318424725355N01018940EA0204202142
B1318434725357N01018940EA0204102140
B1318444725360N01018941EA0204002140
B1318454725362N01018941EA0203902139
B1318464725365N01018941EA0203902138
B1318474725367N01018941EA0203902138
B1318484725369N01018940EA0203802138
B1318494725370N01018939EA0203802136
B1318504725372N01018938EA0203702135
B1318514725374N01018937EA0203602133
B1318524725376N01018936EA0203402131
B1318534725378N01018934EA0203302131
B1318544725379N01018933EA0203202129
B1318554725381N01018931EA0203002126
B1318564725383N01018929EA0202902124
B1318574725385N01018928EA0202902122
B1318584725388N01018926EA0202802120
B1318594725391N01018926EA0202702118
B1319004725393N01018926EA0202602117
B1319014725395N01018926EA0202502116
B1319024725398N01018925EA0202502116
B1319034725401N01018925EA0202502117
B1319044725403N01018925EA0202402117
B1319054725406N01018926EA0202402116
B1319064725409N01018926EA0202302117
B1319074725412N01018926EA0202302116
B1319084725414N01018927EA0202202117
B1319094725416N01018927EA0202302117
B1319104725419N01018926EA0202302118
B1319114725420N01018926EA0202502119
B1319124725422N01018925EA0202602120
B1319134725424N01018926EA0202702121
B1319144725426N01018926EA0202802122
B1319154725428N01018926EA0203002123
B1319164725429N01018925EA0203202126
B1319174725430N01018923EA0203302126
B1319184725431N01018921EA0203402127
B1319194725432N01018920EA0203502128
B1319204725433N01018920EA0203502129
B1319214725435N01018919EA0203602129
B1319224725437N01018917EA0203602129
B1319234725439N01018917EA0203802128
B1319244725441N01018916EA0203902129
B1319254725444N01018915EA0204002130
B1319264725446N01018915EA0204302131
B1319274725448N01018915EA0204502134
B1319284725450N01018913EA0204802137
B1319294725452N01018913EA0205202141
B1319304725454N01018913EA0205502144
B1319314725456N01018914EA0205802148
B1319324725459N01018916EA0206202151
B1319334725461N01018918EA0206402154
B1319344725463N01018919EA0206602156
B1319354725465N01018919EA0206802159
B1319364725466N01018919EA0206802161
B1319374725467N01018919EA0206902162
B1319384725469N01018918EA0206902162
B1319394725471N01018918EA0206902162
B1319404725473N01018917EA0207102163
B1319414725475N01018916EA0207202165
B1319424725477N01018915EA0207302167
B1319434725479N01018914EA0207502169
B1319444725480N01018913EA0207402169
B1319454725482N01018911EA0207502169
B1319464725483N01018909EA0207602172
B1319474725485N01018906EA0207702172
B1319484725485N01018903EA0207802173
B1319494725485N01018900EA0207802175
B1319504725484N01018897EA0208002175
B1319514725483N01018894EA0208002174
B1319524725479N01018892EA0208002175
B1319534725474N01018891EA0208002175
B1319544725468N01018892EA0208002175
B1319554725460N01018897EA0208002177
B1319564725455N01018904EA0207902178
B1319574725450N01018914EA0208002179
B1319584725447N01018925EA0208102178
B1319594725447N01018935EA0208202179
B1320004725448N01018945EA0208202181
B1320014725451N01018953EA0208302182
B1320024725454N01018958EA0208302183
B1320034725458N01018961EA0208502185
B1320044725460N01018963EA0208602188
B1320054725463N01018964EA0208802189
B1320064725465N01018964EA0208802191
B1320074725467N01018963EA0208902190
B1320084725469N01018961EA0209002193
B1320094725471N01018959EA0209002193
B1320104725472N01018957EA0209102190
B1320114725474N01018955EA0209202192
B1320124725476N01018953EA0209202192
B1320134725477N01018951EA0209302193
B1320144725479N01018949EA0209402194
B1320154725481N01018948EA0209402195
B1320164725483N01018946EA0209502195
B1320174725485N01018945EA0209702197
B1320184725487N01018944EA0209802199
B1320194725489N01018943EA0210002199
B1320204725491N01018942EA0210102198
B1320214725492N01018941EA0210102199
B1320224725494N01018940EA0210202202
B1320234725496N01018938EA0210202201
B1320244725498N01018937EA0210302203
B1320254725499N01018935EA0210402203
B1320264725501N01018934EA0210402204
B1320274725502N01018932EA0210502204
B1320284725503N01018930EA0210602203
B1320294725505N01018928EA0210702203
B1320304725506N01018926EA0210702205
B1320314725506N01018924EA0210602205
B1320324725505N01018920EA0210502204
B1320334725502N01018917EA0210502203
B1320344725498N01018914EA0210502203
B1320354725492N01018914EA0210402203
B1320364725486N01018918EA0210402203
B1320374725481N01018923EA0210502203
B1320384725475N01018929EA0210602203
B1320394725472N01018936EA0210602202
B1320404725468N01018944EA0210602201
B1320414725465N01018954EA0210502201
B1320424725464N01018964EA0210502201
B1320434725465N01018973EA0210502201
B1320444725467N01018982EA0210502202
B1320454725470N01018989EA0210602203
B1320464725472N01018994EA0210702203
B1320474725475N01018997EA0210602202
B1320484725478N01019000EA0210602204
B1320494725481N01019001EA0210502205
B1320504725484N01019001EA0210502206
B1320514725487N01019002EA0210602207
B1320524725490N01019002EA0210502206
B1320534725493N01019004EA0210502206
B1320544725496N01019005EA0210502207
B1320554725500N01019007EA0210502209
B1320564725504N01019009EA0210502209
B1320574725508N01019011EA0210502210
B1320584725511N01019014EA0210502206
B1320594725515N01019016EA0210602205
B1321004725519N01019019EA0210602205
B1321014725523N01019022EA0210602205
B1321024725527N01019024EA0210502203
B1321034725531N01019027EA0210502204
B1321044725535N01019028EA0210502201
B1321054725539N01019031EA0210502202
B1321064725543N01019034EA0210602203
B1321074725547N01019037EA0210602202
B1321084725551N01019040EA0210702203
B1321094725555N01019042EA0210702202
B1321104725559N01019045EA0210702200
B1321114725563N01019049EA0210802200
B1321124725567N01019053EA0210902201
B1321134725571N01019057EA0210902202
B1321144725575N01019062EA0211002202
B1321154725579N01019067EA0211102204
B1321164725583N01019071EA0211202204
B1321174725587N01019076EA0211302206
B1321184725591N01019080EA0211302205
B1321194725595N01019084EA0211202203
B1321204725599N01019089EA0211202203
B1321214725604N01019093EA0211202203
B1321224725608N01019097EA0211302203
B1321234725612N01019101EA0211302203
B1321244725615N01019105EA0211302202
B1321254725619N01019110EA0211202200
B1321264725624N01019113EA0211102199
B1321274725628N01019116EA0211002198
B1321284725633N01019118EA0211002197
B1321294725638N01019119EA0210902198
B1321304725642N01019122EA0210902199
B1321314725646N01019126EA0210902200
B1321324725650N01019130EA0210902200
B1321334725654N01019134EA0210802199
B1321344725658N01019137EA0210802196
B1321354725662N01019141EA0210702196
B1321364725667N01019144EA0210702197
B1321374725671N01019147EA0210602197
B1321384725676N01019151EA0210602196
B1321394725680N01019153EA0210602195
B1321404725684N01019156EA0210502194
B1321414725688N01019159EA0210502195
B1321424725692N01019162EA0210402194
B1321434725696N01019164EA0210402193
B1321444725700N01019166EA0210302192
B1321454725704N01019169EA0210202191
B1321464725708N01019171EA0210102191
B1321474725712N01019173EA0210002189
B1321484725716N01019175EA0210002190
B1321494725720N01019178EA0210002190
B1321504725724N01019180EA0210002191
B1321514725729N01019182EA0210002191
B1321524725732N01019183EA0210002191
B1321534725737N01019185EA0209902191
B1321544725740N01019187EA0209902192
B1321554725744N01019188EA0209902194
B1321564725748N01019189EA0209902195
B1321574725752N01019191EA0209802195
B1321584725756N01019193EA0209702196
B1321594725759N01019194EA0209602194
B1322004725764N01019196EA0209502195
B1322014725768N01019198EA0209502195
B1322024725772N01019200EA0209402193
B1322034725776N01019202EA0209302193
B1322044725781N01019204EA0209302193
B1322054725784N01019205EA0209202193
B1322064725789N01019207EA0209102193
B1322074725793N01019208EA0209102191
B1322084725797N01019210EA0209002191
B1322094725801N01019210EA0209002188
B1322104725805N01019211EA0208902187
B1322114725809N01019212EA0208902187
B1322124725813N01019213EA0208802186
B1322134725818N01019214EA0208802187
B1322144725822N01019215EA0208702187
B1322154725827N01019217EA0208602189
B1322164725831N01019218EA0208602188
B1322174725835N01019219EA0208602187
B1322184725840N01019221EA0208502188
B1322194725843N01019222EA0208502187
B1322204725847N01019224EA0208402189
B1322214725851N01019226EA0208302187
B1322224725855N01019228EA0208102185
B1322234725860N01019229EA0208002183
B1322244725865N01019229EA0207902181
B1322254725868N01019229EA0207702179
B1322264725872N01019230EA0207602175
B1322274725876N01019231EA0207502173
B1322284725881N01019233EA0207202171
B1322294725886N01019235EA0207002170
B1322304725890N01019237EA0206902168
B1322314725895N01019239EA0206802169
B1322324725899N01019240EA0206602167
B1322334725903N01019241EA0206402165
B1322344725908N01019242EA0206202162
B1322354725912N01019243EA0206002159
B1322364725917N01019242EA0205802154
B1322374725922N01019242EA0205702152
B1322384725927N01019243EA0205602151
B1322394725931N01019244EA0205502150
B1322404725935N01019245EA0205302148
B1322414725940N01019245EA0205102146
B1322424725944N01019246EA0205002145
B1322434725949N01019247EA0204802143
B1322444725953N01019248EA0204602142
B1322454725958N01019249EA0204402141
B1322464725962N01019249EA0204202139
B1322474725966N01019250EA0204102139
B1322484725971N01019251EA0204002138
B1322494725975N01019252EA0203802137
B1322504725980N01019253EA0203602136
B1322514725985N01019254EA0203502135
B1322524725989N01019256EA0203402134
B1322534725994N01019258EA0203402133
B1322544725998N01019261EA0203502133
B1322554726001N01019264EA0203402133
B1322564726005N01019266EA0203202131
B1322574726009N01019267EA0203002130
B1322584726014N01019268EA0202902127
B1322594726019N01019270EA0202802127
B1323004726024N01019272EA0202802125
B1323014726029N01019274EA0202702124
B1323024726033N01019276EA0202502123
B1323034726037N01019277EA0202402120
B1323044726042N01019279EA0202302117
B1323054726047N01019280EA0202202117
B1323064726052N01019281EA0202102115
B1323074726057N01019282EA0202202115
B1323084726062N01019283EA0202302117
B1323094726067N01019285EA0202402119
B1323104726071N01019287EA0202502119
B1323114726076N01019290EA0202502120
B1323124726080N01019292EA0202502120
B1323134726084N01019295EA0202502121
B1323144726089N01019297EA0202502119
B1323154726094N01019300EA0202502121
B1323164726099N01019303EA0202402121
B1323174726104N01019307EA0202502120
B1323184726109N01019309EA0202502120
B1323194726114N01019311EA0202502119
B1323204726119N01019313EA0202502119
B1323214726125N01019316EA0202402119
B1323224726130N01019318EA0202402117
B1323234726135N01019319EA0202302115
B1323244726140N01019321EA0202302115
B1323254726145N01019323EA0202202115
B1323264726151N01019325EA0202302116
B1323274726156N01019327EA0202402115
B1323284726162N01019328EA0202502115
B1323294726167N01019330EA0202502115
B1323304726171N01019333EA0202602118
B1323314726176N01019335EA0202602118
B1323324726181N01019337EA0202702120
B1323334726186N01019338EA0202802120
B1323344726191N01019339EA0203002121
B1323354726197N01019340EA0203102124
B1323364726202N01019342EA0203202123
B1323374726206N01019343EA0203302125
B1323384726212N01019345EA0203402126
B1323394726217N01019347EA0203402128
B1323404726222N01019349EA0203402127
B1323414726228N01019350EA0203402128
B1323424726233N01019352EA0203602128
B1323434726238N01019354EA0203602128
B1323444726243N01019358EA0203702130
B1323454726248N01019361EA0203702131
B1323464726253N01019363EA0203702132
B1323474726258N01019367EA0203802132
B1323484726263N01019370EA0203902133
B1323494726268N01019373EA0203902133
B1323504726274N01019376EA0204002134
B1323514726278N01019378EA0204102134
B1323524726283N01019381EA0204102135
B1323534726288N01019383EA0204302136
B1323544726293N01019384EA0204402137
B1323554726297N01019386EA0204502138
B1323564726302N01019387EA0204502137
B1323574726306N01019388EA0204602137
B1323584726311N01019389EA0204702136
B1323594726315N01019390EA0204802136
B1324004726320N01019392EA0204802135
B1324014726324N01019394EA0204902137
B1324024726328N01019395EA0204902137
B1324034726333N01019396EA0205002138
B1324044726337N01019398EA0204902139
B1324054726342N01019399EA0205002139
B1324064726346N01019400EA0205002140
B1324074726351N01019402EA0205102140
B1324084726356N01019404EA0205102140
B1324094726361N01019406EA0205102141
B1324104726365N01019407EA0205102141
B1324114726370N01019408EA0205102141
B1324124726375N01019409EA0205102140
B1324134726380N01019410EA0205202139
B1324144726384N01019411EA0205202139
B1324154726388N01019413EA0205302140
B1324164726393N01019414EA0205202140
B1324174726398N01019416EA0205202141
B1324184726402N01019417EA0205202141
B1324194726407N01019418EA0205202141
B1324204726412N01019418EA0205202140
B1324214726416N01019419EA0205102140
B1324224726421N01019420EA0205102142
B1324234726426N01019421EA0205102142
B1324244726430N01019422EA0205102142
B1324254726434N01019423EA0205102144
B1324264726438N01019424EA0205002142
B1324274726442N01019425EA0204902141
B1324284726447N01019426EA0204802140
B1324294726452N01019427EA0204802138
B1324304726456N01019427EA0204702136
B1324314726460N01019428EA0204702135
B1324324726464N01019429EA0204702135
B1324334726469N01019430EA0204602134
B1324344726472N01019431EA0204602134
B1324354726477N01019432EA0204502132
B1324364726481N01019432EA0204502131
B1324374726485N01019434EA0204402130
B1324384726489N01019435EA0204402128
B1324394726493N01019436EA0204302128
B1324404726496N01019436EA0204202125
B1324414726501N01019437EA0204202124
B1324424726505N01019438EA0204202124
B1324434726509N01019439EA0204102126
B1324444726513N01019440EA0204002127
B1324454726517N01019441EA0204002129
B1324464726522N01019442EA0203902129
B1324474726526N01019443EA0203902129
B1324484726530N01019444EA0203902128
B1324494726534N01019445EA0203802127
B1324504726537N01019446EA0203702125
B1324514726541N01019447EA0203602124
B1324524726545N01019449EA0203502122
B1324534726549N01019451EA0203402120
B1324544726554N01019452EA0203402120
B1324554726558N01019453EA0203302119
B1324564726561N01019454EA0203302118
B1324574726564N01019455EA0203302117
B1324584726568N01019456EA0203202116
B1324594726572N01019457EA0203102115
B1325004726576N01019458EA0203002114
B1325014726580N01019459EA0202902114
B1325024726584N01019459EA0202902114
B1325034726588N01019461EA0203002115
B1325044726591N01019463EA0202902117
B1325054726594N01019464EA0202802114
B1325064726597N01019466EA0202702113
B1325074726600N01019468EA0202602112
B1325084726604N01019470EA0202602113
B1325094726608N01019470EA0202502114
B1325104726612N01019472EA0202602115
B1325114726615N01019473EA0202502114
B1325124726619N01019475EA0202502113
B1325134726623N01019476EA0202302112
B1325144726627N01019478EA0202202110
B1325154726631N01019480EA0202102110
B1325164726635N01019482EA0202102110
B1325174726639N01019484EA0202102111
B1325184726642N01019486EA0202002110
B1325194726647N01019488EA0201902109
B1325204726651N01019489EA0201902110
B1325214726655N01019491EA0201902113
B1325224726659N01019492EA0201902112
B1325234726662N01019494EA0201902112
B1325244726666N01019495EA0201802112
B1325254726670N01019497EA0201802113
B1325264726673N01019498EA0201802113
B1325274726677N01019499EA0201702112
B1325284726681N01019501EA0201802113
B1325294726685N01019503EA0201802111
B1325304726689N01019505EA0201702110
B1325314726694N01019506EA0201702110
B1325324726698N01019508EA0201702110
B1325334726702N01019512EA0201902112
B1325344726706N01019514EA0201902113
B1325354726710N01019517EA0202102114
B1325364726713N01019522EA0202202116
B1325374726716N01019525EA0202302114
B1325384726719N01019527EA0202202113
B1325394726722N01019529EA0202002111
B1325404726726N01019529EA0202002109
B1325414726730N01019530EA0202002109
B1325424726732N01019531EA0202102110
B1325434726735N01019532EA0202202110
B1325444726737N01019534EA0202202110
B1325454726740N01019536EA0202302111
B1325464726743N01019537EA0202302113
B1325474726747N01019537EA0202502116
B1325484726750N01019538EA0202702118
B1325494726753N01019536EA0203102121
B1325504726755N01019535EA0203502124
B1325514726756N01019536EA0203902125
B1325524726758N01019538EA0204202129
B1325534726760N01019540EA0204602131
B1325544726762N01019542EA0204802132
B1325554726764N01019543EA0204802136
B1325564726765N01019542EA0204902138
B1325574726767N01019541EA0205102140
B1325584726770N01019542EA0205202142
B1325594726772N01019542EA0205402143
B1326004726774N01019542EA0205402143
B1326014726776N01019543EA0205402143
B1326024726779N01019544EA0205202142
B1326034726782N01019545EA0205102141
B1326044726785N01019545EA0205002140
B1326054726789N01019544EA0204902139
B1326064726792N01019543EA0204902139
B1326074726795N01019542EA0204902139
B1326084726798N01019541EA0205002139
B1326094726802N01019540EA0205002138
B1326104726806N01019538EA0205302140
B1326114726810N01019536EA0205402141
B1326124726813N01019535EA0205502143
B1326134726816N01019535EA0205702145
B1326144726819N01019536EA0206002147
B1326154726821N01019537EA0206302148
B1326164726824N01019538EA0206402151
B1326174726826N01019539EA0206502152
B1326184726829N01019539EA0206602154
B1326194726832N01019539EA0206802155
B1326204726835N01019541EA0206902157
B1326214726838N01019542EA0207102159
B1326224726842N01019543EA0207302162
B1326234726845N01019544EA0207402164
B1326244726848N01019547EA0207402164
B1326254726852N01019549EA0207402163
B1326264726856N01019552EA0207402163
B1326274726860N01019554EA0207402164
B1326284726864N01019556EA0207402165
B1326294726867N01019559EA0207502165
B1326304726870N01019561EA0207402166
B1326314726874N01019563EA0207402164
B1326324726878N01019565EA0207302163
B1326334726882N01019568EA0207202163
B1326344726887N01019569EA0207302163
B1326354726892N01019571EA0207502165
B1326364726895N01019572EA0207902168
B1326374726897N01019574EA0208102170
B1326384726900N01019575EA0208302171
B1326394726902N01019575EA0208302172
B1326404726905N01019575EA0208402172
B1326414726909N01019576EA0208402173
B1326424726912N01019575EA0208502176
B1326434726916N01019575EA0208702177
B1326444726919N01019576EA0208802177
B1326454726922N01019576EA0208902178
B1326464726925N01019577EA0208802178
B1326474726928N01019577EA0208802178
B1326484726931N01019579EA0208802179
B1326494726933N01019579EA0208902179
B1326504726936N01019580EA0209002180
B1326514726938N01019582EA0209202181
B1326524726941N01019584EA0209302182
B1326534726944N01019587EA0209202182
B1326544726947N01019591EA0209102182
B1326554726951N01019594EA0209102183
B1326564726954N01019597EA0209102183
B1326574726958N01019599EA0209202184
B1326584726962N01019601EA0209302186
B1326594726965N01019603EA0209402187
B1327004726968N01019604EA0209402187
B1327014726971N01019606EA0209402187
B1327024726974N01019608EA0209402187
B1327034726977N01019610EA0209502188
B1327044726981N01019612EA0209602189
B1327054726984N01019614EA0209602189
B1327064726987N01019616EA0209802189
B1327074726991N01019618EA0209702189
B1327084726995N01019619EA0209802189
B1327094726998N01019620EA0209802189
B1327104727001N01019621EA0209902189
B1327114727004N01019622EA0210002190
B1327124727007N01019624EA0210102191
B1327134727009N01019625EA0210202190
B1327144727012N01019626EA0210202191
B1327154727014N01019627EA0210302192
B1327164727018N01019627EA0210302193
B1327174727021N01019627EA0210402194
B1327184727024N01019627EA0210402195
B1327194727028N01019627EA0210502196
B1327204727032N01019628EA0210602197
B1327214727036N01019629EA0210702199
B1327224727040N01019630EA0210702200
B1327234727044N01019630EA0210802200
B1327244727048N01019631EA0210902200
B1327254727052N01019632EA0210902200
B1327264727055N01019633EA0211002200
B1327274727059N01019634EA0211102202
B1327284727063N01019636EA0211302204
B1327294727066N01019637EA0211502205
B1327304727070N01019638EA0211602206
B1327314727073N01019640EA0211702206
B1327324727077N01019642EA0211802208
B1327334727080N01019644EA0211902209
B1327344727083N01019646EA0212002210
B1327354727087N01019647EA0212002210
B1327364727089N01019649EA0212002210
B1327374727093N01019650EA0212002211
B1327384727096N01019651EA0212002211
B1327394727100N01019653EA0212102212
B1327404727104N01019655EA0212302213
B1327414727107N01019657EA0212402214
B1327424727111N01019659EA0212502215
B1327434727114N01019661EA0212502214
B1327444727118N01019663EA0212602214
B1327454727121N01019666EA0212702214
B1327464727125N01019667EA0212802217
B1327474727128N01019669EA0212902220
B1327484727133N01019671EA0213002222
B1327494727136N01019674EA0213102225
B1327504727140N01019676EA0213202226
B1327514727143N01019677EA0213302229
B1327524727146N01019678EA0213402229
B1327534727149N01019679EA0213402230
B1327544727153N01019681EA0213502231
B1327554727156N01019682EA0213502231
B1327564727160N01019683EA0213502232
B1327574727164N01019685EA0213502231
B1327584727167N01019687EA0213602232
B1327594727170N01019689EA0213502232
B1328004727174N01019691EA0213402231
B1328014727178N01019694EA0213302230
B1328024727182N01019697EA0213302229
B1328034727185N01019700EA0213202228
B1328044727189N01019703EA0213102228
B1328054727193N01019707EA0213102227
B1328064727197N01019710EA0213102226
B1328074727202N01019712EA0213002226
B1328084727205N01019715EA0213002227
B1328094727209N01019717EA0212802226
B1328104727213N01019720EA0212702226
B1328114727218N01019723EA0212602225
B1328124727222N01019724EA0212602224
B1328134727227N01019726EA0212502224
B1328144727232N01019727EA0212502222
B1328154727236N01019729EA0212502222
B1328164727240N01019731EA0212502222
B1328174727244N01019733EA0212502222
B1328184727248N01019736EA0212602220
B1328194727252N01019737EA0212602220
B1328204727256N01019739EA0212602219
B1328214727259N01019740EA0212602219
B1328224727262N01019742EA0212502220
B1328234727266N01019744EA0212402220
B1328244727270N01019744EA0212502219
B1328254727273N01019745EA0212502218
B1328264727276N01019746EA0212602217
B1328274727279N01019747EA0212602218
B1328284727282N01019749EA0212602219
B1328294727287N01019751EA0212602219
B1328304727291N01019753EA0212602220
B1328314727295N01019756EA0212602221
B1328324727299N01019758EA0212602222
B1328334727302N01019760EA0212702222
B1328344727306N01019761EA0212702222
B1328354727309N01019764EA0212702221
B1328364727313N01019766EA0212702221
B1328374727317N01019767EA0212502220
B1328384727320N01019769EA0212502219
B1328394727324N01019770EA0212402218
B1328404727328N01019772EA0212302216
B1328414727332N01019773EA0212202215
B1328424727336N01019775EA0212102214
B1328434727341N01019776EA0212002213
B1328444727345N01019778EA0211902212
B1328454727349N01019779EA0211802210
B1328464727354N01019781EA0211702209
B1328474727358N01019782EA0211702209
B1328484727362N01019783EA0211602208
B1328494727366N01019785EA0211602207
B1328504727371N01019788EA0211502207
B1328514727376N01019791EA0211402206
B1328524727381N01019794EA0211402205
B1328534727386N01019797EA0211202204
B1328544727390N01019799EA0211002200
B1328554727395N01019801EA0210802197
B1328564727399N01019803EA0210602196
B1328574727404N01019804EA0210502194
B1328584727409N01019806EA0210302192
B1328594727413N01019807EA0210102192
B1329004727418N01019809EA0210002191
B1329014727422N01019811EA0209802188
B1329024727427N01019813EA0209602185
B1329034727431N01019816EA0209402183
B1329044727436N01019817EA0209202181
B1329054727441N01019819EA0209102181
B1329064727446N01019822EA0208902180
B1329074727451N01019824EA0208802179
B1329084727456N01019827EA0208602178
B1329094727461N01019829EA0208402176
B1329104727465N01019831EA0208202175
B1329114727470N01019833EA0208102173
B1329124727474N01019836EA0207902171
B1329134727480N01019838EA0207902169
B1329144727485N01019840EA0207702168
B1329154727490N01019843EA0207602167
B1329164727494N01019847EA0207502165
B1329174727499N01019850EA0207302164
B1329184727503N01019854EA0207202162
B1329194727507N01019859EA0207002159
B1329204727511N01019864EA0206902158
B1329214727515N01019869EA0206802158
B1329224727520N01019873EA0206802157
B1329234727524N01019876EA0206802156
B1329244727527N01019880EA0206702155
B1329254727530N01019884EA0206702154
B1329264727534N01019889EA0206502154
B1329274727538N01019892EA0206402153
B1329284727543N01019894EA0206302151
B1329294727547N01019897EA0206402152
B1329304727550N01019901EA0206402152
B1329314727554N01019906EA0206402152
B1329324727557N01019909EA0206402152
B1329334727560N01019911EA0206202152
B1329344727563N01019913EA0206102151
B1329354727567N01019916EA0206102150
B1329364727571N01019920EA0206002151
B1329374727574N01019923EA0206202152
B1329384727579N01019926EA0206302153
B1329394727582N01019928EA0206402153
B1329404727586N01019931EA0206502155
B1329414727589N01019934EA0206602154
B1329424727593N01019939EA0206702158
B1329434727596N01019943EA0206802161
B1329444727599N01019946EA0207102164
B1329454727603N01019949EA0207402164
B1329464727605N01019953EA0207502165
B1329474727607N01019958EA0207602166
B1329484727609N01019963EA0207602164
B1329494727612N01019968EA0207602164
B1329504727615N01019973EA0207602165
B1329514727617N01019978EA0207702168
B1329524727621N01019980EA0207902170
B1329534727624N01019983EA0208202173
B1329544727625N01019986EA0208602175
B1329554727626N01019988EA0208702177
B1329564727627N01019991EA0208702177
B1329574727629N01019995EA0208702176
B1329584727631N01019998EA0208502177
B1329594727633N01020001EA0208602176
B1330004727634N01020003EA0208702177
B1330014727635N01020007EA0208902180
B1330024727637N01020011EA0209102180
B1330034727638N01020014EA0209202180
B1330044727640N01020018EA0209302183
B1330054727642N01020022EA0209402184
B1330064727644N01020026EA0209402183
B1330074727646N01020030EA0209502184
B1330084727648N01020033EA0209502183
B1330094727651N01020036EA0209502186
B1330104727654N01020038EA0209702187
B1330114727657N01020039EA0210002190
B1330124727659N01020041EA0210302192
B1330134727661N01020044EA0210602195
B1330144727664N01020047EA0210702197
B1330154727667N01020050EA0210902199
B1330164727670N01020053EA0210902200
B1330174727674N01020057EA0211002201
B1330184727678N01020060EA0211002202
B1330194727683N01020062EA0211202203
B1330204727687N01020065EA0211302204
B1330214727690N01020067EA0211302205
B1330224727693N01020070EA0211302206
B1330234727696N01020072EA0211402206
B1330244727700N01020073EA0211402207
B1330254727703N01020073EA0211502207
B1330264727707N01020074EA0211402207
B1330274727710N01020075EA0211302206
B1330284727714N01020076EA0211302206
B1330294727717N01020078EA0211102204
B1330304727721N01020080EA0211002203
B1330314727724N01020082EA0210902202
B1330324727728N01020085EA0210702201
B1330334727732N01020088EA0210502200
B1330344727736N01020090EA0210502199
B1330354727741N01020093EA0210402199
B1330364727745N01020096EA0210502199
B1330374727750N01020098EA0210402198
B1330384727754N01020101EA0210402198
B1330394727759N01020104EA0210402198
B1330404727764N01020106EA0210402199
B1330414727768N01020109EA0210502198
B1330424727772N01020112EA0210402199
B1330434727777N01020116EA0210402199
B1330444727781N01020119EA0210302198
B1330454727786N01020123EA0210202196
B1330464727790N01020126EA0210102196
B1330474727794N01020129EA0210002196
B1330484727798N01020133EA0209902194
B1330494727802N01020135EA0209802193
B1330504727807N01020138EA0209702192
B1330514727811N01020140EA0209502189
B1330524727816N01020143EA0209302186
B1330534727821N01020147EA0209402187
B1330544727826N01020152EA0209602190
B1330554727831N01020157EA0210002193
B1330564727833N01020162EA0210302196
B1330574727836N01020165EA0210302196
B1330584727839N01020167EA0210202194
B1330594727843N01020168EA0210202196
B1331004727847N01020169EA0210102196
B1331014727850N01020170EA0210302198
B1331024727853N01020170EA0210302199
B1331034727855N01020171EA0210102198
B1331044727858N01020171EA0209902195
B1331054727862N01020172EA0209602193
B1331064727866N01020173EA0209502193
B1331074727870N01020174EA0209502191
B1331084727874N01020176EA0209402191
B1331094727877N01020178EA0209402190
B1331104727881N01020181EA0209302188
B1331114727885N01020184EA0209102187
B1331124727890N01020185EA0209002186
B1331134727894N01020187EA0208902184
B1331144727899N01020189EA0208902184
B1331154727904N01020192EA0208802183
B1331164727908N01020195EA0208802181
B1331174727912N01020197EA0208702179
B1331184727916N01020201EA0208602177
B1331194727920N01020203EA0208502175
B1331204727925N01020206EA0208302173
B1331214727929N01020208EA0208202173
B1331224727933N01020212EA0208002172
B1331234727938N01020214EA0207902171
B1331244727942N01020217EA0207702169
B1331254727947N01020219EA0207702168
B1331264727951N01020221EA0207602168
B1331274727956N01020223EA0207602167
B1331284727960N01020226EA0207402164
B1331294727964N01020228EA0207202162
B1331304727969N01020230EA0207002159
B1331314727974N01020232EA0206802157
B1331324727979N01020234EA0206502156
B1331334727986N01020236EA0206502156
B1331344727991N01020240EA0206502156
B1331354727995N01020243EA0206402154
B1331364728000N01020246EA0206202152
B1331374728005N01020249EA0206002152
B1331384728010N01020253EA0205802150
B1331394728016N01020256EA0205702150
B1331404728022N01020260EA0205602149
B1331414728027N01020263EA0205502148
B1331424728032N01020266EA0205402147
B1331434728037N01020270EA0205302146
B1331444728042N01020273EA0205202144
B1331454728048N01020275EA0205102143
B1331464728054N01020277EA0204902143
B1331474728060N01020279EA0205002142
B1331484728065N01020282EA0205002144
B1331494728071N01020286EA0205202145
B1331504728076N01020290EA0205202146
B1331514728081N01020294EA0205302146
B1331524728086N01020297EA0205302146
B1331534728091N01020302EA0205402148
B1331544728096N01020306EA0205502149
B1331554728101N01020309EA0205402148
B1331564728105N01020313EA0205302147
B1331574728110N01020318EA0205202146
B1331584728114N01020322EA0205002145
B1331594728119N01020326EA0204902142
B1332004728123N01020330EA0204702142
B1332014728127N01020333EA0204702143
B1332024728130N01020337EA0204602143
B1332034728134N01020339EA0204402142
B1332044728138N01020341EA0204202138
B1332054728143N01020343EA0204102135
B1332064728147N01020345EA0204002135
B1332074728152N01020348EA0203902134
B1332084728156N01020352EA0203802133
B1332094728160N01020355EA0203702131
B1332104728165N01020358EA0203402127
B1332114728170N01020361EA0203402126
B1332124728175N01020363EA0203302125
B1332134728180N01020365EA0203202122
B1332144728184N01020368EA0203002121
B1332154728189N01020372EA0203002118
B1332164728193N01020375EA0202702116
B1332174728198N01020378EA0202502114
B1332184728203N01020382EA0202202112
B1332194728209N01020385EA0202102109
B1332204728214N01020388EA0201902108
B1332214728219N01020391EA0201702107
B1332224728224N01020396EA0201502105
B1332234728230N01020398EA0201302101
B1332244728236N01020402EA0201102099
B1332254728242N01020405EA0200902097
B1332264728249N01020408EA0200902096
B1332274728255N01020411EA0200802095
B1332284728260N01020414EA0200902093
B1332294728266N01020418EA0200902094
B1332304728271N01020422EA0201002096
B1332314728277N01020427EA0201002096
B1332324728283N01020431EA0201002096
B1332334728289N01020436EA0201002097
B1332344728295N01020440EA0201102096
B1332354728301N01020444EA0201202097
B1332364728307N01020448EA0201202097
B1332374728313N01020452EA0201202099
B1332384728320N01020455EA0201302100
B1332394728326N01020460EA0201502105
B1332404728332N01020464EA0201802108
B1332414728338N01020468EA0202002111
B1332424728343N01020472EA0202202114
B1332434728348N01020476EA0202302114
B1332444728352N01020480EA0202302116
B1332454728358N01020482EA0202302116
B1332464728363N01020484EA0202402116
B1332474728369N01020487EA0202602118
B1332484728374N01020490EA0202802119
B1332494728379N01020493EA0203002121
B1332504728384N01020496EA0203202123
B1332514728388N01020500EA0203402125
B1332524728392N01020503EA0203602127
B1332534728396N01020506EA0203702128
B1332544728401N01020510EA0203802129
B1332554728405N01020513EA0203902130
B1332564728410N01020515EA0204002133
B1332574728414N01020517EA0204102132
B1332584728419N01020519EA0204102134
B1332594728424N01020521EA0204302136
B1333004728429N01020522EA0204402137
B1333014728434N01020522EA0204502138
B1333024728439N01020523EA0204502139
B1333034728444N01020525EA0204702141
B1333044728448N01020527EA0204802143
B1333054728453N01020529EA0204802142
B1333064728458N01020530EA0204802142
B1333074728463N01020529EA0204702142
B1333084728467N01020529EA0204802143
B1333094728471N01020528EA0204802144
B1333104728475N01020527EA0205002145
B1333114728479N01020526EA0205202148
B1333124728484N01020525EA0205402150
B1333134728487N01020525EA0205602151
B1333144728491N01020524EA0205702153
B1333154728494N01020524EA0205702152
B1333164728497N01020523EA0205802152
B1333174728501N01020523EA0205702152
B1333184728505N01020523EA0205802152
B1333194728509N01020523EA0205802153
B1333204728511N01020522EA0205802153
B1333214728513N01020522EA0205702152
B1333224728514N01020521EA0205602151
B1333234728514N01020519EA0205602151
B1333244728515N01020517EA0205702150
B1333254728516N01020516EA0205702149
B1333264728519N01020515EA0205602150
B1333274728522N01020512EA0205702151
B1333284728525N01020511EA0206002152
B1333294728527N01020510EA0206102153
B1333304728530N01020509EA0206302153
B1333314728534N01020509EA0206302152
B1333324728536N01020508EA0206202152
B1333334728540N01020507EA0206102152
B1333344728544N01020504EA0206202153
B1333354728546N01020502EA0206102156
B1333364728549N01020499EA0206302158
B1333374728551N01020497EA0206402158
B1333384728553N01020496EA0206502158
B1333394728556N01020496EA0206602160
B1333404728558N01020496EA0206602159
B1333414728559N01020496EA0206702160
B1333424728562N01020495EA0206602159
B1333434728563N01020495EA0206702158
B1333444728566N01020495EA0206702158
B1333454728569N01020496EA0206802159
B1333464728572N01020496EA0206802158
B1333474728575N01020496EA0206802157
B1333484728578N01020497EA0206702157
B1333494728581N01020497EA0206802157
B1333504728584N01020498EA0206702157
B1333514728588N01020499EA0206702155
B1333524728591N01020500EA0206702156
B1333534728595N01020500EA0206602155
B1333544728598N01020501EA0206602155
B1333554728601N01020501EA0206502153
B1333564728604N01020501EA0206402153
B1333574728608N01020500EA0206302153
B1333584728611N01020498EA0206202150
B1333594728615N01020496EA0206202151
B1334004728619N01020495EA0206102151
B1334014728622N01020494EA0206002151
B1334024728626N01020493EA0205902149
B1334034728630N01020491EA0205802148
B1334044728633N01020489EA0205702148
B1334054728636N01020487EA0205602147
B1334064728639N01020486EA0205402146
B1334074728643N01020485EA0205302146
B1334084728647N01020484EA0205202144
B1334094728651N01020483EA0205102143
B1334104728655N01020482EA0205002142
B1334114728659N01020481EA0204902141
B1334124728663N01020481EA0204802141
B1334134728667N01020480EA0204602139
B1334144728672N01020479EA0204502138
B1334154728675N01020478EA0204302137
B1334164728679N01020476EA0204002135
B1334174728683N01020476EA0203902133
B1334184728687N01020475EA0203702131
B1334194728691N01020475EA0203502128
B1334204728695N01020473EA0203302125
B1334214728699N01020471EA0203102123
B1334224728704N01020470EA0202902121
B1334234728708N01020469EA0202802119
B1334244728712N01020468EA0202802118
B1334254728716N01020467EA0202502116
B1334264728719N01020465EA0202302115
B1334274728723N01020464EA0202202113
B1334284728727N01020463EA0202002111
B1334294728732N01020462EA0201902110
B1334304728736N01020464EA0201802110
B1334314728740N01020466EA0201702108
B1334324728744N01020468EA0201502105
B1334334728749N01020473EA0201302103
B1334344728754N01020477EA0201002102
B1334354728760N01020483EA0200902098
B1334364728766N01020491EA0200802096
B1334374728771N01020500EA0200702093
B1334384728777N01020510EA0200502091
B1334394728782N01020519EA0200202089
B1334404728787N01020530EA0200102088
B1334414728792N01020540EA0200102088
B1334424728796N01020552EA0200102087
B1334434728801N01020563EA0200102086
B1334444728806N01020575EA0199902087
B1334454728810N01020587EA0200002087
B1334464728814N01020599EA0200002087
B1334474728818N01020610EA0199902086
B1334484728821N01020622EA0199802084
B1334494728825N01020635EA0199702083
B1334504728829N01020649EA0199602083
B1334514728833N01020661EA0199802083
B1334524728837N01020673EA0200102085
B1334534728840N01020685EA0200302087
B1334544728843N01020697EA0200502089
B1334554728844N01020711EA0200702092
B1334564728846N01020726EA0200902096
B1334574728848N01020740EA0201402100
B1334584728851N01020753EA0201902105
B1334594728854N01020765EA0202202109
B1335004728857N01020777EA0202602111
B1335014728860N01020789EA0203102115
B1335024728863N01020801EA0203402117
B1335034728866N01020810EA0203602118
B1335044728870N01020817EA0203602120
B1335054728875N01020822EA0203702120
B1335064728879N01020825EA0203802122
B1335074728882N01020827EA0204002124
B1335084728883N01020828EA0204102126
B1335094728883N01020828EA0204102127
B1335104728882N01020826EA0204202128
B1335114728879N01020826EA0204302128
B1335124728875N01020830EA0204302129
B1335134728869N01020836EA0204402131
B1335144728864N01020844EA0204602132
B1335154728860N01020852EA0204902134
B1335164728856N01020862EA0205102137
B1335174728854N01020873EA0205302140
B1335184728853N01020886EA0205502142
B1335194728854N01020900EA0205702146
B1335204728856N01020911EA0206002148
B1335214728859N01020921EA0206202150
B1335224728862N01020928EA0206302153
B1335234728866N01020933EA0206502154
B1335244728869N01020938EA0206602158
B1335254728872N01020939EA0206702158
B1335264728874N01020938EA0206702159
B1335274728874N01020936EA0206902161
B1335284728873N01020934EA0206902162
B1335294728870N01020932EA0207102164
B1335304728866N01020933EA0207302165
B1335314728861N01020935EA0207402167
B1335324728855N01020939EA0207502168
B1335334728849N01020946EA0207602169
B1335344728844N01020955EA0207802170
B1335354728840N01020966EA0208002172
B1335364728837N01020980EA0208102175
B1335374728836N01020994EA0208402178
B1335384728837N01021008EA0208802183
B1335394728839N01021020EA0209202187
B1335404728842N01021030EA0209502189
B1335414728846N01021038EA0209902193
B1335424728851N01021044EA0210302198
B1335434728854N01021049EA0210702202
B1335444728858N01021052EA0211002205
B1335454728860N01021053EA0211202207
B1335464728862N01021054EA0211302210
B1335474728863N01021054EA0211602211
B1335484728863N01021053EA0211902213
B1335494728862N01021052EA0212102215
B1335504728859N01021052EA0212202216
B1335514728853N01021055EA0212502221
B1335524728847N01021059EA0212902226
B1335534728842N01021066EA0213402230
B1335544728838N01021074EA0213502231
B1335554728834N01021087EA0213802233
B1335564728832N01021101EA0214102235
B1335574728832N01021114EA0214602239
B1335584728833N01021126EA0214902243
B1335594728837N01021135EA0215102245
B1336004728841N01021143EA0215502248
B1336014728845N01021147EA0215902250
B1336024728848N01021149EA0216202253
B1336034728849N01021149EA0216302255
B1336044728848N01021146EA0216602258
B1336054728846N01021144EA0217002263
B1336064728843N01021145EA0217602268
B1336074728838N01021150EA0218002272
B1336084728833N01021157EA0218102275
B1336094728828N01021168EA0218202278
B1336104728824N01021178EA0218602279
B1336114728822N01021190EA0218902278
B1336124728821N01021204EA0219002281
B1336134728824N01021217EA0219202285
B1336144728827N01021228EA0219602289
B1336154728831N01021236EA0220002292
B1336164728835N01021241EA0220502296
B1336174728838N01021244EA0220702298
B1336184728840N01021244EA0220902300
B1336194728841N01021244EA0221302303
B1336204728840N01021241EA0221602303
B1336214728838N01021240EA0221902306
B1336224728834N01021242EA0222102309
B1336234728829N01021246EA0222402313
B1336244728824N01021254EA0222702316
B1336254728819N01021264EA0223002320
B1336264728815N01021275EA0223202323
B1336274728812N01021287EA0223402325
B1336284728809N01021300EA0223602325
B1336294728809N01021313EA0223702325
B1336304728810N01021326EA0224102330
B1336314728812N01021338EA0224502334
B1336324728815N01021346EA0224802336
B1336334728820N01021351EA0225102339
B1336344728823N01021354EA0225302341
B1336354728826N01021355EA0225702343
B1336364728827N01021355EA0226002345
B1336374728825N01021353EA0226102348
B1336384728821N01021354EA0226302351
B1336394728815N01021357EA0226702354
B1336404728811N01021363EA0227002356
B1336414728807N01021372EA0227202358
B1336424728803N01021383EA0227402360
B1336434728801N01021396EA0227602361
B1336444728801N01021409EA0227602362
B1336454728803N01021422EA0228002364
B1336464728807N01021432EA0228402367
B1336474728812N01021437EA0228802369
B1336484728816N01021439EA0229102373
B1336494728818N01021438EA0229402377
B1336504728818N01021436EA0229702381
B1336514728816N01021435EA0230002383
B1336524728813N01021435EA0230302387
B1336534728809N01021438EA0230502389
B1336544728803N01021443EA0230602391
B1336554728798N01021451EA0230702392
B1336564728793N01021461EA0230702393
B1336574728789N01021474EA0230602396
B1336584728787N01021489EA0230802398
B1336594728787N01021503EA0231102402
B1337004728789N01021515EA0231402404
B1337014728792N01021525EA0231502408
B1337024728796N01021531EA0231802411
B1337034728800N01021535EA0232202414
B1337044728804N01021536EA0232502417
B1337054728806N01021536EA0232802420
B1337064728807N01021534EA0233002423
B1337074728806N01021531EA0233102425
B1337084728802N01021530EA0233402428
B1337094728797N01021531EA0233502429
B1337104728792N01021537EA0233602430
B1337114728786N01021544EA0233702432
B1337124728781N01021552EA0233902433
B1337134728776N01021564EA0233902436
B1337144728773N01021578EA0233902435
B1337154728773N01021594EA0233702436
B1337164728775N01021608EA0233902436
B1337174728779N01021619EA0233902438
B1337184728783N01021626EA0234402441
B1337194728786N01021632EA0234802446
B1337204728789N01021636EA0235102448
B1337214728793N01021639EA0235302452
B1337224728796N01021641EA0235402453
B1337234728800N01021641EA0235702456
B1337244728801N01021639EA0235902458
B1337254728799N01021635EA0236002458
B1337264728795N01021634EA0236202459
B1337274728788N01021637EA0236202458
B1337284728782N01021643EA0236202457
B1337294728777N01021651EA0236302456
B1337304728772N01021661EA0236302456
B1337314728769N01021672EA0236202454
B1337324728767N01021684EA0236002451
B1337334728766N01021697EA0236102451
B1337344728767N01021710EA0236302453
B1337354728770N01021720EA0236202452
B1337364728774N01021725EA0236302451
B1337374728778N01021729EA0236302451
B1337384728781N01021733EA0236302452
B1337394728784N01021735EA0236402453
B1337404728787N01021735EA0236602455
B1337414728788N01021736EA0236702456
B1337424728788N01021736EA0236902457
B1337434728786N01021734EA0236802458
B1337444728784N01021735EA0236802456
B1337454728780N01021735EA0236702454
B1337464728776N01021737EA0236602454
B1337474728770N01021740EA0236602455
B1337484728764N01021746EA0236502454
B1337494728759N01021756EA0236502454
B1337504728755N01021769EA0236402453
B1337514728752N01021783EA0236502454
B1337524728752N01021796EA0236502454
B1337534728753N01021809EA0236302453
B1337544728755N01021820EA0236202452
B1337554728758N01021832EA0236102451
B1337564728761N01021843EA0236202450
B1337574728765N01021852EA0236202451
B1337584728770N01021859EA0236402453
B1337594728775N01021865EA0236702455
B1338004728779N01021871EA0236902458
B1338014728783N01021875EA0237202461
B1338024728787N01021879EA0237402462
B1338034728791N01021883EA0237502463
B1338044728795N01021886EA0237502462
B1338054728800N01021889EA0237602463
B1338064728806N01021891EA0237702465
B1338074728811N01021893EA0237702466
B1338084728816N01021895EA0237902467
B1338094728821N01021898EA0238002469
B1338104728826N01021901EA0238102471
B1338114728831N01021904EA0238302473
B1338124728836N01021906EA0238602477
B1338134728841N01021907EA0238902481
B1338144728846N01021908EA0239102484
B1338154728850N01021910EA0239202484
B1338164728855N01021911EA0239302485
B1338174728860N01021911EA0239302484
B1338184728865N01021910EA0239302485
B1338194728872N01021909EA0239602487
B1338204728877N01021908EA0239802490
B1338214728881N01021909EA0240202494
B1338224728886N01021910EA0240502497
B1338234728890N01021912EA0240702498
B1338244728895N01021913EA0240802499
B1338254728900N01021916EA0240802501
B1338264728905N01021918EA0241002503
B1338274728911N01021918EA0241202505
B1338284728916N01021918EA0241302507
B1338294728920N01021918EA0241502509
B1338304728924N01021918EA0241702512
B1338314728927N01021919EA0241802514
B1338324728931N01021919EA0241902514
B1338334728934N01021921EA0242202514
B1338344728938N01021923EA0242302514
B1338354728942N01021924EA0242302514
B1338364728945N01021925EA0242402516
B1338374728949N01021925EA0242502519
B1338384728953N01021926EA0242602520
B1338394728956N01021928EA0242702521
B1338404728960N01021929EA0242802523
B1338414728964N01021931EA0242902524
B1338424728968N01021932EA0242902524
B1338434728972N01021933EA0242802523
B1338444728975N01021935EA0242702522
B1338454728979N01021936EA0242502520
B1338464728984N01021938EA0242302519
B1338474728989N01021938EA0242202517
B1338484728994N01021939EA0242202517
B1338494728999N01021938EA0242202517
B1338504729004N01021938EA0242302518
B1338514729009N01021938EA0242402519
B1338524729013N01021939EA0242402518
B1338534729018N01021939EA0242302519
B1338544729023N01021940EA0242302517
B1338554729028N01021941EA0242302518
B1338564729033N01021940EA0242302518
B1338574729039N01021940EA0242302517
B1338584729045N01021940EA0242202516
B1338594729050N01021940EA0242102514
B1339004729055N01021941EA0241902513
B1339014729060N01021941EA0241702512
B1339024729065N01021942EA0241502510
B1339034729071N01021943EA0241302507
B1339044729077N01021944EA0241102504
B1339054729083N01021944EA0240902502
B1339064729089N01021943EA0240702500
B1339074729096N01021942EA0240602498
B1339084729102N01021943EA0240502497
B1339094729108N01021944EA0240302494
B1339104729114N01021945EA0240102493
B1339114729121N01021946EA0239902491
B1339124729128N01021947EA0239802489
B1339134729136N01021948EA0239502488
B1339144729144N01021950EA0239402487
B1339154729151N01021953EA0239402486
B1339164729158N01021957EA0239402485
B1339174729164N01021961EA0239202483
B1339184729171N01021964EA0239102482
B1339194729179N01021968EA0238902481
B1339204729186N01021972EA0238702479
B1339214729193N01021975EA0238602478
B1339224729200N01021979EA0238502476
B1339234729208N01021982EA0238302474
B1339244729215N01021986EA0238002471
B1339254729222N01021990EA0237702469
B1339264729229N01021993EA0237302464
B1339274729237N01021996EA0236902458
B1339284729245N01021999EA0236602455
B1339294729253N01022002EA0236202452
B1339304729261N01022005EA0236202450
B1339314729269N01022008EA0236102450
B1339324729275N01022012EA0236102447
B1339334729281N01022015EA0235802443
B1339344729287N01022020EA0235402439
B1339354729294N01022025EA0234902437
B1339364729302N01022029EA0234702433
B1339374729310N01022034EA0234602432
B1339384729317N01022040EA0234902436
B1339394729324N01022045EA0235002435
B1339404729330N01022051EA0235002437
B1339414729334N01022060EA0235002438
B1339424729339N01022067EA0234802436
B1339434729344N01022074EA0234502435
B1339444729350N01022079EA0234302432
B1339454729357N01022084EA0234202431
B1339464729363N01022088EA0234102430
B1339474729369N01022092EA0233902430
B1339484729375N01022096EA0233802428
B1339494729381N01022102EA0233602426
B1339504729387N01022107EA0233202424
B1339514729393N01022112EA0232902421
B1339524729399N01022118EA0232702419
B1339534729405N01022123EA0232402415
B1339544729411N01022129EA0232102414
B1339554729418N01022134EA0231902409
B1339564729424N01022139EA0231902409
B1339574729431N01022143EA0231702409
B1339584729439N01022147EA0231902409
B1339594729446N01022150EA0231902410
B1340004729453N01022153EA0232002410
B1340014729460N01022155EA0232102411
B1340024729466N01022157EA0232402412
B1340034729472N01022158EA0232602414
B1340044729477N01022161EA0232702414
B1340054729483N01022163EA0232802415
B1340064729489N01022166EA0232902417
B1340074729496N01022168EA0233102419
B1340084729501N01022170EA0233402420
B1340094729505N01022173EA0233602424
B1340104729510N01022176EA0233802426
B1340114729514N01022177EA0233802425
B1340124729520N01022179EA0233702425
B1340134729525N01022181EA0233702424
B1340144729531N01022183EA0233602425
B1340154729538N01022184EA0233502422
B1340164729544N01022187EA0233402421
B1340174729550N01022190EA0233302420
B1340184729556N01022192EA0233302421
B1340194729562N01022194EA0233302421
B1340204729568N01022198EA0233202419
B1340214729574N01022201EA0233102419
B1340224729581N01022205EA0232902417
B1340234729588N01022209EA0232702415
B1340244729594N01022213EA0232302413
B1340254729601N01022217EA0232202411
B1340264729607N01022221EA0232102410
B1340274729612N01022225EA0232002410
B1340284729618N01022229EA0231902408
B1340294729623N01022233EA0231502403
B1340304729628N01022238EA0231102398
B1340314729635N01022243EA0230602393
B1340324729642N01022248EA0230302389
B1340334729650N01022252EA0230102387
B1340344729657N01022257EA0230202388
B1340354729662N01022264EA0230302390
B1340364729666N01022270EA0230402391
B1340374729670N01022275EA0230302388
B1340384729674N01022279EA0230102387
B1340394729678N01022283EA0229902385
B1340404729683N01022286EA0229702382
B1340414729688N01022289EA0229602380
B1340424729693N01022291EA0229602380
B1340434729697N01022294EA0229602379
B1340444729701N01022298EA0229602378
B1340454729705N01022301EA0229402377
B1340464729709N01022306EA0229302376
B1340474729714N01022309EA0229102375
B1340484729719N01022312EA0229002373
B1340494729723N01022315EA0228902372
B1340504729728N01022319EA0228702371
B1340514729733N01022321EA0228602369
B1340524729738N01022323EA0228402369
B1340534729743N01022325EA0228402369
B1340544729748N01022327EA0228302369
B1340554729753N01022328EA0228302368
B1340564729758N01022331EA0228202368
B1340574729762N01022335EA0228102367
B1340584729767N01022337EA0227802364
B1340594729773N01022340EA0227602362
B1341004729778N01022342EA0227402359
B1341014729783N01022344EA0227302359
B1341024729788N01022346EA0227102359
B1341034729793N01022348EA0226902357
B1341044729798N01022351EA0226602352
B1341054729802N01022354EA0226202348
B1341064729807N01022356EA0225802345
B1341074729812N01022358EA0225502341
B1341084729817N01022360EA0225202340
B1341094729822N01022362EA0225002339
B1341104729827N01022364EA0224702335
B1341114729831N01022368EA0224302334
B1341124729836N01022371EA0223802330
B1341134729842N01022373EA0223302324
B1341144729848N01022375EA0223002320
B1341154729854N01022377EA0222602315
B1341164729860N01022380EA0222202312
B1341174729865N01022384EA0221902308
B1341184729871N01022388EA0221602305
B1341194729877N01022391EA0221302301
B1341204729882N01022395EA0221002299
B1341214729888N01022400EA0220802296
B1341224729894N01022404EA0220502293
B1341234729899N01022409EA0220302291
B1341244729905N01022413EA0220002288
B1341254729910N01022417EA0219702284
B1341264729915N01022421EA0219402281
B1341274729921N01022426EA0219002276
B1341284729926N01022430EA0218702272
B1341294729932N01022434EA0218302269
B1341304729937N01022438EA0217902265
B1341314729943N01022443EA0217602262
B1341324729948N01022447EA0217502260
B1341334729954N01022451EA0217102258
B1341344729959N01022454EA0216902256
B1341354729965N01022456EA0216602250
B1341364729970N01022459EA0216302247
B1341374729974N01022462EA0216202245
B1341384729979N01022465EA0216002245
B1341394729984N01022469EA0215902243
B1341404729988N01022474EA0215502240
B1341414729993N01022478EA0215202238
B1341424729999N01022483EA0214902234
B1341434730004N01022487EA0214602231
B1341444730009N01022490EA0214302226
B1341454730015N01022493EA0214102224
B1341464730020N01022497EA0213802220
B1341474730024N01022501EA0213602218
B1341484730028N01022504EA0213302214
B1341494730034N01022508EA0213102210
B1341504730040N01022512EA0212802209
B1341514730045N01022518EA0212602208
B1341524730050N01022521EA0212302205
B1341534730055N01022524EA0211902203
B1341544730060N01022527EA0211602201
B1341554730065N01022532EA0211302199
B1341564730070N01022536EA0211002195
B1341574730075N01022539EA0210702191
B1341584730080N01022542EA0210402188
B1341594730085N01022544EA0210202186
B1342004730090N01022548EA0210002185
B1342014730095N01022551EA0209802182
B1342024730100N01022555EA0209602180
B1342034730104N01022558EA0209202176
B1342044730109N01022561EA0209102173
B1342054730114N01022564EA0208702170
B1342064730120N01022566EA0208502168
B1342074730126N01022567EA0208302167
B1342084730131N01022568EA0208302166
B1342094730136N01022570EA0208302168
B1342104730140N01022572EA0208302168
B1342114730144N01022574EA0208202165
B1342124730147N01022576EA0207802163
B1342134730152N01022577EA0207502160
B1342144730157N01022578EA0207302159
B1342154730162N01022579EA0207202159
B1342164730166N01022581EA0207102159
B1342174730170N01022582EA0206802157
B1342184730174N01022583EA0206602155
B1342194730179N01022583EA0206202152
B1342204730184N01022582EA0206002152
B1342214730189N01022583EA0205802152
B1342224730193N01022584EA0205802150
B1342234730197N01022584EA0205702148
B1342244730200N01022584EA0205502146
B1342254730203N01022586EA0205202143
B1342264730207N01022587EA0204802140
B1342274730212N01022588EA0204602137
B1342284730217N01022588EA0204302135
B1342294730222N01022589EA0204202132
B1342304730227N01022590EA0204002132
B1342314730231N01022592EA0203802130
B1342324730235N01022593EA0203602128
B1342334730240N01022594EA0203402127
B1342344730245N01022595EA0203102124
B1342354730249N01022596EA0202802121
B1342364730255N01022596EA0202502119
B1342374730260N01022596EA0202402116
B1342384730264N01022597EA0202102113
B1342394730269N01022599EA0201802110
B1342404730274N01022600EA0201602107
B1342414730279N01022602EA0201302104
B1342424730285N01022604EA0201002101
B1342434730289N01022606EA0200702098
B1342444730295N01022608EA0200302095
B1342454730301N01022610EA0199802090
B1342464730307N01022612EA0199402086
B1342474730314N01022613EA0199002083
B1342484730319N01022615EA0198502079
B1342494730325N01022617EA0198202074
B1342504730331N01022619EA0197902069
B1342514730336N01022621EA0197602065
B1342524730342N01022624EA0197102061
B1342534730349N01022626EA0196602056
B1342544730354N01022629EA0196202051
B1342554730360N01022632EA0195902049
B1342564730366N01022635EA0195602044
B1342574730371N01022638EA0195202042
B1342584730377N01022642EA0194902038
B1342594730383N01022646EA0194602035
B1343004730389N01022649EA0194202031
B1343014730395N01022652EA0193802026
B1343024730401N01022655EA0193402023
B1343034730407N01022658EA0193202020
B1343044730412N01022662EA0192802019
B1343054730419N01022665EA0192402015
B1343064730425N01022668EA0192002012
B1343074730430N01022670EA0191702008
B1343084730437N01022672EA0191302003
B1343094730443N01022675EA0190901999
B1343104730449N01022678EA0190501997
B1343114730455N01022681EA0190301994
B1343124730461N01022684EA0190001991
B1343134730467N01022687EA0189701987
B1343144730474N01022690EA0189201983
B1343154730482N01022692EA0189001979
B1343164730488N01022696EA0188901978
B1343174730494N01022699EA0188701976
B1343184730500N01022701EA0188401973
B1343194730506N01022703EA0188001969
B1343204730513N01022706EA0187701965
B1343214730520N01022709EA0187601963
B1343224730526N01022711EA0187401961
B1343234730532N01022714EA0187301962
B1343244730538N01022717EA0187101961
B1343254730544N01022720EA0187001960
B1343264730549N01022723EA0186801958
B1343274730555N01022726EA0186601957
B1343284730561N01022728EA0186401954
B1343294730567N01022730EA0186301953
B1343304730574N01022733EA0186201953
B1343314730579N01022736EA0186201953
B1343324730585N01022738EA0186101948
B1343334730590N01022739EA0185801947
B1343344730596N01022740EA0185601944
B1343354730602N01022741EA0185401943
B1343364730607N01022743EA0185401944
B1343374730612N01022745EA0185401945
B1343384730616N01022746EA0185201942
B1343394730621N01022747EA0184901940
B1343404730626N01022747EA0184601938
B1343414730632N01022746EA0184301936
B1343424730637N01022744EA0184201933
B1343434730642N01022744EA0184101931
B1343444730647N01022743EA0184101931
B1343454730651N01022743EA0183901930
B1343464730656N01022741EA0183801929
B1343474730660N01022740EA0183801927
B1343484730664N01022739EA0183601927
B1343494730669N01022738EA0183401927
B1343504730673N01022737EA0183201926
B1343514730678N01022735EA0183101925
B1343524730681N01022733EA0182901923
B1343534730685N01022731EA0182701922
B1343544730688N01022729EA0182601921
B1343554730692N01022727EA0182401919
B1343564730695N01022726EA0182201918
B1343574730698N01022725EA0182001918
B1343584730703N01022722EA0181901915
B1343594730707N01022720EA0181801914
B1344004730711N01022718EA0181701913
B1344014730715N01022716EA0181501911
B1344024730719N01022714EA0181401909
B1344034730723N01022713EA0181301906
B1344044730728N01022711EA0181101905
B1344054730733N01022710EA0181001905
B1344064730737N01022710EA0180801905
B1344074730742N01022709EA0180701904
B1344084730746N01022708EA0180501901
B1344094730750N01022708EA0180301898
B1344104730754N01022707EA0180201898
B1344114730758N01022706EA0180101898
B1344124730762N01022705EA0180201896
B1344134730766N01022705EA0180101896
B1344144730769N01022704EA0180101895
B1344154730772N01022704EA0180201893
B1344164730775N01022703EA0180101893
B1344174730778N01022702EA0180001894
B1344184730781N01022701EA0180001892
B1344194730783N01022699EA0179901891
B1344204730786N01022698EA0179801889
B1344214730790N01022698EA0179701889
B1344224730794N01022696EA0179701888
B1344234730798N01022695EA0179901889
B1344244730801N01022695EA0180001890
B1344254730803N01022695EA0180001889
B1344264730806N01022694EA0179901888
B1344274730809N01022694EA0179901887
B1344284730812N01022694EA0179901887
B1344294730815N01022695EA0180101887
B1344304730818N01022696EA0180001888
B1344314730821N01022695EA0180001888
B1344324730824N01022694EA0180001888
B1344334730826N01022693EA0180001888
B1344344730830N01022692EA0179901888
B1344354730833N01022692EA0180001889
B1344364730837N01022693EA0180101889
B1344374730840N01022695EA0180201891
B1344384730843N01022696EA0180301892
B1344394730846N01022698EA0180501894
B1344404730849N01022699EA0180501895
B1344414730852N01022701EA0180601898
B1344424730854N01022701EA0180601900
B1344434730857N01022700EA0180601899
B1344444730859N01022698EA0180601899
B1344454730860N01022697EA0180601900
B1344464730861N01022694EA0180601900
B1344474730862N01022690EA0180501899
B1344484730863N01022687EA0180501899
B1344494730864N01022684EA0180401898
B1344504730865N01022681EA0180301897
B1344514730867N01022678EA0180301896
B1344524730870N01022675EA0180301894
B1344534730872N01022673EA0180301894
B1344544730875N01022670EA0180301896
B1344554730878N01022667EA0180401897
B1344564730881N01022666EA0180601898
B1344574730883N01022665EA0180701899
B1344584730885N01022664EA0180701901
B1344594730886N01022665EA0180701901
B1345004730887N01022665EA0180601900
B1345014730889N01022664EA0180501898
B1345024730892N01022664EA0180301898
B1345034730894N01022663EA0180201897
B1345044730897N01022662EA0180201894
B1345054730899N01022660EA0180101894
B1345064730901N01022658EA0180101892
B1345074730902N01022656EA0180001891
B1345084730903N01022655EA0179901889
B1345094730906N01022654EA0179901890
B1345104730908N01022652EA0180001890
B1345114730911N01022652EA0180101890
B1345124730913N01022652EA0180201892
B1345134730916N01022651EA0180401894
B1345144730919N01022652EA0180601896
B1345154730921N01022653EA0180801899
B1345164730922N01022653EA0180801899
B1345174730923N01022652EA0180801900
B1345184730923N01022650EA0180901902
B1345194730921N01022646EA0181101904
B1345204730918N01022644EA0181201904
B1345214730913N01022642EA0181201903
B1345224730906N01022643EA0181301904
B1345234730899N01022648EA0181301905
B1345244730893N01022656EA0181401906
B1345254730888N01022666EA0181501908
B1345264730884N01022676EA0181601907
B1345274730882N01022686EA0181601908
B1345284730880N01022696EA0181601907
B1345294730880N01022707EA0181701908
B1345304730880N01022717EA0181801909
B1345314730880N01022726EA0181701909
B1345324730882N01022733EA0181601907
B1345334730884N01022738EA0181501905
B1345344730887N01022741EA0181301901
B1345354730890N01022741EA0181101900
B1345364730892N01022738EA0180901899
B1345374730892N01022736EA0181001900
B1345384730893N01022733EA0181101901
B1345394730893N01022730EA0181301903
B1345404730895N01022728EA0181301904
B1345414730896N01022727EA0181501905
B1345424730898N01022725EA0181501907
B1345434730900N01022724EA0181801908
B1345444730901N01022723EA0181901909
B1345454730901N01022721EA0182001909
B1345464730902N01022718EA0182101910
B1345474730903N01022717EA0182101911
B1345484730904N01022716EA0182101912
B1345494730907N01022714EA0182101912
B1345504730910N01022711EA0182101914
B1345514730912N01022710EA0182101915
B1345524730914N01022708EA0182101913
B1345534730916N01022706EA0182001912
B1345544730919N01022704EA0182101913
B1345554730921N01022701EA0182201915
B1345564730923N01022699EA0182201917
B1345574730926N01022698EA0182301916
B1345584730929N01022697EA0182201916
B1345594730931N01022697EA0182101916
B1346004730934N01022695EA0182001915
B1346014730937N01022694EA0181901914
B1346024730940N01022692EA0181801914
B1346034730943N01022690EA0181801914
B1346044730946N01022690EA0181801914
B1346054730948N01022689EA0181701914
B1346064730952N01022688EA0181701913
B1346074730954N01022687EA0181701910
B1346084730956N01022687EA0181601910
B1346094730959N01022687EA0181701910
B1346104730961N01022688EA0181601909
B1346114730964N01022688EA0181501908
B1346124730966N01022688EA0181501910
B1346134730969N01022688EA0181701912
B1346144730971N01022689EA0181801913
B1346154730974N01022689EA0181901914
B1346164730977N01022690EA0182001914
B1346174730980N01022691EA0182101914
B1346184730984N01022691EA0182201916
B1346194730987N01022692EA0182301917
B1346204730989N01022691EA0182501919
B1346214730991N01022691EA0182701920
B1346224730993N01022691EA0182801922
B1346234730995N01022692EA0183001924
B1346244730998N01022692EA0183001924
B1346254731001N01022691EA0183001925
B1346264731004N01022691EA0183101926
B1346274731007N01022692EA0183201927
B1346284731009N01022693EA0183301929
B1346294731011N01022694EA0183401930
B1346304731013N01022696EA0183401931
B1346314731016N01022697EA0183501931
B1346324731018N01022698EA0183501931
B1346334731021N01022699EA0183401931
B1346344731024N01022699EA0183301930
B1346354731026N01022700EA0183301930
B1346364731028N01022700EA0183301929
B1346374731030N01022700EA0183301930
B1346384731033N01022700EA0183301929
B1346394731036N01022700EA0183301929
B1346404731038N01022701EA0183301929
B1346414731041N01022702EA0183301929
B1346424731043N01022703EA0183201929
B1346434731045N01022703EA0183101928
B1346444731048N01022703EA0183201928
B1346454731050N01022703EA0183201929
B1346464731053N01022702EA0183201929
B1346474731055N01022702EA0183201929
B1346484731058N01022702EA0183301929
B1346494731061N01022701EA0183401930
B1346504731064N01022701EA0183501930
B1346514731068N01022700EA0183601930
B1346524731071N01022699EA0183601930
B1346534731075N01022698EA0183601931
B1346544731078N01022697EA0183601931
B1346554731082N01022696EA0183701933
B1346564731085N01022695EA0183701934
B1346574731089N01022695EA0183701934
B1346584731091N01022695EA0183601934
B1346594731094N01022694EA0183501931
B1347004731097N01022694EA0183401929
B1347014731100N01022694EA0183001926
B1347024731103N01022694EA0182801924
B1347034731107N01022692EA0182701923
B1347044731110N01022691EA0182701922
B1347054731114N01022689EA0182701920
B1347064731117N01022688EA0182601920
B1347074731120N01022686EA0182701918
B1347084731124N01022685EA0182601918
B1347094731128N01022685EA0182601917
B1347104731131N01022684EA0182501916
B1347114731134N01022683EA0182501915
B1347124731136N01022681EA0182401914
B1347134731139N01022678EA0182301914
B1347144731141N01022675EA0182201913
B1347154731144N01022673EA0182101912
B1347164731147N01022672EA0182101911
B1347174731149N01022672EA0182001910
B1347184731153N01022670EA0181801909
B1347194731155N01022668EA0181701907
B1347204731158N01022665EA0181501906
B1347214731160N01022663EA0181401905
B1347224731162N01022661EA0181301903
B1347234731165N01022659EA0181201901
B1347244731168N01022657EA0180901900
B1347254731171N01022655EA0180701899
B1347264731174N01022652EA0180601897
B1347274731177N01022649EA0180301896
B1347284731180N01022648EA0180201893
B1347294731183N01022647EA0180201892
B1347304731186N01022646EA0180001889
B1347314731189N01022645EA0179901888
B1347324731192N01022642EA0179801887
B1347334731196N01022639EA0179801887
B1347344731198N01022637EA0179901888
B1347354731201N01022634EA0180001887
B1347364731204N01022633EA0180001886
B1347374731206N01022632EA0179901885
B1347384731210N01022631EA0179701884
B1347394731213N01022629EA0179501882
B1347404731216N01022627EA0179601882
B1347414731219N01022624EA0179801885
B1347424731221N01022621EA0179901887
B1347434731224N01022619EA0180201889
B1347444731226N01022618EA0180301891
B1347454731229N01022618EA0180401891
B1347464731231N01022617EA0180401892
B1347474731234N01022616EA0180401892
B1347484731236N01022614EA0180401892
B1347494731237N01022613EA0180401893
B1347504731240N01022610EA0180401894
B1347514731242N01022608EA0180401895
B1347524731244N01022605EA0180301894
B1347534731246N01022602EA0180301893
B1347544731249N01022600EA0180401894
B1347554731251N01022598EA0180501895
B1347564731255N01022596EA0180601895
B1347574731258N01022594EA0180601894
B1347584731261N01022592EA0180801895
B1347594731264N01022589EA0180801897
B1348004731266N01022585EA0180801899
B1348014731268N01022581EA0180901900
B1348024731269N01022577EA0181201903
B1348034731272N01022573EA0181501906
B1348044731274N01022570EA0181901910
B1348054731277N01022569EA0182401914
B1348064731279N01022567EA0182701916
B1348074731281N01022564EA0183001918
B1348084731281N01022561EA0183201920
B1348094731280N01022557EA0183401922
B1348104731277N01022554EA0183701924
B1348114731271N01022553EA0183801926
B1348124731265N01022557EA0183901927
B1348134731259N01022565EA0183901930
B1348144731255N01022578EA0184301931
B1348154731256N01022590EA0184401932
B1348164731259N01022601EA0184601936
B1348174731262N01022608EA0184901938
B1348184731266N01022613EA0185401942
B1348194731269N01022617EA0185801945
B1348204731273N01022619EA0186001947
B1348214731276N01022619EA0186201948
B1348224731278N01022617EA0186401950
B1348234731279N01022614EA0186601953
B1348244731279N01022610EA0186901954
B1348254731277N01022605EA0187101957
B1348264731273N01022603EA0187501960
B1348274731268N01022605EA0187701962
B1348284731262N01022610EA0187801962
B1348294731257N01022618EA0187901964
B1348304731253N01022627EA0188101967
B1348314731250N01022637EA0188201968
B1348324731249N01022648EA0188301969
B1348334731249N01022660EA0188501970
B1348344731252N01022671EA0188801972
B1348354731257N01022679EA0189201973
B1348364731260N01022683EA0189501976
B1348374731264N01022685EA0189701978
B1348384731266N01022683EA0189701980
B1348394731268N01022680EA0189901982
B1348404731270N01022677EA0190201985
B1348414731271N01022673EA0190501987
B1348424731272N01022671EA0190901989
B1348434731273N01022668EA0191101991
B1348444731274N01022665EA0191401995
B1348454731275N01022662EA0191601998
B1348464731276N01022660EA0191902001
B1348474731276N01022659EA0192102003
B1348484731275N01022657EA0192202004
B1348494731271N01022656EA0192302006
B1348504731267N01022655EA0192402007
B1348514731262N01022657EA0192502008
B1348524731258N01022661EA0192602011
B1348534731253N01022668EA0192602011
B1348544731249N01022678EA0192702013
B1348554731246N01022689EA0192602015
B1348564731246N01022700EA0192702015
B1348574731247N01022710EA0192802017
B1348584731249N01022720EA0192902017
B1348594731252N01022728EA0193002018
B1349004731256N01022735EA0193102018
B1349014731260N01022738EA0193302018
B1349024731264N01022739EA0193502019
B1349034731267N01022737EA0193702021
B1349044731269N01022734EA0193802023
B1349054731270N01022731EA0194002026
B1349064731270N01022727EA0194102028
B1349074731268N01022723EA0194202030
B1349084731265N01022721EA0194402031
B1349094731262N01022722EA0194502032
B1349104731258N01022723EA0194802033
B1349114731254N01022727EA0194902036
B1349124731250N01022731EA0195102036
B1349134731246N01022736EA0195302037
B1349144731242N01022744EA0195502039
B1349154731240N01022753EA0195602039
B1349164731240N01022764EA0195702040
B1349174731242N01022774EA0195602041
B1349184731245N01022782EA0195702041
B1349194731249N01022789EA0195802043
B1349204731253N01022796EA0196102044
B1349214731258N01022800EA0196202045
B1349224731262N01022801EA0196402046
B1349234731265N01022800EA0196502047
B1349244731268N01022797EA0196602048
B1349254731270N01022793EA0196802050
B1349264731271N01022789EA0197002051
B1349274731271N01022785EA0197102054
B1349284731270N01022779EA0197202054
B1349294731268N01022774EA0197402055
B1349304731264N01022770EA0197602059
B1349314731260N01022768EA0197902061
B1349324731257N01022768EA0198202063
B1349334731252N01022770EA0198302064
B1349344731246N01022774EA0198402067
B1349354731241N01022779EA0198702068
B1349364731238N01022786EA0198802070
B1349374731238N01022794EA0198802071
B1349384731238N01022804EA0198902072
B1349394731239N01022814EA0199102074
B1349404731242N01022823EA0199302077
B1349414731245N01022830EA0199602079
B1349424731249N01022835EA0199902081
B1349434731254N01022835EA0199902081
B1349444731258N01022834EA0200002082
B1349454731261N01022831EA0200202083
B1349464731263N01022827EA0200502086
B1349474731263N01022823EA0200602089
B1349484731261N01022818EA0200702091
B1349494731258N01022815EA0201002092
B1349504731252N01022814EA0201302093
B1349514731247N01022817EA0201502095
B1349524731242N01022823EA0201802097
B1349534731240N01022831EA0201902099
B1349544731239N01022840EA0202102102
B1349554731239N01022849EA0202102102
B1349564731239N01022859EA0202102103
B1349574731240N01022870EA0202202102
B1349584731243N01022881EA0202302104
B1349594731247N01022889EA0202502105
B1350004731252N01022895EA0202802108
B1350014731257N01022898EA0203202112
B1350024731262N01022898EA0203402115
B1350034731266N01022897EA0203602117
B1350044731271N01022896EA0203902120
B1350054731274N01022893EA0204102123
B1350064731275N01022888EA0204302125
B1350074731274N01022882EA0204502128
B1350084731272N01022877EA0204702130
B1350094731269N01022873EA0205002133
B1350104731265N01022873EA0205302135
B1350114731262N01022874EA0205402137
B1350124731257N01022877EA0205502137
B1350134731252N01022882EA0205602138
B1350144731246N01022889EA0205702140
B1350154731242N01022898EA0206002142
B1350164731240N01022908EA0206302143
B1350174731240N01022918EA0206502145
B1350184731242N01022927EA0206702148
B1350194731246N01022934EA0207102150
B1350204731250N01022939EA0207402154
B1350214731255N01022940EA0207702156
B1350224731259N01022941EA0207902161
B1350234731262N01022939EA0208102164
B1350244731265N01022935EA0208202166
B1350254731266N01022931EA0208402167
B1350264731266N01022926EA0208502169
B1350274731265N01022922EA0208702170
B1350284731263N01022918EA0208902173
B1350294731259N01022917EA0209002174
B1350304731254N01022917EA0209102176
B1350314731249N01022920EA0209102176
B1350324731243N01022927EA0209302180
B1350334731239N01022935EA0209502183
B1350344731236N01022943EA0209702185
B1350354731234N01022951EA0209802185
B1350364731232N01022959EA0210002186
B1350374731231N01022970EA0210002187
B1350384731231N01022980EA0210202189
B1350394731234N01022989EA0210602191
B1350404731237N01022996EA0210802193
B1350414731241N01022999EA0211002195
B1350424731245N01023001EA0211202197
B1350434731249N01023001EA0211402200
B1350444731251N01023001EA0211502201
B1350454731254N01022999EA0211602202
B1350464731257N01022995EA0211602205
B1350474731260N01022990EA0211902208
B1350484731261N01022986EA0212202212
B1350494731260N01022982EA0212402213
B1350504731256N01022980EA0212502213
B1350514731252N01022979EA0212602214
B1350524731247N01022980EA0212702216
B1350534731243N01022983EA0212802216
B1350544731239N01022988EA0212802216
B1350554731235N01022993EA0212702213
B1350564731232N01023001EA0212602213
B1350574731230N01023010EA0212602213
B1350584731231N01023020EA0212702212
B1350594731232N01023031EA0212902213
B1351004731235N01023040EA0213102215
B1351014731239N01023048EA0213202216
B1351024731243N01023053EA0213302218
B1351034731248N01023056EA0213302219
B1351044731252N01023058EA0213502221
B1351054731257N01023057EA0213702220
B1351064731260N01023054EA0213702220
B1351074731261N01023051EA0213802222
B1351084731260N01023047EA0214102224
B1351094731257N01023045EA0214202227
B1351104731254N01023043EA0214302228
B1351114731250N01023043EA0214302230
B1351124731246N01023045EA0214402230
B1351134731241N01023048EA0214202229
B1351144731236N01023051EA0214202228
B1351154731232N01023055EA0214302228
B1351164731226N01023063EA0214502231
B1351174731223N01023073EA0214502230
B1351184731223N01023082EA0214502231
B1351194731225N01023092EA0214502233
B1351204731228N01023102EA0214802236
B1351214731231N01023109EA0215002238
B1351224731235N01023114EA0215202239
B1351234731240N01023119EA0215202240
B1351244731246N01023122EA0215202239
B1351254731251N01023125EA0215402239
B1351264731255N01023127EA0215602241
B1351274731257N01023127EA0215502240
B1351284731259N01023123EA0215302237
B1351294731259N01023120EA0215302238
B1351304731258N01023116EA0215302238
B1351314731256N01023113EA0215302237
B1351324731252N01023111EA0215402237
B1351334731247N01023112EA0215402238
B1351344731242N01023115EA0215302238
B1351354731236N01023121EA0215202239
B1351364731231N01023128EA0215102238
B1351374731227N01023136EA0215102238
B1351384731224N01023147EA0215102239
B1351394731222N01023157EA0215302239
B1351404731221N01023168EA0215302240
B1351414731222N01023178EA0215502239
B1351424731224N01023189EA0215502242
B1351434731226N01023198EA0215702244
B1351444731229N01023207EA0215902245
B1351454731233N01023214EA0216102247
B1351464731236N01023220EA0216202248
B1351474731240N01023224EA0216202250
B1351484731243N01023226EA0216302251
B1351494731246N01023227EA0216302251
B1351504731248N01023226EA0216202250
B1351514731249N01023225EA0216102250
B1351524731248N01023224EA0216102250
B1351534731247N01023221EA0216102250
B1351544731244N01023219EA0216002249
B1351554731241N01023217EA0215902248
B1351564731236N01023217EA0215902249
B1351574731231N01023220EA0216002251
B1351584731226N01023224EA0216002251
B1351594731221N01023229EA0216102251
B1352004731216N01023234EA0216202253
B1352014731212N01023240EA0216202254
B1352024731208N01023248EA0216302257
B1352034731204N01023257EA0216302256
B1352044731202N01023266EA0216202256
B1352054731201N01023276EA0216102257
B1352064731200N01023286EA0216202257
B1352074731201N01023295EA0216202257
B1352084731203N01023303EA0216202256
B1352094731206N01023309EA0216202256
B1352104731209N01023315EA0216202256
B1352114731213N01023319EA0216202256
B1352124731218N01023320EA0216202256
B1352134731222N01023321EA0216302258
B1352144731225N01023321EA0216402258
B1352154731229N01023321EA0216402259
B1352164731232N01023321EA0216402259
B1352174731236N01023320EA0216302258
B1352184731239N01023319EA0216202256
B1352194731243N01023318EA0216102256
B1352204731248N01023315EA0216002255
B1352214731252N01023313EA0216102256
B1352224731256N01023311EA0216302257
B1352234731259N01023310EA0216402257
B1352244731262N01023308EA0216402257
B1352254731265N01023305EA0216502258
B1352264731269N01023301EA0216602260
B1352274731272N01023298EA0216702261
B1352284731276N01023296EA0216902263
B1352294731279N01023294EA0217102264
B1352304731283N01023292EA0217202266
B1352314731286N01023291EA0217302267
B1352324731290N01023290EA0217402268
B1352334731293N01023289EA0217502269
B1352344731296N01023286EA0217602270
B1352354731299N01023283EA0217702272
B1352364731300N01023278EA0218102275
B1352374731301N01023273EA0218402278
B1352384731300N01023269EA0218502281
B1352394731299N01023266EA0218602282
B1352404731296N01023263EA0218702283
B1352414731293N01023261EA0218802284
B1352424731291N01023258EA0218902285
B1352434731287N01023257EA0218902286
B1352444731283N01023259EA0218802287
B1352454731279N01023262EA0218802287
B1352464731276N01023267EA0218802288
B1352474731273N01023275EA0218902289
B1352484731272N01023283EA0218802288
B1352494731271N01023293EA0218602286
B1352504731273N01023302EA0218602285
B1352514731276N01023312EA0218802286
B1352524731281N01023318EA0218902287
B1352534731286N01023320EA0219002288
B1352544731290N01023321EA0219102289
B1352554731295N01023320EA0219302289
B1352564731299N01023319EA0219502292
B1352574731302N01023316EA0219502291
B1352584731305N01023315EA0219502290
B1352594731308N01023314EA0219502288
B1353004731312N01023313EA0219402288
B1353014731316N01023311EA0219202287
B1353024731321N01023310EA0219102286
B1353034731324N01023310EA0219002285
B1353044731328N01023309EA0219002284
B1353054731331N01023307EA0218902283
B1353064731333N01023304EA0218902282
B1353074731336N01023300EA0218802282
B1353084731338N01023298EA0218802280
B1353094731340N01023296EA0218602277
B1353104731342N01023294EA0218302275
B1353114731346N01023291EA0218002274
B1353124731348N01023287EA0217902272
B1353134731351N01023283EA0217702271
B1353144731354N01023279EA0217502268
B1353154731357N01023276EA0217302265
B1353164731362N01023272EA0216902263
B1353174731367N01023269EA0216502259
B1353184731372N01023264EA0216102256
B1353194731377N01023259EA0215802253
B1353204731382N01023254EA0215602251
B1353214731388N01023250EA0215502249
B1353224731393N01023248EA0215202247
B1353234731399N01023245EA0215002244
B1353244731404N01023241EA0214802242
B1353254731410N01023237EA0214502239
B1353264731415N01023235EA0214302236
B1353274731421N01023233EA0213902233
B1353284731426N01023233EA0213702229
B1353294731433N01023232EA0213202225
B1353304731439N01023231EA0212802220
B1353314731446N01023230EA0212202216
B1353324731453N01023228EA0211802213
B1353334731459N01023225EA0211502210
B1353344731465N01023222EA0211202205
B1353354731471N01023220EA0210702201
B1353364731478N01023218EA0210302197
B1353374731485N01023216EA0209902194
B1353384731491N01023213EA0209602192
B1353394731496N01023210EA0209302189
B1353404731501N01023207EA0209002187
B1353414731506N01023205EA0208602182
B1353424731510N01023203EA0208102178
B1353434731515N01023200EA0207602172
B1353444731520N01023197EA0207102167
B1353454731523N01023194EA0206702162
B1353464731527N01023190EA0206302157
B1353474731531N01023187EA0205902152
B1353484731534N01023185EA0205402147
B1353494731538N01023182EA0205002143
B1353504731542N01023177EA0204402138
B1353514731544N01023172EA0203902132
B1353524731547N01023166EA0203502128
B1353534731548N01023161EA0203102125
B1353544731550N01023156EA0203002123
B1353554731552N01023151EA0202602120
B1353564731555N01023147EA0202202115
B1353574731559N01023141EA0201802111
B1353584731562N01023136EA0201602109
B1353594731565N01023130EA0201602108
B1354004731567N01023125EA0201502106
B1354014731569N01023121EA0201302105
B1354024731571N01023117EA0201202103
B1354034731574N01023113EA0201102101
B1354044731576N01023108EA0200702099
B1354054731580N01023101EA0200602097
B1354064731583N01023095EA0200602096
B1354074731586N01023090EA0200502095
B1354084731589N01023084EA0200402096
B1354094731593N01023079EA0200302096
B1354104731596N01023074EA0200202094
B1354114731599N01023067EA0200102092
B1354124731601N01023061EA0200102091
B1354134731604N01023056EA0200102091
B1354144731606N01023050EA0200002089
B1354154731609N01023045EA0199902089
B1354164731613N01023040EA0199802087
B1354174731616N01023036EA0199702086
B1354184731619N01023031EA0199702085
B1354194731622N01023026EA0199702086
B1354204731624N01023020EA0199702086
B1354214731627N01023016EA0199702088
B1354224731629N01023012EA0199702087
B1354234731631N01023006EA0199802087
B1354244731633N01023002EA0199902087
B1354254731635N01022998EA0200002090
B1354264731636N01022995EA0200302092
B1354274731638N01022992EA0200402093
B1354284731639N01022990EA0200402094
B1354294731640N01022987EA0200302092
B1354304731642N01022983EA0200202091
B1354314731644N01022980EA0200102092
B1354324731647N01022976EA0200002090
B1354334731649N01022973EA0199902090
B1354344731651N01022970EA0199802089
B1354354731653N01022966EA0199702088
B1354364731654N01022963EA0199602087
B1354374731656N01022961EA0199502085
B1354384731658N01022958EA0199402084
B1354394731659N01022955EA0199202083
B1354404731660N01022950EA0199102081
B1354414731661N01022946EA0199002080
B1354424731662N01022942EA0198902078
B1354434731663N01022939EA0198702077
B1354444731663N01022936EA0198602076
B1354454731663N01022932EA0198402074
B1354464731664N01022927EA0198102071
B1354474731665N01022923EA0197802068
B1354484731666N01022918EA0197502065
B1354494731667N01022913EA0197302063
B1354504731669N01022907EA0197202063
B1354514731669N01022903EA0197102062
B1354524731670N01022899EA0197102061
B1354534731671N01022897EA0196902060
B1354544731673N01022894EA0196602059
B1354554731674N01022890EA0196402056
B1354564731676N01022885EA0196302055
B1354574731678N01022880EA0196102056
B1354584731680N01022876EA0196102055
B1354594731682N01022873EA0196002054
B1355004731684N01022869EA0195702051
B1355014731685N01022865EA0195602049
B1355024731687N01022861EA0195502048
B1355034731688N01022856EA0195202046
B1355044731690N01022852EA0195002044
B1355054731691N01022848EA0194802044
B1355064731693N01022843EA0194602040
B1355074731694N01022839EA0194402039
B1355084731695N01022834EA0194102037
B1355094731696N01022830EA0193902035
B1355104731697N01022825EA0193802032
B1355114731699N01022822EA0193602030
B1355124731700N01022819EA0193302028
B1355134731701N01022815EA0193002025
B1355144731703N01022812EA0192802021
B1355154731705N01022809EA0192602018
B1355164731707N01022806EA0192402016
B1355174731709N01022803EA0192102013
B1355184731710N01022799EA0191802010
B1355194731712N01022796EA0191402007
B1355204731715N01022792EA0191202005
B1355214731716N01022789EA0190902003
B1355224731718N01022785EA0190602001
B1355234731720N01022780EA0190401998
B1355244731721N01022778EA0190202000
B1355254731724N01022775EA0190101996
B1355264731726N01022772EA0189901994
B1355274731727N01022769EA0189601991
B1355284731728N01022767EA0189301989
B1355294731729N01022763EA0189201987
B1355304731730N01022760EA0189001983
B1355314731731N01022758EA0188701981
B1355324731731N01022755EA0188501980
B1355334731732N01022751EA0188501978
B1355344731733N01022748EA0188501975
B1355354731734N01022747EA0188201974
B1355364731733N01022744EA0188101973
B1355374731733N01022739EA0188001973
B1355384731732N01022734EA0187901973
B1355394731731N01022728EA0187801973
B1355404731731N01022723EA0187701972
B1355414731731N01022717EA0187801971
B1355424731732N01022712EA0187801972
B1355434731733N01022708EA0188001973
B1355444731735N01022704EA0188101973
B1355454731736N01022701EA0188101973
B1355464731738N01022698EA0188001971
B1355474731739N01022696EA0187901969
B1355484731742N01022694EA0187501966
B1355494731744N01022689EA0187001962
B1355504731746N01022683EA0186601958
B1355514731749N01022676EA0186301956
B1355524731751N01022670EA0186201954
B1355534731752N01022665EA0186101953
B1355544731753N01022659EA0185701950
B1355554731755N01022653EA0185301946
B1355564731757N01022647EA0184901942
B1355574731760N01022641EA0184601939
B1355584731761N01022635EA0184301936
B1355594731762N01022628EA0184201934
B1356004731762N01022622EA0184301934
B1356014731763N01022616EA0184401933
B1356024731764N01022610EA0184401931
B1356034731764N01022610EA0184301931
B1356044731763N01022600EA0184501931
B1356054731762N01022595EA0184501932
B1356064731761N01022590EA0184501934
B1356074731760N01022584EA0184501934
B1356084731759N01022580EA0184601936
B1356094731758N01022577EA0184601936
B1356104731758N01022573EA0184501935
B1356114731758N01022569EA0184201934
B1356124731758N01022563EA0184101933
B1356134731758N01022559EA0183901932
B1356144731758N01022554EA0184001932
B1356154731758N01022550EA0183901932
B1356164731759N01022547EA0183901930
B1356174731760N01022543EA0183601925
B1356184731760N01022539EA0183301922
B1356194731760N01022533EA0182801920
B1356204731761N01022527EA0182701919
B1356214731761N01022521EA0182701920
B1356224731761N01022517EA0182701919
B1356234731761N01022513EA0182601918
B1356244731762N01022508EA0182301915
B1356254731762N01022503EA0182101913
B1356264731763N01022497EA0181801912
B1356274731762N01022492EA0181801909
B1356284731762N01022487EA0181801908
B1356294731762N01022483EA0181601907
B1356304731763N01022477EA0181501905
B1356314731763N01022472EA0181301903
B1356324731762N01022466EA0181201902
B1356334731762N01022459EA0181101901
B1356344731762N01022453EA0180901901
B1356354731762N01022447EA0180801901
B1356364731762N01022441EA0180701899
B1356374731762N01022436EA0180501898
B1356384731762N01022430EA0180301896
B1356394731761N01022425EA0180201893
B1356404731761N01022419EA0180201894
B1356414731760N01022414EA0180201893
B1356424731760N01022409EA0180201892
B1356434731760N01022404EA0180201892
B1356444731761N01022399EA0180101890
B1356454731761N01022393EA0179901888
B1356464731763N01022386EA0179901887
B1356474731764N01022380EA0180101887
B1356484731765N01022376EA0180101888
B1356494731766N01022373EA0180001888
B1356504731768N01022370EA0179901887
B1356514731768N01022367EA0179701886
B1356524731769N01022363EA0179401885
B1356534731770N01022358EA0179301883
B1356544731768N01022357EA0179501887
B1356554731768N01022355EA0179501887
B1356564731766N01022355EA0179501887
B1356574731765N01022355EA0179401886
B1356584731765N01022354EA0179301883
B1356594731765N01022352EA0179001882
B1357004731765N01022350EA0178801880
B1357014731766N01022347EA0178701878
B1357024731766N01022345EA0178701878
B1357034731766N01022342EA0178601877
B1357044731766N01022339EA0178601877
B1357054731766N01022337EA0178401876
B1357064731766N01022336EA0178201874
B1357074731767N01022335EA0178001872
B1357084731768N01022333EA0177701870
B1357094731768N01022330EA0177601867
B1357104731768N01022326EA0177301865
B1357114731767N01022322EA0177201866
B1357124731766N01022319EA0177201865
B1357134731766N01022316EA0177101865
B1357144731765N01022313EA0177001865
B1357154731765N01022309EA0176901863
B1357164731763N01022307EA0176801860
B1357174731761N01022307EA0176601858
B1357184731758N01022308EA0176301853
B1357194731755N01022308EA0176001847
B1357204731754N01022306EA0175501842
B1357214731752N01022303EA0174901838
B1357224731751N01022298EA0174401833
B1357234731749N01022292EA0174201828
B1357244731747N01022287EA0173801824
B1357254731747N01022281EA0173401822
B1357264731747N01022275EA0173301820
B1357274731747N01022269EA0173101821
B1357284731748N01022263EA0173201821
B1357294731748N01022258EA0173301821
B1357304731748N01022255EA0173401823
B1357314731750N01022251EA0173201821
B1357324731752N01022247EA0173201820
B1357334731754N01022242EA0173101818
B1357344731756N01022235EA0173101818
B1357354731757N01022227EA0173201820
B1357364731759N01022220EA0173601822
B1357374731760N01022216EA0174001823
B1357384731762N01022212EA0174101825
B1357394731763N01022208EA0174101827
B1357404731764N01022204EA0174401829
B1357414731765N01022200EA0174801832
B1357424731765N01022196EA0175001833
B1357434731765N01022195EA0174901834
B1357444731764N01022193EA0174901832
B1357454731764N01022189EA0174901833
B1357464731764N01022185EA0174901834
B1357474731765N01022179EA0175001837
B1357484731765N01022175EA0175001838
B1357494731766N01022172EA0174901837
B1357504731768N01022170EA0174701835
B1357514731769N01022167EA0174101831
B1357524731768N01022165EA0173501828
B1357534731766N01022161EA0172901824
B1357544731763N01022157EA0172501821
B1357554731759N01022153EA0172101818
B1357564731755N01022150EA0171701815
B1357574731751N01022147EA0171401811
B1357584731747N01022147EA0171101807
B1357594731746N01022144EA0170701803
B1358004731744N01022142EA0170201798
B1358014731741N01022138EA0169801793
B1358024731738N01022134EA0169201788
B1358034731735N01022128EA0169101785
B1358044731733N01022123EA0168901783
B1358054731733N01022118EA0168701782
B1358064731733N01022115EA0168701779
B1358074731733N01022112EA0168301776
B1358084731731N01022110EA0167801772
B1358094731728N01022106EA0167201767
B1358104731724N01022102EA0167001763
B1358114731720N01022098EA0166701759
B1358124731716N01022096EA0166501757
B1358134731713N01022094EA0166301755
B1358144731711N01022092EA0166001751
B1358154731707N01022091EA0165501745
B1358164731703N01022090EA0165101739
B1358174731699N01022088EA0164601734
B1358184731696N01022087EA0164201729
B1358194731692N01022085EA0163901726
B1358204731689N01022083EA0163501721
B1358214731686N01022081EA0163101719
B1358224731683N01022078EA0162601712
B1358234731679N01022075EA0162101708
B1358244731676N01022071EA0161901705
B1358254731672N01022068EA0161701701
B1358264731669N01022065EA0161401699
B1358274731664N01022063EA0161301698
B1358284731659N01022063EA0161101698
B1358294731654N01022062EA0161001695
B1358304731649N01022061EA0160701693
B1358314731645N01022060EA0160401690
B1358324731640N01022058EA0160301689
B1358334731636N01022056EA0159901687
B1358344731631N01022053EA0159701684
B1358354731626N01022051EA0159401683
B1358364731621N01022050EA0159201682
B1358374731617N01022049EA0159001679
B1358384731613N01022048EA0158701676
B1358394731609N01022047EA0158301671
B1358404731606N01022047EA0157801667
B1358414731600N01022046EA0157401664
B1358424731594N01022046EA0157201662
B1358434731589N01022045EA0157001658
B1358444731584N01022046EA0156701654
B1358454731579N01022047EA0156401650
B1358464731574N01022048EA0156001646
B1358474731569N01022049EA0155601642
B1358484731564N01022050EA0155301640
B1358494731558N01022053EA0154801636
B1358504731552N01022054EA0154501631
B1358514731546N01022056EA0154301629
B1358524731540N01022057EA0153901627
B1358534731533N01022058EA0153701624
B1358544731527N01022060EA0153501624
B1358554731522N01022061EA0153501622
B1358564731517N01022062EA0153501621
B1358574731512N01022063EA0153501620
B1358584731508N01022065EA0153601619
B1358594731503N01022067EA0153501619
B1359004731496N01022069EA0153501622
B1359014731491N01022071EA0153701622
B1359024731484N01022074EA0153901627
B1359034731479N01022076EA0154301629
B1359044731474N01022079EA0154501633
B1359054731469N01022082EA0154801636
B1359064731464N01022086EA0155001637
B1359074731459N01022090EA0155101638
B1359084731454N01022093EA0155201638
B1359094731449N01022095EA0155201638
B1359104731443N01022098EA0155201638
B1359114731438N01022100EA0155201638
B1359124731431N01022103EA0155001637
B1359134731424N01022105EA0155001638
B1359144731417N01022108EA0154801638
B1359154731410N01022113EA0154701638
B1359164731403N01022117EA0154601638
B1359174731395N01022123EA0154501636
B1359184731388N01022128EA0154501636
B1359194731382N01022132EA0154501634
B1359204731377N01022137EA0154401633
B1359214731371N01022143EA0154201632
B1359224731364N01022151EA0154101630
B1359234731357N01022159EA0154001631
B1359244731350N01022169EA0153901632
B1359254731344N01022177EA0153901630
B1359264731338N01022184EA0153801627
B1359274731332N01022192EA0153701625
B1359284731327N01022201EA0153501624
B1359294731322N01022208EA0153301622
B1359304731316N01022214EA0153001619
B1359314731311N01022220EA0152701617
B1359324731305N01022225EA0152501615
B1359334731300N01022231EA0152201614
B1359344731294N01022235EA0152001610
B1359354731289N01022239EA0151701609
B1359364731284N01022243EA0151501607
B1359374731278N01022246EA0151301606
B1359384731273N01022250EA0151301605
B1359394731269N01022254EA0151201603
B1359404731265N01022257EA0151001600
B1359414731262N01022259EA0150701597
B1359424731259N01022260EA0150401593
B1359434731255N01022260EA0150001590
B1359444731251N01022262EA0149801587
B1359454731248N01022264EA0149501585
B1359464731244N01022269EA0149101581
B1359474731241N01022275EA0148701578
B1359484731237N01022280EA0148301574
B1359494731232N01022287EA0148001571
B1359504731229N01022292EA0147701567
B1359514731225N01022298EA0147301563
B1359524731221N01022304EA0147001559
B1359534731216N01022309EA0146601555
B1359544731212N01022313EA0146401550
B1359554731208N01022318EA0146101546
B1359564731203N01022322EA0146001542
B1359574731199N01022327EA0145801543
B1359584731196N01022331EA0145601540
B1359594731192N01022336EA0145301537
B1400004731187N01022341EA0145001534
B1400014731183N01022346EA0144801531
B1400024731178N01022352EA0144701528
B1400034731172N01022357EA0144601526
B1400044731172N01022357EA0144401526
B1400054731164N01022370EA0144301529
B1400064731159N01022374EA0144001526
B1400074731154N01022380EA0143801524
B1400084731150N01022386EA0143501523
B1400094731145N01022392EA0143301521
B1400104731140N01022398EA0143001519
B1400114731136N01022404EA0142801517
B1400124731136N01022404EA0142401517
B1400134731126N01022417EA0142101519
B1400144731120N01022422EA0141701516
B1400154731115N01022425EA0141401511
B1400164731109N01022428EA0141201509
B1400174731104N01022431EA0141001506
B1400184731099N01022432EA0140701503
B1400194731094N01022433EA0140401501
B1400204731089N01022433EA0140101498
B1400214731084N01022434EA0139801496
B1400224731079N01022433EA0139501493
B1400234731075N01022431EA0139201491
B1400244731072N01022429EA0139101489
B1400254731067N01022424EA0138801486
B1400264731063N01022417EA0138801485
B1400274731059N01022414EA0138801484
B1400284731055N01022412EA0138801483
B1400294731053N01022410EA0138701480
B1400304731049N01022407EA0138501477
B1400314731046N01022404EA0138301476
B1400324731042N01022400EA0138101473
B1400334731038N01022397EA0137901472
B1400344731034N01022393EA0137901470
B1400354731031N01022391EA0137801468
B1400364731027N01022388EA0137501466
B1400374731023N01022385EA0137301464
B1400384731018N01022381EA0137101463
B1400394731014N01022377EA0137001461
B1400404731010N01022374EA0136701459
B1400414731006N01022370EA0136701457
B1400424731001N01022368EA0136501455
B1400434730997N01022365EA0136201453
B1400444730992N01022363EA0136001451
B1400454730986N01022358EA0135601450
B1400464730982N01022356EA0135401447
B1400474730977N01022353EA0135101446
B1400484730972N01022350EA0134901445
B1400494730968N01022347EA0134701442
B1400504730964N01022346EA0134601440
B1400514730959N01022345EA0134301437
B1400524730955N01022346EA0133901434
B1400534730951N01022346EA0133601430
B1400544730945N01022345EA0133401427
B1400554730938N01022344EA0133401426
B1400564730931N01022343EA0133601428
B1400574730926N01022344EA0133901431
B1400584730921N01022343EA0134501435
B1400594730917N01022342EA0134901440
B1401004730914N01022342EA0135201440
B1401014730911N01022344EA0135301441
B1401024730907N01022345EA0135401439
B1401034730902N01022345EA0135501440
B1401044730896N01022345EA0135701442
B1401054730892N01022347EA0135801442
B1401064730888N01022349EA0135801443
B1401074730883N01022351EA0135901442
B1401084730879N01022353EA0135801442
B1401094730875N01022354EA0135701442
B1401104730870N01022356EA0135701441
B1401114730865N01022357EA0135601440
B1401124730859N01022358EA0135501440
B1401134730855N01022359EA0135501440
B1401144730851N01022360EA0135401438
B1401154730847N01022361EA0135201438
B1401164730843N01022362EA0135201436
B1401174730838N01022361EA0135201435
B1401184730833N01022361EA0135001434
B1401194730829N01022361EA0134901433
B1401204730824N01022360EA0134801432
B1401214730819N01022359EA0134601431
B1401224730814N01022358EA0134501430
B1401234730809N01022357EA0134401429
B1401244730804N01022356EA0134401428
B1401254730800N01022353EA0134401427
B1401264730796N01022350EA0134301426
B1401274730792N01022347EA0134201427
B1401284730789N01022344EA0134301426
B1401294730785N01022341EA0134301427
B1401304730781N01022339EA0134401427
B1401314730778N01022336EA0134401426
B1401324730775N01022333EA0134401426
B1401334730772N01022330EA0134401424
B1401344730767N01022328EA0134301424
B1401354730763N01022328EA0134401424
B1401364730758N01022325EA0134301425
B1401374730753N01022322EA0134301424
B1401384730749N01022320EA0134201424
B1401394730745N01022317EA0134101423
B1401404730740N01022313EA0134001423
B1401414730736N01022310EA0133901422
B1401424730731N01022308EA0134001421
B1401434730726N01022305EA0133801421
B1401444730721N01022304EA0133601419
B1401454730716N01022304EA0133201417
B1401464730712N01022304EA0132801415
B1401474730707N01022303EA0132301412
B1401484730703N01022303EA0131901407
B1401494730698N01022302EA0131301400
B1401504730693N01022300EA0130801396
B1401514730689N01022297EA0130401393
B1401524730685N01022293EA0130101388
B1401534730681N01022289EA0129901383
B1401544730678N01022283EA0129801383
B1401554730675N01022277EA0129601383
B1401564730673N01022272EA0129501383
B1401574730669N01022266EA0129201381
B1401584730666N01022261EA0129001379
B1401594730664N01022256EA0128801378
B1402004730661N01022250EA0128601376
B1402014730658N01022245EA0128401376
B1402024730655N01022239EA0128201374
B1402034730652N01022233EA0128101373
B1402044730649N01022228EA0128001374
B1402054730645N01022223EA0128101375
B1402064730642N01022218EA0128301376
B1402074730639N01022215EA0128401376
B1402084730636N01022212EA0128601377
B1402094730633N01022209EA0128901378
B1402104730629N01022207EA0129101380
B1402114730625N01022203EA0129301383
B1402124730622N01022200EA0129601385
B1402134730619N01022198EA0129801387
B1402144730615N01022196EA0129901388
B1402154730612N01022196EA0130101389
B1402164730607N01022195EA0130201389
B1402174730602N01022198EA0130301390
B1402184730597N01022204EA0130401389
B1402194730592N01022211EA0130601390
B1402204730589N01022219EA0130701391
B1402214730587N01022228EA0130901393
B1402224730587N01022236EA0130901392
B1402234730588N01022244EA0131101390
B1402244730591N01022251EA0131201390
B1402254730594N01022256EA0131401394
B1402264730598N01022259EA0131601398
B1402274730601N01022259EA0131701398
B1402284730604N01022256EA0131901399
B1402294730603N01022251EA0132101400
B1402304730601N01022246EA0132201403
B1402314730597N01022243EA0132501406
B1402324730592N01022242EA0132701406
B1402334730587N01022243EA0132801407
B1402344730582N01022246EA0133001408
B1402354730577N01022250EA0133001408
B1402364730573N01022258EA0133101408
B1402374730569N01022267EA0133101410
B1402384730569N01022278EA0133201412
B1402394730570N01022288EA0133501417
B1402404730573N01022296EA0133601418
B1402414730577N01022301EA0133701419
B1402424730581N01022302EA0133801421
B1402434730584N01022302EA0134001422
B1402444730586N01022299EA0134201423
B1402454730585N01022295EA0134301424
B1402464730583N01022291EA0134501426
B1402474730579N01022288EA0134701429
B1402484730574N01022287EA0135001430
B1402494730569N01022289EA0135201433
B1402504730564N01022293EA0135401435
B1402514730559N01022299EA0135501436
B1402524730555N01022306EA0135601437
B1402534730552N01022315EA0135801439
B1402544730551N01022325EA0135901441
B1402554730551N01022335EA0135901443
B1402564730553N01022343EA0136001442
B1402574730557N01022350EA0136001444
B1402584730560N01022353EA0136201445
B1402594730564N01022353EA0136301446
B1403004730566N01022351EA0136401446
B1403014730566N01022347EA0136501448
B1403024730566N01022342EA0136601452
B1403034730564N01022338EA0136801455
B1403044730560N01022336EA0137001457
B1403054730554N01022336EA0137201456
B1403064730549N01022340EA0137301456
B1403074730543N01022344EA0137501460
B1403084730538N01022351EA0137701462
B1403094730535N01022360EA0137801464
B1403104730533N01022368EA0137901466
B1403114730533N01022377EA0137901465
B1403124730535N01022385EA0137901465
B1403134730539N01022392EA0137901465
B1403144730542N01022396EA0138001463
B1403154730546N01022396EA0138201461
B1403164730549N01022394EA0138301462
B1403174730550N01022390EA0138501464
B1403184730550N01022385EA0138701464
B1403194730547N01022380EA0138901467
B1403204730544N01022376EA0139001470
B1403214730539N01022373EA0139301473
B1403224730534N01022373EA0139501475
B1403234730527N01022377EA0139601474
B1403244730520N01022381EA0139601475
B1403254730514N01022386EA0139801476
B1403264730511N01022394EA0139901477
B1403274730509N01022404EA0139901476
B1403284730509N01022414EA0139901477
B1403294730510N01022422EA0140001475
B1403304730512N01022428EA0140001478
B1403314730516N01022432EA0140101479
B1403324730520N01022435EA0140201480
B1403334730523N01022436EA0140501484
B1403344730525N01022434EA0140601487
B1403354730527N01022431EA0140701490
B1403364730527N01022427EA0140901494
B1403374730526N01022423EA0141101498
B1403384730524N01022420EA0141201499
B1403394730521N01022417EA0141401501
B1403404730516N01022417EA0141501501
B1403414730510N01022417EA0141501502
B1403424730505N01022420EA0141601504
B1403434730499N01022425EA0141601506
B1403444730495N01022432EA0141701506
B1403454730492N01022440EA0141701506
B1403464730490N01022448EA0141701507
B1403474730490N01022457EA0141601507
B1403484730491N01022465EA0141601503
B1403494730493N01022472EA0141601504
B1403504730497N01022478EA0141701506
B1403514730500N01022482EA0141801508
B1403524730504N01022483EA0141901511
B1403534730507N01022482EA0142001511
B1403544730509N01022479EA0142201513
B1403554730507N01022475EA0142301512
B1403564730505N01022470EA0142301511
B1403574730502N01022466EA0142401513
B1403584730498N01022463EA0142601514
B1403594730493N01022461EA0142801516
B1404004730488N01022462EA0143001516
B1404014730483N01022464EA0143001517
B1404024730478N01022469EA0143001518
B1404034730474N01022475EA0143101518
B1404044730470N01022483EA0143201520
B1404054730468N01022492EA0143101520
B1404064730468N01022501EA0143101519
B1404074730469N01022509EA0143001519
B1404084730472N01022517EA0143001518
B1404094730475N01022523EA0143001516
B1404104730479N01022528EA0143101517
B1404114730483N01022530EA0143201517
B1404124730486N01022530EA0143301519
B1404134730489N01022529EA0143301520
B1404144730491N01022525EA0143401521
B1404154730491N01022520EA0143601522
B1404164730490N01022515EA0143801526
B1404174730488N01022511EA0143901529
B1404184730484N01022509EA0144001530
B1404194730481N01022507EA0144001531
B1404204730476N01022507EA0144001531
B1404214730472N01022507EA0143901531
B1404224730467N01022509EA0143801532
B1404234730460N01022513EA0143901532
B1404244730455N01022520EA0143901533
B1404254730452N01022528EA0144001534
B1404264730450N01022538EA0144101533
B1404274730449N01022547EA0144201532
B1404284730449N01022556EA0144201533
B1404294730450N01022562EA0144101528
B1404304730453N01022568EA0144001525
B1404314730457N01022573EA0144001526
B1404324730461N01022574EA0144001527
B1404334730464N01022571EA0144101527
B1404344730465N01022566EA0144301528
B1404354730465N01022561EA0144401529
B1404364730464N01022557EA0144501532
B1404374730463N01022554EA0144501532
B1404384730462N01022551EA0144401531
B1404394730461N01022548EA0144301530
B1404404730460N01022544EA0144201529
B1404414730459N01022539EA0144101527
B1404424730457N01022533EA0144101525
B1404434730456N01022528EA0144101523
B1404444730455N01022523EA0144101523
B1404454730454N01022519EA0144001524
B1404464730452N01022515EA0143801521
B1404474730450N01022510EA0143701518
B1404484730447N01022504EA0143601518
B1404494730444N01022498EA0143501517
B1404504730441N01022493EA0143501515
B1404514730439N01022487EA0143501515
B1404524730438N01022481EA0143601515
B1404534730436N01022476EA0143701516
B1404544730435N01022471EA0143801520
B1404554730433N01022466EA0143901520
B1404564730430N01022462EA0144101521
B1404574730429N01022459EA0144001520
B1404584730427N01022455EA0144001522
B1404594730425N01022450EA0144001524
B1405004730424N01022447EA0144101526
B1405014730422N01022445EA0144201527
B1405024730420N01022443EA0144301530
B1405034730419N01022440EA0144401532
B1405044730417N01022437EA0144401533
B1405054730415N01022434EA0144401534
B1405064730413N01022430EA0144401534
B1405074730411N01022427EA0144501536
B1405084730410N01022424EA0144501536
B1405094730409N01022422EA0144501535
B1405104730409N01022419EA0144401535
B1405114730408N01022415EA0144301536
B1405124730408N01022411EA0144201536
B1405134730408N01022408EA0144001536
B1405144730408N01022405EA0143901534
B1405154730407N01022401EA0143801533
B1405164730407N01022398EA0143701532
B1405174730407N01022394EA0143501530
B1405184730406N01022389EA0143401529
B1405194730405N01022386EA0143201524
B1405204730403N01022383EA0143101522
B1405214730402N01022380EA0143001519
B1405224730401N01022377EA0142801518
B1405234730400N01022374EA0142601515
B1405244730399N01022372EA0142301512
B1405254730398N01022369EA0142101511
B1405264730398N01022365EA0141801509
B1405274730398N01022361EA0141501506
B1405284730398N01022357EA0141201504
B1405294730399N01022353EA0140901502
B1405304730399N01022347EA0140701501
B1405314730399N01022342EA0140501499
B1405324730398N01022338EA0140301496
B1405334730398N01022334EA0140201492
B1405344730398N01022329EA0140001489
B1405354730399N01022325EA0139701486
B1405364730399N01022321EA0139501485
B1405374730398N01022317EA0139401482
B1405384730397N01022314EA0139201480
B1405394730396N01022311EA0138901477
B1405404730395N01022308EA0138601473
B1405414730395N01022305EA0138201469
B1405424730393N01022301EA0137701463
B1405434730392N01022296EA0137401460
B1405444730391N01022292EA0137201457
B1405454730390N01022288EA0137101453
B1405464730389N01022285EA0136801449
B1405474730388N01022281EA0136601447
B1405484730387N01022278EA0136501444
B1405494730384N01022274EA0136301443
B1405504730382N01022271EA0136301444
B1405514730379N01022268EA0136201444
B1405524730376N01022266EA0136001444
B1405534730372N01022263EA0135801439
B1405544730369N01022260EA0135601433
B1405554730367N01022256EA0135401431
B1405564730364N01022252EA0135301431
B1405574730362N01022249EA0135301430
B1405584730360N01022248EA0135101430
B1405594730359N01022247EA0134901429
B1406004730357N01022246EA0134501426
B1406014730355N01022244EA0134101425
B1406024730353N01022241EA0133601422
B1406034730351N01022237EA0133201418
B1406044730349N01022233EA0132701412
B1406054730348N01022229EA0132201406
B1406064730346N01022225EA0131801400
B1406074730344N01022221EA0131401397
B1406084730342N01022214EA0131101397
B1406094730340N01022211EA0130801394
B1406104730338N01022208EA0130501392
B1406114730335N01022206EA0129901386
B1406124730331N01022203EA0129301376
B1406134730329N01022199EA0128701371
B1406144730327N01022194EA0128101368
B1406154730325N01022189EA0128001366
B1406164730325N01022185EA0127801364
B1406174730324N01022182EA0127601362
B1406184730323N01022181EA0127301356
B1406194730322N01022179EA0126901352
B1406204730321N01022177EA0126401348
B1406214730320N01022175EA0125901342
B1406224730320N01022172EA0125501338
B1406234730319N01022170EA0125101334
B1406244730318N01022167EA0124901331
B1406254730317N01022165EA0124501326
B1406264730316N01022163EA0124201321
B1406274730315N01022160EA0123701316
B1406284730314N01022156EA0123401313
B1406294730313N01022151EA0123201312
B1406304730314N01022147EA0123001312
B1406314730313N01022143EA0122801310
B1406324730313N01022139EA0122601308
B1406334730313N01022137EA0122301308
B1406344730313N01022133EA0122101305
B1406354730313N01022130EA0121901304
B1406364730313N01022126EA0121601301
B1406374730313N01022122EA0121401299
B1406384730314N01022118EA0121301296
B1406394730313N01022114EA0121101293
B1406404730313N01022109EA0120901292
B1406414730313N01022104EA0120701290
B1406424730312N01022099EA0120701291
B1406434730311N01022094EA0120701291
B1406444730311N01022090EA0120701292
B1406454730311N01022086EA0120601291
B1406464730311N01022082EA0120601289
B1406474730311N01022079EA0120501287
B1406484730309N01022077EA0120401282
B1406494730308N01022074EA0120301278
B1406504730306N01022071EA0120201276
B1406514730305N01022067EA0120201273
B1406524730303N01022064EA0120101271
B1406534730301N01022060EA0119901270
B1406544730299N01022056EA0119801268
B1406554730298N01022053EA0119601269
B1406564730297N01022049EA0119501270
B1406574730295N01022045EA0119501269
B1406584730294N01022040EA0119401268
B1406594730293N01022037EA0119401268
B1407004730292N01022034EA0119401267
B1407014730292N01022030EA0119401265
B1407024730292N01022025EA0119301265
B1407034730290N01022022EA0119301265
B1407044730290N01022019EA0119201265
B1407054730289N01022015EA0119101264
B1407064730288N01022011EA0119001263
B1407074730287N01022006EA0119001263
B1407084730286N01022003EA0119001261
B1407094730284N01021999EA0119001262
B1407104730283N01021996EA0119001261
B1407114730282N01021992EA0119001260
B1407124730281N01021988EA0119001260
B1407134730280N01021984EA0119001262
B1407144730279N01021980EA0119001261
B1407154730278N01021977EA0119001263
B1407164730277N01021974EA0119001262
B1407174730276N01021971EA0118901262
B1407184730275N01021968EA0118801260
B1407194730274N01021964EA0118701258
B1407204730273N01021960EA0118701255
B1407214730272N01021956EA0118601253
B1407224730271N01021952EA0118301250
B1407234730270N01021948EA0118101248
B1407244730270N01021943EA0117901246
B1407254730269N01021938EA0117801246
B1407264730267N01021933EA0117601243
B1407274730265N01021929EA0117601248
B1407284730264N01021925EA0117601249
B1407294730263N01021922EA0117501248
B1407304730262N01021919EA0117401247
B1407314730260N01021916EA0117101244
B1407324730258N01021912EA0116801243
B1407334730256N01021909EA0116701240
B1407344730254N01021906EA0116601240
B1407354730252N01021903EA0116401238
B1407364730251N01021900EA0116201237
B1407374730250N01021897EA0116001235
B1407384730249N01021896EA0115801234
B1407394730248N01021893EA0115401233
B1407404730248N01021889EA0115201231
B1407414730248N01021885EA0115001230
B1407424730248N01021881EA0115001230
B1407434730248N01021879EA0114901229
B1407444730248N01021877EA0114701227
B1407454730249N01021875EA0114501223
B1407464730249N01021872EA0114201220
B1407474730249N01021869EA0113801218
B1407484730249N01021865EA0113601214
B1407494730249N01021859EA0113301212
B1407504730251N01021855EA0113201205
B1407514730252N01021850EA0113101205
B1407524730254N01021846EA0113101205
B1407534730256N01021842EA0113101207
B1407544730258N01021839EA0113201206
B1407554730260N01021837EA0113101204
B1407564730261N01021833EA0113001201
B1407574730263N01021828EA0112901199
B1407584730264N01021823EA0112801198
B1407594730265N01021818EA0112701198
B1408004730265N01021814EA0112701197
B1408014730266N01021809EA0112501197
B1408024730267N01021805EA0112501195
B1408034730268N01021800EA0112601194
B1408044730269N01021796EA0112501194
B1408054730270N01021792EA0112601195
B1408064730271N01021787EA0112701197
B1408074730272N01021784EA0112701197
B1408084730273N01021780EA0112601198
B1408094730274N01021774EA0112401196
B1408104730274N01021768EA0112301196
B1408114730273N01021762EA0112301195
B1408124730273N01021756EA0112401195
B1408134730273N01021751EA0112201195
B1408144730273N01021747EA0112001194
B1408154730273N01021742EA0111801193
B1408164730273N01021737EA0111601191
B1408174730272N01021732EA0111501191
B1408184730271N01021728EA0111301188
B1408194730270N01021723EA0111201187
B1408204730268N01021718EA0111101184
B1408214730267N01021713EA0111001183
B1408224730266N01021708EA0111001183
B1408234730265N01021702EA0111201183
B1408244730264N01021697EA0111401186
B1408254730263N01021692EA0111601190
B1408264730262N01021688EA0111601194
B1408274730261N01021683EA0111701192
B1408284730260N01021679EA0111801190
B1408294730260N01021675EA0111901192
B1408304730261N01021670EA0112001196
B1408314730260N01021666EA0112201198
B1408324730261N01021661EA0112401202
B1408334730261N01021656EA0112601205
B1408344730261N01021652EA0112801207
B1408354730260N01021648EA0112901208
B1408364730261N01021643EA0113001209
B1408374730260N01021638EA0113101210
B1408384730260N01021633EA0113301211
B1408394730259N01021628EA0113401212
B1408404730258N01021622EA0113501215
B1408414730258N01021616EA0113701217
B1408424730258N01021611EA0113801219
B1408434730258N01021606EA0113901220
B1408444730257N01021601EA0114101222
B1408454730256N01021596EA0114201225
B1408464730255N01021590EA0114401228
B1408474730255N01021585EA0114501231
B1408484730254N01021580EA0114801233
B1408494730255N01021575EA0115001236
B1408504730254N01021570EA0115101238
B1408514730254N01021565EA0115301240
B1408524730253N01021559EA0115501240
B1408534730253N01021554EA0115701241
B1408544730252N01021549EA0116001243
B1408554730252N01021545EA0116101244
B1408564730251N01021540EA0116301246
B1408574730249N01021534EA0116401247
B1408584730247N01021528EA0116601250
B1408594730245N01021523EA0116801252
B1409004730243N01021518EA0117101256
B1409014730240N01021514EA0117301258
B1409024730238N01021510EA0117601260
B1409034730236N01021505EA0117801262
B1409044730235N01021501EA0118101263
B1409054730234N01021497EA0118101264
B1409064730233N01021494EA0118201264
B1409074730233N01021490EA0118201263
B1409084730232N01021485EA0118201261
B1409094730230N01021480EA0118201261
B1409104730229N01021475EA0118301262
B1409114730227N01021470EA0118401261
B1409124730226N01021466EA0118501263
B1409134730224N01021461EA0118601263
B1409144730223N01021457EA0118701264
B1409154730221N01021453EA0118801265
B1409164730220N01021450EA0118801265
B1409174730218N01021448EA0118701266
B1409184730217N01021445EA0118501264
B1409194730215N01021440EA0118401262
B1409204730214N01021436EA0118301262
B1409214730214N01021432EA0118101262
B1409224730214N01021428EA0118001261
B1409234730213N01021423EA0117901258
B1409244730211N01021418EA0117701259
B1409254730210N01021413EA0117601258
B1409264730208N01021408EA0117401254
B1409274730207N01021402EA0117301252
B1409284730206N01021396EA0117201250
B1409294730204N01021389EA0117201247
B1409304730203N01021382EA0117201247
B1409314730201N01021374EA0117101249
B1409324730197N01021366EA0117001243
B1409334730193N01021358EA0116901238
B1409344730189N01021351EA0116601235
B1409354730186N01021343EA0116301230
B1409364730183N01021335EA0116101227
B1409374730181N01021327EA0115901227
B1409384730180N01021318EA0116001229
B1409394730178N01021310EA0116001230
B1409404730176N01021303EA0115901231
B1409414730174N01021297EA0115801231
B1409424730172N01021291EA0115801230
B1409434730170N01021285EA0115701229
B1409444730168N01021278EA0115501227
B1409454730165N01021271EA0115301225
B1409464730163N01021264EA0115401223
B1409474730162N01021257EA0115301225
B1409484730160N01021250EA0115401225
B1409494730159N01021243EA0115301224
B1409504730157N01021236EA0115301225
B1409514730156N01021229EA0115401226
B1409524730155N01021223EA0115501228
B1409534730153N01021218EA0115601229
B1409544730151N01021214EA0115501227
B1409554730150N01021209EA0115401226
B1409564730148N01021203EA0115401226
B1409574730147N01021198EA0115301226
B1409584730145N01021193EA0115201225
B1409594730144N01021188EA0115101225
B1410004730142N01021183EA0114901224
B1410014730141N01021178EA0114601223
B1410024730141N01021173EA0114401219
B1410034730141N01021168EA0114401219
B1410044730143N01021163EA0114401221
B1410054730143N01021160EA0114501221
B1410064730144N01021156EA0114601220
B1410074730143N01021153EA0114501218
B1410084730143N01021148EA0114401218
B1410094730143N01021142EA0114301219
B1410104730143N01021137EA0114401222
B1410114730142N01021131EA0114501223
B1410124730142N01021127EA0114601224
B1410134730142N01021123EA0114501222
B1410144730142N01021120EA0114501222
B1410154730142N01021116EA0114401221
B1410164730142N01021111EA0114401221
B1410174730142N01021107EA0114501222
B1410184730143N01021104EA0114501222
B1410194730143N01021101EA0114501221
B1410204730144N01021098EA0114401221
B1410214730144N01021095EA0114301219
B1410224730144N01021091EA0114201220
B1410234730144N01021087EA0114201219
B1410244730144N01021082EA0114201219
B1410254730144N01021078EA0114301217
B1410264730144N01021074EA0114301219
B1410274730145N01021070EA0114401220
B1410284730146N01021067EA0114401222
B1410294730146N01021063EA0114401223
B1410304730146N01021059EA0114301225
B1410314730146N01021055EA0114301224
B1410324730146N01021050EA0114201224
B1410334730147N01021045EA0114301227
B1410344730147N01021040EA0114401226
B1410354730147N01021037EA0114501227
B1410364730148N01021033EA0114401227
B1410374730148N01021030EA0114201227
B1410384730148N01021026EA0113801224
B1410394730148N01021021EA0113501223
B1410404730148N01021017EA0113301222
B1410414730149N01021013EA0113101219
B1410424730149N01021009EA0112801218
B1410434730149N01021005EA0112501217
B1410444730149N01021002EA0112301215
B1410454730149N01020998EA0112001213
B1410464730150N01020994EA0111801212
B1410474730151N01020992EA0111601208
B1410484730151N01020988EA0111201201
B1410494730153N01020986EA0110701189
B1410504730154N01020983EA0110201184
B1410514730154N01020978EA0109901179
B1410524730155N01020972EA0109601177
B1410534730156N01020968EA0109501175
B1410544730157N01020966EA0109501172
B1410554730158N01020964EA0109401171
B1410564730159N01020963EA0109101168
B1410574730162N01020961EA0108701166
B1410584730163N01020956EA0108401163
B1410594730164N01020952EA0108201160
B1411004730164N01020947EA0108001158
B1411014730164N01020943EA0107901156
B1411024730164N01020939EA0107601153
B1411034730165N01020934EA0107401151
B1411044730165N01020929EA0107201150
B1411054730165N01020925EA0107001149
B1411064730165N01020921EA0106701147
B1411074730165N01020916EA0106701144
B1411084730166N01020912EA0106501143
B1411094730167N01020910EA0106301140
B1411104730168N01020907EA0106001139
B1411114730170N01020905EA0106001137
B1411124730172N01020902EA0105901137
B1411134730173N01020900EA0105801137
B1411144730175N01020899EA0105801136
B1411154730176N01020898EA0105701136
B1411164730178N01020897EA0105401135
B1411174730180N01020894EA0105201134
B1411184730182N01020890EA0105001132
B1411194730185N01020888EA0104901130
B1411204730185N01020883EA0104801132
B1411214730186N01020880EA0104801134
B1411224730188N01020877EA0104901134
B1411234730191N01020872EA0104701136
B1411244730192N01020867EA0104501131
B1411254730195N01020862EA0104501131
B1411264730196N01020857EA0104401130
B1411274730197N01020853EA0104301129
B1411284730198N01020849EA0104201126
B1411294730198N01020843EA0103901119
B1411304730200N01020837EA0103501115
B1411314730202N01020833EA0103201111
B1411324730203N01020827EA0103101109
B1411334730204N01020823EA0102901106
B1411344730205N01020818EA0102701104
B1411354730205N01020812EA0102401101
B1411364730206N01020806EA0102201098
B1411374730207N01020801EA0102101096
B1411384730207N01020795EA0101801094
B1411394730208N01020791EA0101701092
B1411404730208N01020786EA0101401089
B1411414730209N01020782EA0101201086
B1411424730210N01020777EA0101101086
B1411434730211N01020772EA0101101085
B1411444730210N01020767EA0101001083
B1411454730210N01020763EA0100801082
B1411464730209N01020759EA0100601079
B1411474730208N01020753EA0100401076
B1411484730208N01020747EA0100301075
B1411494730208N01020740EA0100201074
B1411504730208N01020734EA0100101074
B1411514730208N01020728EA0100101073
B1411524730208N01020722EA0100001072
B1411534730207N01020716EA0099801071
B1411544730207N01020710EA0099801069
B1411554730206N01020703EA0099701069
B1411564730206N01020699EA0099501068
B1411574730207N01020696EA0099401067
B1411584730206N01020693EA0099101063
B1411594730206N01020689EA0098701059
B1412004730206N01020684EA0098401056
B1412014730206N01020679EA0098201055
B1412024730206N01020675EA0098001051
B1412034730207N01020670EA0097801051
B1412044730207N01020666EA0097601048
B1412054730207N01020663EA0097401048
B1412064730207N01020659EA0097301047
B1412074730208N01020654EA0097301046
B1412084730208N01020650EA0097201045
B1412094730208N01020646EA0097201045
B1412104730208N01020641EA0097001046
B1412114730207N01020637EA0096901044
B1412124730206N01020632EA0096801044
B1412134730206N01020628EA0096701044
B1412144730206N01020623EA0096401042
B1412154730206N01020619EA0096301041
B1412164730206N01020615EA0096101037
B1412174730206N01020610EA0095901036
B1412184730206N01020605EA0095601034
B1412194730206N01020600EA0095501034
B1412204730206N01020596EA0095601035
B1412214730205N01020592EA0095601036
B1412224730204N01020590EA0095501037
B1412234730203N01020588EA0095301033
B1412244730202N01020586EA0095001028
B1412254730201N01020582EA0094701023
B1412264730201N01020577EA0094401021
B1412274730201N01020572EA0094401021
B1412284730201N01020568EA0094401021
B1412294730201N01020564EA0094401020
B1412304730200N01020561EA0094201019
B1412314730200N01020558EA0094101016
B1412324730200N01020554EA0093901014
B1412334730199N01020550EA0093801011
B1412344730199N01020546EA0093601009
B1412354730199N01020542EA0093401008
B1412364730200N01020539EA0093101007
B1412374730200N01020535EA0092901004
B1412384730201N01020531EA0092601001
B1412394730201N01020526EA0092301000
B1412404730201N01020521EA0092300999
B1412414730202N01020516EA0092400999
B1412424730203N01020512EA0092400999
B1412434730203N01020508EA0092300999
B1412444730203N01020503EA0092401000
B1412454730201N01020499EA0092401000
B1412464730200N01020494EA0092201001
B1412474730199N01020490EA0092100999
B1412484730198N01020485EA0092000998
B1412494730198N01020481EA0091800998
B1412504730199N01020476EA0091700997
B1412514730200N01020471EA0091800996
B1412524730201N01020466EA0091800994
B1412534730202N01020461EA0092000993
B1412544730203N01020455EA0092000993
B1412554730205N01020449EA0092100993
B1412564730206N01020444EA0092200994
B1412574730208N01020439EA0092200994
B1412584730209N01020434EA0092200995
B1412594730210N01020428EA0092200995
B1413004730210N01020422EA0092100994
B1413014730210N01020416EA0092100994
B1413024730209N01020409EA0092400998
B1413034730208N01020405EA0092701001
B1413044730208N01020402EA0092801002
B1413054730208N01020399EA0092901002
B1413064730208N01020396EA0092901001
B1413074730207N01020392EA0092801002
B1413084730208N01020388EA0092801002
B1413094730208N01020384EA0092901002
B1413104730208N01020379EA0093001004
B1413114730207N01020374EA0093001006
B1413124730207N01020369EA0093101006
B1413134730206N01020365EA0093001005
B1413144730205N01020360EA0092801004
B1413154730205N01020354EA0092601004
B1413164730204N01020348EA0092501003
B1413174730204N01020342EA0092501003
B1413184730204N01020338EA0092401001
B1413194730205N01020333EA0092401000
B1413204730207N01020329EA0092100997
B1413214730209N01020323EA0092000995
B1413224730210N01020318EA0091800994
B1413234730210N01020314EA0091600991
B1413244730209N01020310EA0091300989
B1413254730209N01020307EA0091100986
B1413264730208N01020305EA0090600981
B1413274730209N01020303EA0090000975
B1413284730208N01020301EA0089600971
B1413294730208N01020298EA0089100967
B1413304730209N01020295EA0088600962
B1413314730210N01020290EA0088300956
B1413324730211N01020286EA0088000952
B1413334730211N01020282EA0087700948
B1413344730212N01020277EA0087500946
B1413354730212N01020272EA0087300944
B1413364730212N01020268EA0087200942
B1413374730213N01020263EA0087000941
B1413384730213N01020259EA0086800939
B1413394730214N01020255EA0086600937
B1413404730214N01020251EA0086400935
B1413414730214N01020247EA0086200933
B1413424730215N01020244EA0086000931
B1413434730217N01020241EA0085900931
B1413444730219N01020237EA0085900931
B1413454730220N01020233EA0086000931
B1413464730221N01020231EA0086100931
B1413474730221N01020228EA0086000930
B1413484730222N01020225EA0086000929
B1413494730222N01020221EA0085800927
B1413504730223N01020217EA0085600925
B1413514730224N01020213EA0085500925
B1413524730224N01020209EA0085400924
B1413534730225N01020206EA0085100922
B1413544730227N01020203EA0084900918
B1413554730228N01020200EA0084600917
B1413564730228N01020197EA0084500915
B1413574730228N01020194EA0084300913
B1413584730228N01020191EA0084200912
B1413594730228N01020188EA0084200911
B1414004730229N01020186EA0084000911
B1414014730229N01020184EA0083800907
B1414024730228N01020182EA0083600903
B1414034730228N01020180EA0083300901
B1414044730227N01020177EA0083200901
B1414054730225N01020175EA0083200901
B1414064730224N01020174EA0082900898
B1414074730222N01020174EA0082700897
B1414084730220N01020173EA0082400894
B1414094730218N01020171EA0081900890
B1414104730216N01020168EA0081600888
B1414114730214N01020165EA0081200885
B1414124730211N01020162EA0080900883
B1414134730209N01020158EA0080400880
B1414144730208N01020155EA0079800877
B1414154730205N01020150EA0079600873
B1414164730204N01020146EA0079200870
B1414174730203N01020143EA0079000867
B1414184730201N01020139EA0078600865
B1414194730200N01020135EA0078500862
B1414204730198N01020132EA0078000858
B1414214730196N01020128EA0077800855
B1414224730194N01020126EA0077600850
B1414234730192N01020123EA0077200847
B1414244730189N01020119EA0077000848
B1414254730188N01020117EA0076900845
B1414264730186N01020113EA0076800844
B1414274730184N01020111EA0076500840
B1414284730183N01020109EA0076400837
B1414294730181N01020105EA0076100837
B1414304730179N01020101EA0075800835
B1414314730177N01020099EA0075700834
B1414324730176N01020095EA0075600833
B1414334730175N01020091EA0075500834
B1414344730175N01020089EA0075300832
B1414354730174N01020085EA0075100832
B1414364730173N01020083EA0074900829
B1414374730172N01020081EA0074700828
B1414384730171N01020079EA0074400825
B1414394730171N01020076EA0074100822
B1414404730170N01020071EA0073900825
B1414414730170N01020069EA0073800823
B1414424730169N01020066EA0073700824
B1414434730170N01020063EA0073600823
B1414444730170N01020061EA0073400820
B1414454730171N01020059EA0073200817
B1414464730171N01020054EA0072700817
B1414474730174N01020051EA0072600815
B1414484730175N01020048EA0072800814
B1414494730176N01020045EA0072800813
B1414504730177N01020045EA0072800812
B1414514730177N01020045EA0072800812
B1414524730177N01020045EA0072800811
B1414534730177N01020045EA0072800810
B1414544730178N01020046EA0072800809
B1414554730178N01020046EA0072800808
B1414564730178N01020046EA0072800807
B1414574730178N01020046EA0072800807
B1414584730178N01020047EA0072800807
B1414594730178N01020047EA0072800807
B1415004730178N01020047EA0072800807
B1415014730177N01020046EA0072800807
B1415024730177N01020046EA0072800807
B1415034730177N01020046EA0072800807
B1415044730177N01020046EA0072800807
B1415054730177N01020046EA0072800807
B1415064730177N01020046EA0072900807
B1415074730177N01020046EA0072900807
B1415084730177N01020046EA0072900807
B1415094730178N01020046EA0072900806
B1415104730178N01020046EA0072900806
B1415114730178N01020046EA0072900806
B1415124730178N01020046EA0072900806
B1415134730178N01020046EA0072800805
B1415144730178N01020046EA0072800805
B1415154730178N01020046EA0072800805
B1415164730178N01020046EA0072800805
B1415174730178N01020046EA0072800804
B1415184730178N01020046EA0072800804
B1415194730178N01020046EA0072800804
B1415204730178N01020047EA0072800803
B1415214730178N01020047EA0072800803
B1415224730178N01020047EA0072800803
B1415234730178N01020046EA0072800803
B1415244730179N01020046EA0072800802
B1415254730179N01020046EA0072800802
B1415264730179N01020046EA0072800802
B1415274730179N01020046EA0072800802
B1415284730179N01020046EA0072800802
B1415294730179N01020046EA0072800802
B1415304730179N01020046EA0072800801
B1415314730179N01020046EA0072800801
B1415324730179N01020046EA0072800801
B1415334730179N01020046EA0072800801
B1415344730179N01020047EA0072800801
B1415354730179N01020047EA0072800801
B1415364730180N01020046EA0072800800
B1415374730179N01020045EA0072800800
B1415384730179N01020044EA0072800800
B1415394730179N01020044EA0072800800
B1415404730179N01020044EA0072800800
B1415414730179N01020043EA0072800800
B1415424730179N01020043EA0072800800
B1415434730180N01020043EA0072800799
B1415444730180N01020043EA0072800799
B1415454730180N01020042EA0072800799
B1415464730180N01020042EA0072800799
B1415474730180N01020042EA0072800799
B1415484730180N01020042EA0072800799
B1415494730180N01020042EA0072800799
B1415504730181N01020042EA0072900799
B1415514730180N01020043EA0072900799
B1415524730180N01020043EA0072900799
B1415534730180N01020043EA0072800799
B1415544730180N01020044EA0072800799
B1415554730180N01020044EA0072800798
B1415564730180N01020045EA0072800798
B1415574730180N01020045EA0072800798
B1415584730180N01020046EA0072800798
B1415594730180N01020047EA0072800798
B1416004730180N01020047EA0072800799
B1416014730180N01020047EA0072800799
B1416024730180N01020046EA0072800798
B1416034730181N01020046EA0072800798
B1416044730181N01020046EA0072800799
B1416054730181N01020045EA0072800799
B1416064730181N01020045EA0072800799
B1416074730181N01020045EA0072800800
B1416084730181N01020045EA0072800800
B1416094730181N01020045EA0072800799
B1416104730181N01020045EA0072800799
B1416114730181N01020045EA0072800798
B1416124730181N01020045EA0072800798
B1416134730181N01020045EA0072800798
B1416144730181N01020044EA0072800798
B1416154730181N01020044EA0072800798
B1416164730180N01020044EA0072800799
B1416174730180N01020045EA0072800799
B1416184730181N01020045EA0072800798
B1416194730181N01020045EA0072800798
B1416204730181N01020045EA0072800798
B1416214730181N01020045EA0072800798
B1416224730182N01020045EA0072800798
B1416234730182N01020045EA0072800798
B1416244730182N01020044EA0072900798
B1416254730183N01020043EA0072900798
B1416264730183N01020043EA0072900797
B1416274730183N01020043EA0072900797
B1416284730183N01020042EA0072900798
B1416294730184N01020042EA0072900798
B1416304730184N01020041EA0072900798
B1416314730184N01020040EA0072900798
B1416324730184N01020040EA0072900798
B1416334730185N01020039EA0072900798
B1416344730185N01020039EA0073000798
B1416354730185N01020038EA0073000798
B1416364730185N01020037EA0073000798
B1416374730185N01020036EA0073000799
B1416384730186N01020036EA0073000799
B1416394730186N01020035EA0073000799
B1416404730186N01020034EA0073000799
B1416414730186N01020034EA0073000799
B1416424730186N01020033EA0073000800
B1416434730186N01020032EA0073100800
B1416444730186N01020032EA0073100800
B1416454730186N01020031EA0073100801
B1416464730186N01020030EA0073100801
B1416474730186N01020029EA0073100801
B1416484730186N01020029EA0073100801
B1416494730186N01020028EA0073100801
B1416504730186N01020027EA0073100801
B1416514730186N01020026EA0073100801
B1416524730186N01020025EA0073100801
B1416534730186N01020024EA0073100802
B1416544730186N01020024EA0073100802
B1416554730185N01020023EA0073100802
B1416564730186N01020022EA0073100802
B1416574730185N01020022EA0073200803
B1416584730186N01020021EA0073100803
B1416594730186N01020020EA0073200803
B1417004730186N01020019EA0073200803
B1417014730186N01020018EA0073200803
B1417024730186N01020018EA0073200803
B1417034730186N01020017EA0073200803
B1417044730186N01020016EA0073200803
B1417054730186N01020016EA0073200803
B1417064730186N01020015EA0073200803
B1417074730186N01020015EA0073200802
B1417084730187N01020014EA0073200803
B1417094730186N01020013EA0073200802
B1417104730186N01020012EA0073200802
B1417114730186N01020012EA0073200802
B1417124730186N01020011EA0073200802
B1417134730186N01020010EA0073300802
B1417144730186N01020010EA0073300802
B1417154730187N01020009EA0073300803
B1417164730187N01020008EA0073300803
B1417174730187N01020008EA0073300802
B1417184730187N01020007EA0073300803
B1417194730187N01020006EA0073300802
B1417204730187N01020005EA0073300802
B1417214730187N01020005EA0073400803
B1417224730187N01020004EA0073300803
B1417234730187N01020003EA0073400803
B1417244730187N01020003EA0073400804
B1417254730187N01020002EA0073400804
B1417264730187N01020001EA0073400803
B1417274730187N01020000EA0073400803
B1417284730187N01020000EA0073400803
B1417294730187N01019999EA0073400804
B1417304730187N01019998EA0073500804
B1417314730187N01019998EA0073500803
B1417324730187N01019997EA0073500803
B1417334730187N01019996EA0073500804
B1417344730187N01019995EA0073500803
B1417354730187N01019995EA0073500803
B1417364730187N01019994EA0073500803
B1417374730187N01019993EA0073500804
B1417384730188N01019993EA0073600804
B1417394730188N01019992EA0073600804
B1417404730188N01019992EA0073600805
B1417414730188N01019993EA0073600805
B1417424730189N01019993EA0073600805
B1417434730189N01019993EA0073600805
B1417444730189N01019992EA0073600805
B1417454730189N01019992EA0073600805
B1417464730189N01019992EA0073600805
B1417474730189N01019992EA0073600805
B1417484730189N01019992EA0073600805
B1417494730189N01019992EA0073600806
B1417504730189N01019992EA0073600806
B1417514730189N01019992EA0073600805
B1417524730189N01019992EA0073600805
B1417534730189N01019992EA0073600806
B1417544730189N01019992EA0073600806
B1417554730189N01019992EA0073600806
B1417564730189N01019992EA0073600807
B1417574730189N01019992EA0073600807
B1417584730189N01019992EA0073500807
B1417594730189N01019992EA0073500808
B1418004730189N01019992EA0073600808
B1418014730189N01019992EA0073600808
B1418024730189N01019992EA0073600809
B1418034730189N01019992EA0073600809
B1418044730188N01019992EA0073600810
B1418054730189N01019992EA0073600810
B1418064730189N01019992EA0073600810
B1418074730189N01019992EA0073600810
B1418084730189N01019992EA0073600810
B1418094730189N01019992EA0073600810
B1418104730189N01019992EA0073600809
B1418114730189N01019992EA0073600809
B1418124730189N01019992EA0073600809
B1418134730189N01019992EA0073600809
B1418144730189N01019992EA0073600809
B1418154730189N01019992EA0073600807
B1418164730189N01019992EA0073600809
B1418174730189N01019991EA0073600809
B1418184730189N01019990EA0073600809
B1418194730189N01019990EA0073600809
B1418204730189N01019989EA0073600809
B1418214730189N01019988EA0073600809
B1418224730188N01019988EA0073600809
B1418234730189N01019987EA0073700809
B1418244730189N01019986EA0073700809
B1418254730189N01019985EA0073700809
B1418264730189N01019985EA0073700809
B1418274730189N01019984EA0073700809
B1418284730189N01019984EA0073700809
B1418294730190N01019983EA0073700808
B1418304730190N01019983EA0073700809
B1418314730191N01019982EA0073700808
B1418324730191N01019982EA0073700808
B1418334730191N01019981EA0073800808
B1418344730191N01019980EA0073800809
B1418354730192N01019980EA0073800808
B1418364730192N01019979EA0073800808
B1418374730192N01019979EA0073800808
B1418384730193N01019978EA0073800808
B1418394730193N01019978EA0073800809
B1418404730192N01019977EA0073800812
B1418414730192N01019978EA0073800812
B1418424730192N01019978EA0073800811
B1418434730192N01019978EA0073800811
B1418444730193N01019978EA0073800811
B1418454730193N01019977EA0073800811
B1418464730193N01019977EA0073800811
B1418474730193N01019978EA0073800811
B1418484730193N01019978EA0073800811
B1418494730193N01019978EA0073800811
B1418504730193N01019978EA0073800812
B1418514730193N01019978EA0073800812
B1418524730193N01019978EA0073800812
B1418534730193N01019978EA0073800812
B1418544730193N01019978EA0073800812
B1418554730193N01019978EA0073800811
B1418564730193N01019978EA0073800811
B1418574730193N01019978EA0073800811
B1418584730193N01019978EA0073800812
B1418594730194N01019978EA0073800812
B1419004730194N01019977EA0073800812
B1419014730194N01019978EA0073800812
B1419024730194N01019978EA0073800811
B1419034730194N01019978EA0073800811
B1419044730194N01019978EA0073800810
B1419054730194N01019978EA0073800810
B1419064730194N01019978EA0073800810
B1419074730194N01019977EA0073900811
B1419084730194N01019977EA0073900810
B1419094730194N01019977EA0073800810
B1419104730195N01019977EA0073800810
B1419114730194N01019977EA0073800810
B1419124730195N01019977EA0073800810
GB8694FED99A68DCC3FD7AAA203EED508F2BD8E944491C32C4D97CCA2CE42C0CB
